Driver,DriverNumber,Team,EventName,Year,Location,GridPosition,FinishingPosition,BestPosition,WorstPosition,AvgPosition,PositionStdDev,PositionsGained,LapsLed,PitStops,LapsCompleted,DNF
GAS,10,Racing Bulls,Australian Grand Prix,2018,Melbourne,17.0,16.0,16.0,17.0,16.444444444444443,0.5270462766947299,1.0,0,0,13,True
PER,11,Aston Martin,Australian Grand Prix,2018,Melbourne,12.0,11.0,10.0,12.0,11.340909090909092,0.5257633130133581,1.0,0,0,57,False
ALO,14,McLaren,Australian Grand Prix,2018,Melbourne,10.0,5.0,5.0,10.0,6.954545454545454,2.4204030555620704,5.0,0,0,57,False
LEC,16,Kick Sauber,Australian Grand Prix,2018,Melbourne,18.0,13.0,13.0,18.0,14.452380952380953,1.940610677739141,5.0,0,0,57,False
STR,18,Williams,Australian Grand Prix,2018,Melbourne,14.0,14.0,14.0,15.0,14.318181818181818,0.4711552981879445,0.0,0,0,57,False
VAN,2,McLaren,Australian Grand Prix,2018,Melbourne,11.0,9.0,8.0,11.0,9.627906976744185,1.0695627903817586,2.0,0,0,57,False
MAG,20,Haas,Australian Grand Prix,2018,Melbourne,4.0,4.0,4.0,4.0,4.0,0.0,0.0,0,0,21,True
HUL,27,Alpine,Australian Grand Prix,2018,Melbourne,7.0,7.0,6.0,8.0,7.0227272727272725,0.2631328573824438,0.0,0,0,57,False
HAR,28,Racing Bulls,Australian Grand Prix,2018,Melbourne,,15.0,15.0,20.0,15.975,1.4586171884919301,,0,0,56,False
RIC,3,Red Bull Racing,Australian Grand Prix,2018,Melbourne,8.0,4.0,4.0,8.0,5.0227272727272725,1.3722945707851293,4.0,0,0,57,False
OCO,31,Aston Martin,Australian Grand Prix,2018,Melbourne,13.0,12.0,12.0,14.0,12.659090909090908,0.8877246016009279,1.0,0,0,57,False
VER,33,Red Bull Racing,Australian Grand Prix,2018,Melbourne,5.0,6.0,5.0,8.0,6.333333333333333,1.0040568117894588,-1.0,0,0,57,False
SIR,35,Williams,Australian Grand Prix,2018,Melbourne,19.0,19.0,19.0,19.0,19.0,0.0,0.0,0,0,4,True
HAM,44,Mercedes,Australian Grand Prix,2018,Melbourne,1.0,2.0,1.0,2.0,1.6590909090909092,0.4794949774542017,-1.0,15,0,57,False
VET,5,Ferrari,Australian Grand Prix,2018,Melbourne,3.0,1.0,1.0,3.0,1.6304347826086956,0.9275701986534237,2.0,31,0,57,False
SAI,55,Alpine,Australian Grand Prix,2018,Melbourne,9.0,10.0,8.0,10.0,9.581395348837209,0.5447829685617882,-1.0,0,0,57,False
RAI,7,Ferrari,Australian Grand Prix,2018,Melbourne,2.0,3.0,2.0,3.0,2.6744186046511627,0.47413732351544274,-1.0,0,0,57,False
BOT,77,Mercedes,Australian Grand Prix,2018,Melbourne,15.0,8.0,8.0,15.0,10.227272727272727,2.6577104709027046,7.0,0,0,57,False
GRO,8,Haas,Australian Grand Prix,2018,Melbourne,6.0,4.0,4.0,6.0,5.277777777777778,0.5745131499601416,2.0,0,0,22,True
ERI,9,Kick Sauber,Australian Grand Prix,2018,Melbourne,16.0,16.0,16.0,16.0,16.0,0.0,0.0,0,0,4,True
GAS,10,Racing Bulls,Bahrain Grand Prix,2018,Sakhir,,4.0,4.0,8.0,4.833333333333333,0.9348709749678821,,0,0,56,False
PER,11,Aston Martin,Bahrain Grand Prix,2018,Sakhir,,12.0,11.0,18.0,14.261904761904763,2.0249603887667362,,0,0,55,False
ALO,14,McLaren,Bahrain Grand Prix,2018,Sakhir,,7.0,5.0,14.0,7.785714285714286,1.8549303357599842,,0,0,55,False
LEC,16,Kick Sauber,Bahrain Grand Prix,2018,Sakhir,,15.0,14.0,18.0,15.75,1.1023231282476873,,0,0,55,False
STR,18,Williams,Bahrain Grand Prix,2018,Sakhir,,14.0,8.0,16.0,12.166666666666666,2.196634528553287,,0,0,55,False
VAN,2,McLaren,Bahrain Grand Prix,2018,Sakhir,,8.0,8.0,18.0,11.380952380952381,2.836627858467377,,0,0,55,False
MAG,20,Haas,Bahrain Grand Prix,2018,Sakhir,,5.0,5.0,14.0,6.72093023255814,2.0038722204694075,,0,0,56,False
HUL,27,Alpine,Bahrain Grand Prix,2018,Sakhir,,6.0,4.0,11.0,6.488372093023256,1.4698897435693186,,0,0,56,False
HAR,28,Racing Bulls,Bahrain Grand Prix,2018,Sakhir,,13.0,5.0,18.0,11.825,3.507409738955954,,0,0,55,False
OCO,31,Aston Martin,Bahrain Grand Prix,2018,Sakhir,,10.0,8.0,16.0,11.121951219512194,2.1470342562616405,,0,0,55,False
SIR,35,Williams,Bahrain Grand Prix,2018,Sakhir,,17.0,12.0,18.0,16.333333333333332,1.6772024714032892,,0,0,55,False
HAM,44,Mercedes,Bahrain Grand Prix,2018,Sakhir,,3.0,1.0,5.0,3.1555555555555554,0.9524025971566369,,5,0,56,False
VET,5,Ferrari,Bahrain Grand Prix,2018,Sakhir,,1.0,1.0,3.0,1.1590909090909092,0.42825670513936936,,38,0,56,False
SAI,55,Alpine,Bahrain Grand Prix,2018,Sakhir,,11.0,8.0,18.0,12.619047619047619,2.5466609506719022,,0,0,55,False
RAI,7,Ferrari,Bahrain Grand Prix,2018,Sakhir,,3.0,3.0,4.0,3.260869565217391,0.4489777585448795,,0,0,33,True
BOT,77,Mercedes,Bahrain Grand Prix,2018,Sakhir,,2.0,1.0,3.0,2.0454545454545454,0.3707030062139606,,2,0,56,False
GRO,8,Haas,Bahrain Grand Prix,2018,Sakhir,,16.0,7.0,18.0,13.135135135135135,2.719907700253429,,0,0,55,False
ERI,9,Kick Sauber,Bahrain Grand Prix,2018,Sakhir,,9.0,6.0,16.0,8.976190476190476,2.363214999437339,,0,0,55,False
RIC,3,Red Bull Racing,Chinese Grand Prix,2018,Shanghai,6.0,1.0,1.0,6.0,4.369565217391305,2.1639336162766583,5.0,11,0,55,False
BOT,77,Mercedes,Chinese Grand Prix,2018,Shanghai,2.0,2.0,1.0,2.0,1.7608695652173914,0.43126597148888435,0.0,11,0,55,False
RAI,7,Ferrari,Chinese Grand Prix,2018,Shanghai,4.0,3.0,1.0,6.0,3.5652173913043477,1.4399409542376458,1.0,6,0,55,False
HAM,44,Mercedes,Chinese Grand Prix,2018,Shanghai,5.0,5.0,3.0,5.0,4.6521739130434785,0.6400483073556186,0.0,0,0,55,False
VER,33,Red Bull Racing,Chinese Grand Prix,2018,Shanghai,3.0,4.0,3.0,5.0,3.739130434782609,0.7128902863600216,-1.0,0,0,55,False
HUL,27,Alpine,Chinese Grand Prix,2018,Shanghai,7.0,6.0,6.0,13.0,7.630434782608695,1.8542287483500324,1.0,0,0,55,False
ALO,14,McLaren,Chinese Grand Prix,2018,Shanghai,11.0,7.0,7.0,11.0,8.97872340425532,1.3591775278698586,4.0,0,0,55,False
VET,5,Ferrari,Chinese Grand Prix,2018,Shanghai,1.0,8.0,1.0,8.0,3.0434782608695654,2.5206394403813084,-7.0,19,0,55,False
SAI,55,Alpine,Chinese Grand Prix,2018,Shanghai,8.0,9.0,8.0,16.0,9.869565217391305,1.9391715946326027,-1.0,0,0,55,False
MAG,20,Haas,Chinese Grand Prix,2018,Shanghai,10.0,10.0,6.0,10.0,8.630434782608695,1.2357399160408387,0.0,0,0,55,False
OCO,31,Aston Martin,Chinese Grand Prix,2018,Shanghai,13.0,12.0,11.0,18.0,12.652173913043478,1.8161912687373216,1.0,0,0,55,False
PER,11,Aston Martin,Chinese Grand Prix,2018,Shanghai,14.0,11.0,11.0,19.0,13.934782608695652,2.143747227149937,3.0,0,0,55,False
VAN,2,McLaren,Chinese Grand Prix,2018,Shanghai,16.0,13.0,10.0,16.0,13.577777777777778,1.7899833530065032,3.0,0,0,55,False
STR,18,Williams,Chinese Grand Prix,2018,Shanghai,12.0,14.0,9.0,17.0,13.044444444444444,2.2457591908827497,-2.0,0,0,55,False
SIR,35,Williams,Chinese Grand Prix,2018,Shanghai,15.0,16.0,11.0,17.0,15.0,1.8766297265136729,-1.0,0,0,55,False
ERI,9,Kick Sauber,Chinese Grand Prix,2018,Shanghai,20.0,17.0,15.0,20.0,18.06382978723404,1.3578156261973142,3.0,0,0,55,False
GRO,8,Haas,Chinese Grand Prix,2018,Shanghai,9.0,18.0,8.0,19.0,12.477272727272727,3.330539703199429,-9.0,0,0,55,False
GAS,10,Racing Bulls,Chinese Grand Prix,2018,Shanghai,19.0,15.0,15.0,19.0,16.847826086956523,1.5343097080424268,4.0,0,0,55,False
LEC,16,Kick Sauber,Chinese Grand Prix,2018,Shanghai,18.0,19.0,14.0,20.0,17.644444444444446,1.8727174658956722,-1.0,0,0,55,False
HAR,28,Racing Bulls,Chinese Grand Prix,2018,Shanghai,17.0,20.0,17.0,20.0,19.275,0.9054677216067919,-3.0,0,0,50,True
GAS,10,Racing Bulls,Azerbaijan Grand Prix,2018,Baku,,12.0,7.0,17.0,13.666666666666666,2.385855756810896,,0,0,50,False
PER,11,Aston Martin,Azerbaijan Grand Prix,2018,Baku,,5.0,5.0,15.0,8.586206896551724,2.612022223971719,,0,0,48,False
ALO,14,McLaren,Azerbaijan Grand Prix,2018,Baku,,8.0,8.0,17.0,11.9,1.881855284113215,,0,0,50,False
LEC,16,Kick Sauber,Azerbaijan Grand Prix,2018,Baku,,6.0,6.0,10.0,8.714285714285714,1.5600841111499193,,0,0,50,False
STR,18,Williams,Azerbaijan Grand Prix,2018,Baku,,7.0,7.0,12.0,9.678571428571429,1.6789231872789978,,0,0,50,False
VAN,2,McLaren,Azerbaijan Grand Prix,2018,Baku,,9.0,9.0,16.0,14.2,2.0615528128088303,,0,0,50,False
MAG,20,Haas,Azerbaijan Grand Prix,2018,Baku,,13.0,13.0,17.0,14.068965517241379,1.579580289705343,,0,0,50,False
HUL,27,Alpine,Azerbaijan Grand Prix,2018,Baku,,5.0,5.0,8.0,6.75,1.2583057392117916,,0,0,9,True
HAR,28,Racing Bulls,Azerbaijan Grand Prix,2018,Baku,,10.0,10.0,16.0,14.666666666666666,1.3008872711759818,,0,0,50,False
RIC,3,Red Bull Racing,Azerbaijan Grand Prix,2018,Baku,,5.0,4.0,7.0,5.222222222222222,0.6405126152203485,,0,0,39,True
VER,33,Red Bull Racing,Azerbaijan Grand Prix,2018,Baku,,4.0,4.0,6.0,4.3076923076923075,0.5491251783869153,,0,0,37,True
HAM,44,Mercedes,Azerbaijan Grand Prix,2018,Baku,,2.0,2.0,3.0,2.5714285714285716,0.5039526306789697,,0,0,48,False
VET,5,Ferrari,Azerbaijan Grand Prix,2018,Baku,,4.0,1.0,4.0,1.3928571428571428,0.6852566815265062,,19,0,48,False
SAI,55,Alpine,Azerbaijan Grand Prix,2018,Baku,,5.0,4.0,12.0,8.172413793103448,2.660141853323419,,0,0,50,False
RAI,7,Ferrari,Azerbaijan Grand Prix,2018,Baku,,3.0,3.0,11.0,6.866666666666666,1.907034768743193,,0,0,48,False
BOT,77,Mercedes,Azerbaijan Grand Prix,2018,Baku,,1.0,1.0,3.0,2.033333333333333,0.8502873077655143,,10,0,48,False
GRO,8,Haas,Azerbaijan Grand Prix,2018,Baku,,8.0,8.0,13.0,9.321428571428571,1.6113847605587086,,0,0,38,True
ERI,9,Kick Sauber,Azerbaijan Grand Prix,2018,Baku,,11.0,11.0,18.0,16.36,1.7530925056406275,,0,0,50,False
PER,11,Aston Martin,Spanish Grand Prix,2018,Barcelona,,9.0,9.0,15.0,11.26923076923077,1.8269806294022828,,0,0,63,False
ALO,14,McLaren,Spanish Grand Prix,2018,Barcelona,,8.0,8.0,16.0,9.634615384615385,1.9706557697619158,,0,0,64,False
LEC,16,Kick Sauber,Spanish Grand Prix,2018,Barcelona,,10.0,8.0,15.0,9.72549019607843,1.5630538234181062,,0,0,63,False
STR,18,Williams,Spanish Grand Prix,2018,Barcelona,,11.0,10.0,17.0,12.115384615384615,1.676291964763663,,0,0,63,False
VAN,2,McLaren,Spanish Grand Prix,2018,Barcelona,,13.0,7.0,14.0,11.794117647058824,2.637485163131681,,0,0,45,True
MAG,20,Haas,Spanish Grand Prix,2018,Barcelona,,6.0,6.0,7.0,6.283018867924528,0.454776297102637,,0,0,64,False
HAR,28,Racing Bulls,Spanish Grand Prix,2018,Barcelona,,12.0,12.0,17.0,14.25,1.7918661539650473,,0,0,63,False
RIC,3,Red Bull Racing,Spanish Grand Prix,2018,Barcelona,,5.0,3.0,6.0,4.814814814814815,0.933123666177294,,0,0,65,False
OCO,31,Aston Martin,Spanish Grand Prix,2018,Barcelona,,15.0,7.0,16.0,11.433333333333334,2.8245638458955447,,0,0,38,True
VER,33,Red Bull Racing,Spanish Grand Prix,2018,Barcelona,,3.0,1.0,5.0,3.185185185185185,1.2449759272367567,,8,0,65,False
SIR,35,Williams,Spanish Grand Prix,2018,Barcelona,,14.0,13.0,16.0,15.0,0.989743318610787,,0,0,62,True
HAM,44,Mercedes,Spanish Grand Prix,2018,Barcelona,,1.0,1.0,2.0,1.1320754716981132,0.34181280577895967,,46,0,65,False
VET,5,Ferrari,Spanish Grand Prix,2018,Barcelona,,4.0,2.0,7.0,3.574074074074074,1.109170212567593,,0,0,65,False
SAI,55,Alpine,Spanish Grand Prix,2018,Barcelona,,7.0,7.0,10.0,7.711538461538462,0.8708017144807908,,0,0,64,False
RAI,7,Ferrari,Spanish Grand Prix,2018,Barcelona,,3.0,2.0,4.0,3.388888888888889,0.8498365855987975,,0,0,24,True
BOT,77,Mercedes,Spanish Grand Prix,2018,Barcelona,,2.0,2.0,6.0,3.1320754716981134,1.3592664289842942,,0,0,65,False
ERI,9,Kick Sauber,Spanish Grand Prix,2018,Barcelona,,13.0,7.0,15.0,12.23076923076923,2.219480460452132,,0,0,63,False
GAS,10,Racing Bulls,Monaco Grand Prix,2018,Monaco,,7.0,6.0,10.0,7.925373134328358,1.579350008570086,,0,0,77,False
PER,11,Aston Martin,Monaco Grand Prix,2018,Monaco,,12.0,7.0,15.0,12.940298507462687,2.684865534779391,,0,0,77,False
ALO,14,McLaren,Monaco Grand Prix,2018,Monaco,,8.0,6.0,9.0,7.9361702127659575,0.918511445081446,,0,0,52,True
LEC,16,Kick Sauber,Monaco Grand Prix,2018,Monaco,,12.0,12.0,17.0,12.968253968253968,0.8974561534487527,,0,0,70,True
STR,18,Williams,Monaco Grand Prix,2018,Monaco,,17.0,16.0,20.0,19.177419354838708,1.312289871371602,,0,0,75,False
VAN,2,McLaren,Monaco Grand Prix,2018,Monaco,,14.0,11.0,17.0,15.393939393939394,2.082001905554348,,0,0,76,False
MAG,20,Haas,Monaco Grand Prix,2018,Monaco,,13.0,13.0,19.0,15.867647058823529,1.3147204658877325,,0,0,77,False
HUL,27,Alpine,Monaco Grand Prix,2018,Monaco,,8.0,6.0,11.0,8.117647058823529,1.6886752890305063,,0,0,77,False
HAR,28,Racing Bulls,Monaco Grand Prix,2018,Monaco,,11.0,11.0,16.0,12.4375,1.4893803974317537,,0,0,70,True
RIC,3,Red Bull Racing,Monaco Grand Prix,2018,Monaco,,1.0,1.0,1.0,1.0,0.0,,67,0,77,False
OCO,31,Aston Martin,Monaco Grand Prix,2018,Monaco,,6.0,5.0,8.0,6.447761194029851,0.9092718047068853,,0,0,77,False
VER,33,Red Bull Racing,Monaco Grand Prix,2018,Monaco,,9.0,9.0,18.0,10.661764705882353,2.3154915929332778,,0,0,77,False
SIR,35,Williams,Monaco Grand Prix,2018,Monaco,,16.0,12.0,19.0,18.03174603174603,1.7686175936375623,,0,0,76,False
HAM,44,Mercedes,Monaco Grand Prix,2018,Monaco,,3.0,3.0,5.0,3.088235294117647,0.4137666123335734,,0,0,77,False
VET,5,Ferrari,Monaco Grand Prix,2018,Monaco,,2.0,2.0,2.0,2.0,0.0,,0,0,77,False
SAI,55,Alpine,Monaco Grand Prix,2018,Monaco,,10.0,8.0,13.0,10.044117647058824,1.2510750425422104,,0,0,77,False
RAI,7,Ferrari,Monaco Grand Prix,2018,Monaco,,4.0,2.0,4.0,3.925373134328358,0.3168707238463917,,0,0,77,False
BOT,77,Mercedes,Monaco Grand Prix,2018,Monaco,,5.0,4.0,6.0,5.015151515151516,0.32780971227101785,,0,0,77,False
GRO,8,Haas,Monaco Grand Prix,2018,Monaco,,15.0,15.0,20.0,17.772727272727273,1.0783955966791885,,0,0,76,False
ERI,9,Kick Sauber,Monaco Grand Prix,2018,Monaco,,11.0,11.0,18.0,14.029850746268657,1.4767916622697443,,0,0,77,False
VET,5,Ferrari,Canadian Grand Prix,2018,Montréal,,1.0,1.0,1.0,1.0,0.0,,63,0,69,False
BOT,77,Mercedes,Canadian Grand Prix,2018,Montréal,,2.0,2.0,2.0,2.0,0.0,,0,0,69,False
VER,33,Red Bull Racing,Canadian Grand Prix,2018,Montréal,,3.0,3.0,4.0,3.2222222222222223,0.4190790380624747,,0,0,69,False
RIC,3,Red Bull Racing,Canadian Grand Prix,2018,Montréal,,4.0,3.0,5.0,4.365079365079365,0.5174873319810647,,0,0,69,False
HAM,44,Mercedes,Canadian Grand Prix,2018,Montréal,,5.0,4.0,6.0,5.063492063492063,0.6444055994083998,,0,0,69,False
RAI,7,Ferrari,Canadian Grand Prix,2018,Montréal,,6.0,3.0,6.0,5.253968253968254,1.294756845627207,,0,0,69,False
HUL,27,Alpine,Canadian Grand Prix,2018,Montréal,,7.0,7.0,12.0,7.596774193548387,1.3239245857794566,,0,0,68,False
SAI,55,Alpine,Canadian Grand Prix,2018,Montréal,,8.0,7.0,13.0,8.516129032258064,1.2111765785339526,,0,0,68,False
OCO,31,Aston Martin,Canadian Grand Prix,2018,Montréal,,9.0,7.0,14.0,9.85483870967742,1.6971217118128286,,0,0,68,False
LEC,16,Kick Sauber,Canadian Grand Prix,2018,Montréal,,10.0,7.0,14.0,10.516129032258064,1.5336866061971586,,0,0,68,False
GAS,10,Racing Bulls,Canadian Grand Prix,2018,Montréal,,11.0,7.0,13.0,11.338709677419354,1.6786367262136668,,0,0,68,False
GRO,8,Haas,Canadian Grand Prix,2018,Montréal,,12.0,7.0,16.0,10.758064516129032,2.0778731549900855,,0,0,68,False
MAG,20,Haas,Canadian Grand Prix,2018,Montréal,,14.0,8.0,15.0,12.983870967741936,1.850936276005156,,0,0,68,False
PER,11,Aston Martin,Canadian Grand Prix,2018,Montréal,,13.0,13.0,18.0,14.516666666666667,1.333933480752862,,0,0,68,False
ERI,9,Kick Sauber,Canadian Grand Prix,2018,Montréal,,15.0,15.0,18.0,16.126984126984127,0.8888568862646633,,0,0,67,False
VAN,2,McLaren,Canadian Grand Prix,2018,Montréal,,16.0,15.0,18.0,16.459016393442624,0.9411654210216055,,0,0,67,False
SIR,35,Williams,Canadian Grand Prix,2018,Montréal,,17.0,15.0,18.0,16.65573770491803,1.078351301781866,,0,0,67,False
ALO,14,McLaren,Canadian Grand Prix,2018,Montréal,,11.0,8.0,13.0,10.676470588235293,1.1990043403589676,,0,0,40,True
PER,11,Aston Martin,French Grand Prix,2018,Le Castellet,,11.0,9.0,12.0,10.904761904761905,1.338086764928265,,0,0,27,True
ALO,14,McLaren,French Grand Prix,2018,Le Castellet,,17.0,12.0,18.0,15.125,2.0529840695299097,,0,0,48,False
LEC,16,Kick Sauber,French Grand Prix,2018,Le Castellet,,10.0,7.0,15.0,9.048780487804878,1.986846993507491,,0,0,49,False
STR,18,Williams,French Grand Prix,2018,Le Castellet,,14.0,13.0,17.0,15.523809523809524,1.2733304753359513,,0,0,48,False
VAN,2,McLaren,French Grand Prix,2018,Le Castellet,,12.0,8.0,13.0,11.575,1.7229595884958369,,0,0,48,False
MAG,20,Haas,French Grand Prix,2018,Le Castellet,,7.0,5.0,12.0,7.341463414634147,1.6824053628296745,,0,0,49,False
HUL,27,Alpine,French Grand Prix,2018,Le Castellet,,9.0,6.0,11.0,8.585365853658537,1.482828542955954,,0,0,49,False
HAR,28,Racing Bulls,French Grand Prix,2018,Le Castellet,,15.0,11.0,17.0,14.0,1.7541160386140584,,0,0,48,False
RIC,3,Red Bull Racing,French Grand Prix,2018,Le Castellet,,4.0,2.0,5.0,3.2439024390243905,0.7341828043776989,,0,0,49,False
VER,33,Red Bull Racing,French Grand Prix,2018,Le Castellet,,2.0,2.0,4.0,2.1904761904761907,0.45468269493990704,,0,0,50,False
SIR,35,Williams,French Grand Prix,2018,Le Castellet,,16.0,14.0,18.0,16.80952380952381,1.2923432157225718,,0,0,48,False
HAM,44,Mercedes,French Grand Prix,2018,Le Castellet,,1.0,1.0,1.0,1.0,0.0,,42,0,50,False
VET,5,Ferrari,French Grand Prix,2018,Le Castellet,,5.0,4.0,13.0,6.073170731707317,2.483850276309333,,0,0,49,False
SAI,55,Alpine,French Grand Prix,2018,Le Castellet,,6.0,3.0,14.0,6.512195121951219,2.2485767856525625,,0,0,49,False
RAI,7,Ferrari,French Grand Prix,2018,Le Castellet,,3.0,1.0,6.0,3.707317073170732,1.0060790833484312,,1,0,49,False
BOT,77,Mercedes,French Grand Prix,2018,Le Castellet,,8.0,6.0,16.0,9.268292682926829,2.449738662019915,,0,0,49,False
GRO,8,Haas,French Grand Prix,2018,Le Castellet,,11.0,8.0,15.0,10.195121951219512,1.7207485608757886,,0,0,49,False
ERI,9,Kick Sauber,French Grand Prix,2018,Le Castellet,,13.0,11.0,17.0,14.775,1.2503845562312175,,0,0,48,False
GAS,10,Racing Bulls,Austrian Grand Prix,2018,Spielberg,15.0,11.0,9.0,15.0,12.10344827586207,2.108376403463382,4.0,0,0,69,False
PER,11,Aston Martin,Austrian Grand Prix,2018,Spielberg,13.0,6.0,6.0,13.0,8.963636363636363,2.0089027442089464,7.0,0,0,69,False
ALO,14,McLaren,Austrian Grand Prix,2018,Spielberg,,8.0,8.0,19.0,14.543859649122806,3.2075256119598556,,0,0,69,False
LEC,16,Kick Sauber,Austrian Grand Prix,2018,Spielberg,14.0,10.0,9.0,19.0,13.793103448275861,2.7322545198133597,4.0,0,0,69,False
STR,18,Williams,Austrian Grand Prix,2018,Spielberg,11.0,13.0,11.0,16.0,14.218181818181819,1.2124494505065646,-2.0,0,0,68,False
VAN,2,McLaren,Austrian Grand Prix,2018,Spielberg,,15.0,15.0,20.0,18.06122448979592,1.1798333792197475,,0,0,64,True
MAG,20,Haas,Austrian Grand Prix,2018,Spielberg,7.0,5.0,5.0,9.0,7.072727272727272,1.1361818036340359,2.0,0,0,69,False
HUL,27,Alpine,Austrian Grand Prix,2018,Spielberg,9.0,12.0,9.0,12.0,9.3,0.9486832980505138,-3.0,0,0,11,True
HAR,28,Racing Bulls,Austrian Grand Prix,2018,Spielberg,18.0,11.0,11.0,18.0,13.404255319148936,2.2713678551469823,7.0,0,0,52,True
RIC,3,Red Bull Racing,Austrian Grand Prix,2018,Spielberg,5.0,4.0,2.0,5.0,3.8444444444444446,1.3134886848589615,1.0,0,0,53,True
OCO,31,Aston Martin,Austrian Grand Prix,2018,Spielberg,10.0,7.0,7.0,10.0,8.070175438596491,1.162811388753368,3.0,0,0,69,False
VER,33,Red Bull Racing,Austrian Grand Prix,2018,Spielberg,3.0,1.0,1.0,3.0,1.5178571428571428,0.7860388939849877,2.0,37,0,70,False
SIR,35,Williams,Austrian Grand Prix,2018,Spielberg,17.0,14.0,11.0,17.0,15.245283018867925,2.093080728875671,3.0,0,0,68,False
HAM,44,Mercedes,Austrian Grand Prix,2018,Spielberg,1.0,4.0,1.0,4.0,2.8541666666666665,1.4584979643649618,-3.0,18,0,62,True
VET,5,Ferrari,Austrian Grand Prix,2018,Spielberg,8.0,3.0,3.0,8.0,4.315789473684211,1.2839377868890314,5.0,0,0,70,False
SAI,55,Alpine,Austrian Grand Prix,2018,Spielberg,12.0,12.0,8.0,17.0,12.214285714285714,2.5563773068670703,0.0,0,0,69,False
RAI,7,Ferrari,Austrian Grand Prix,2018,Spielberg,4.0,2.0,2.0,4.0,2.824561403508772,0.8477450555432305,2.0,0,0,70,False
BOT,77,Mercedes,Austrian Grand Prix,2018,Spielberg,2.0,2.0,2.0,2.0,2.0,0.0,0.0,0,0,11,True
GRO,8,Haas,Austrian Grand Prix,2018,Spielberg,6.0,4.0,4.0,8.0,6.3090909090909095,1.1364781087123903,2.0,0,0,69,False
ERI,9,Kick Sauber,Austrian Grand Prix,2018,Spielberg,16.0,9.0,9.0,16.0,12.142857142857142,2.315391751095041,7.0,0,0,69,False
GAS,10,Racing Bulls,British Grand Prix,2018,Silverstone,,10.0,10.0,14.0,12.34375,0.970845158910856,,0,0,51,False
PER,11,Aston Martin,British Grand Prix,2018,Silverstone,,11.0,10.0,19.0,14.903225806451612,2.9366061898011617,,0,0,51,False
ALO,14,McLaren,British Grand Prix,2018,Silverstone,,9.0,9.0,16.0,11.35483870967742,2.1532670851022977,,0,0,51,False
LEC,16,Kick Sauber,British Grand Prix,2018,Silverstone,,8.0,7.0,8.0,7.428571428571429,0.5135525910130954,,0,0,17,True
STR,18,Williams,British Grand Prix,2018,Silverstone,,13.0,13.0,19.0,17.06451612903226,2.080632658126974,,0,0,51,False
VAN,2,McLaren,British Grand Prix,2018,Silverstone,,12.0,12.0,16.0,15.03225806451613,1.4487666241264656,,0,0,51,False
MAG,20,Haas,British Grand Prix,2018,Silverstone,,8.0,7.0,11.0,9.67741935483871,1.4233082770829737,,0,0,51,False
HUL,27,Alpine,British Grand Prix,2018,Silverstone,,6.0,6.0,10.0,7.0,1.1913667943625412,,0,0,51,False
RIC,3,Red Bull Racing,British Grand Prix,2018,Silverstone,,5.0,4.0,6.0,4.862068965517241,0.6394270834691722,,0,0,51,False
OCO,31,Aston Martin,British Grand Prix,2018,Silverstone,,7.0,7.0,12.0,8.666666666666666,1.1902380714238083,,0,0,51,False
VER,33,Red Bull Racing,British Grand Prix,2018,Silverstone,,5.0,3.0,5.0,3.4074074074074074,0.693888666488711,,0,0,45,True
SIR,35,Williams,British Grand Prix,2018,Silverstone,,14.0,14.0,18.0,16.806451612903224,1.4926342449667005,,0,0,51,False
HAM,44,Mercedes,British Grand Prix,2018,Silverstone,,2.0,2.0,13.0,5.366666666666666,2.747830910489886,,0,0,51,False
VET,5,Ferrari,British Grand Prix,2018,Silverstone,,1.0,1.0,2.0,1.125,0.3360107525161235,,28,0,51,False
SAI,55,Alpine,British Grand Prix,2018,Silverstone,,11.0,9.0,14.0,10.75,1.4218787326754636,,0,0,31,True
RAI,7,Ferrari,British Grand Prix,2018,Silverstone,,3.0,3.0,9.0,4.8,1.3746472901853017,,0,0,51,False
BOT,77,Mercedes,British Grand Prix,2018,Silverstone,,4.0,1.0,4.0,2.064516129032258,0.7273460373608398,,4,0,51,False
GRO,8,Haas,British Grand Prix,2018,Silverstone,,15.0,8.0,15.0,12.666666666666666,2.5480882290824245,,0,0,31,True
ERI,9,Kick Sauber,British Grand Prix,2018,Silverstone,,14.0,9.0,15.0,13.791666666666666,1.9332146390351255,,0,0,31,True
GAS,10,Racing Bulls,German Grand Prix,2018,Hockenheim,18.0,14.0,12.0,20.0,16.941176470588236,2.7886323867149097,4.0,0,0,65,False
PER,11,Aston Martin,German Grand Prix,2018,Hockenheim,8.0,6.0,6.0,13.0,8.211538461538462,1.637029093630796,2.0,0,0,66,False
ALO,14,McLaren,German Grand Prix,2018,Hockenheim,11.0,14.0,7.0,17.0,12.148936170212766,2.553588467442352,-3.0,0,0,64,False
LEC,16,Kick Sauber,German Grand Prix,2018,Hockenheim,10.0,15.0,10.0,19.0,12.75,2.522241488767397,-5.0,0,0,65,False
STR,18,Williams,German Grand Prix,2018,Hockenheim,16.0,13.0,13.0,17.0,16.40909090909091,1.1677484162422844,3.0,0,0,49,True
VAN,2,McLaren,German Grand Prix,2018,Hockenheim,20.0,13.0,13.0,20.0,18.137254901960784,2.441471751572295,7.0,0,0,66,False
MAG,20,Haas,German Grand Prix,2018,Hockenheim,5.0,12.0,5.0,12.0,7.038461538461538,2.4651415936864716,-7.0,0,0,66,False
HUL,27,Alpine,German Grand Prix,2018,Hockenheim,6.0,5.0,5.0,15.0,7.0,1.857681456051296,1.0,0,0,66,False
HAR,28,Racing Bulls,German Grand Prix,2018,Hockenheim,17.0,11.0,9.0,18.0,15.62962962962963,2.823728942950521,6.0,0,0,66,False
RIC,3,Red Bull Racing,German Grand Prix,2018,Hockenheim,19.0,6.0,6.0,19.0,12.074074074074074,4.187214292672819,13.0,0,0,27,True
OCO,31,Aston Martin,German Grand Prix,2018,Hockenheim,12.0,8.0,7.0,20.0,12.115384615384615,2.7271607454499964,4.0,0,0,66,False
VER,33,Red Bull Racing,German Grand Prix,2018,Hockenheim,4.0,4.0,2.0,5.0,3.8846153846153846,0.8320502943378435,0.0,0,0,66,False
SIR,35,Williams,German Grand Prix,2018,Hockenheim,14.0,15.0,12.0,18.0,16.08888888888889,1.5495193128870968,-1.0,0,0,49,True
HAM,44,Mercedes,German Grand Prix,2018,Hockenheim,13.0,1.0,1.0,13.0,4.7924528301886795,2.9046282071498717,12.0,9,0,66,False
VET,5,Ferrari,German Grand Prix,2018,Hockenheim,1.0,1.0,1.0,4.0,1.3181818181818181,0.7078538567052038,0.0,34,0,49,True
SAI,55,Alpine,German Grand Prix,2018,Hockenheim,9.0,10.0,9.0,16.0,10.596153846153847,1.6119603871040877,-1.0,0,0,66,False
RAI,7,Ferrari,German Grand Prix,2018,Hockenheim,3.0,3.0,1.0,4.0,2.69811320754717,0.952424147199324,0.0,8,0,66,False
BOT,77,Mercedes,German Grand Prix,2018,Hockenheim,2.0,2.0,1.0,4.0,2.5,0.8632977579421393,0.0,2,0,66,False
GRO,8,Haas,German Grand Prix,2018,Hockenheim,7.0,7.0,7.0,13.0,8.634615384615385,1.2838185406235838,0.0,0,0,66,False
ERI,9,Kick Sauber,German Grand Prix,2018,Hockenheim,15.0,9.0,8.0,15.0,12.23076923076923,2.4703368398993892,6.0,0,0,66,False
GAS,10,Racing Bulls,Hungarian Grand Prix,2018,Budapest,6.0,6.0,3.0,6.0,5.555555555555555,0.7782896421160246,0.0,0,0,69,False
PER,11,Aston Martin,Hungarian Grand Prix,2018,Budapest,15.0,14.0,13.0,18.0,14.920634920634921,1.0048525377545943,1.0,0,0,68,False
ALO,14,McLaren,Hungarian Grand Prix,2018,Budapest,11.0,8.0,7.0,12.0,9.290322580645162,1.8764030534045764,3.0,0,0,68,False
STR,18,Williams,Hungarian Grand Prix,2018,Budapest,,17.0,16.0,19.0,16.766666666666666,0.767268248379764,,0,0,67,False
VAN,2,McLaren,Hungarian Grand Prix,2018,Budapest,13.0,9.0,8.0,13.0,10.88888888888889,2.134374745810949,4.0,0,0,49,True
MAG,20,Haas,Hungarian Grand Prix,2018,Budapest,7.0,7.0,5.0,9.0,7.0,0.8870655251454874,0.0,0,0,68,False
HUL,27,Alpine,Hungarian Grand Prix,2018,Budapest,10.0,12.0,9.0,14.0,12.17741935483871,1.778968143988016,-2.0,0,0,68,False
HAR,28,Racing Bulls,Hungarian Grand Prix,2018,Budapest,9.0,11.0,8.0,13.0,10.838709677419354,1.7100814704693212,-2.0,0,0,68,False
RIC,3,Red Bull Racing,Hungarian Grand Prix,2018,Budapest,16.0,5.0,4.0,16.0,6.587301587301587,3.06191443715877,11.0,0,0,69,False
OCO,31,Aston Martin,Hungarian Grand Prix,2018,Budapest,14.0,13.0,10.0,15.0,12.725806451612904,1.5488690198378403,1.0,0,0,68,False
VER,33,Red Bull Racing,Hungarian Grand Prix,2018,Budapest,5.0,5.0,5.0,5.0,5.0,0.0,0.0,0,0,5,True
SIR,35,Williams,Hungarian Grand Prix,2018,Budapest,17.0,16.0,15.0,18.0,16.459016393442624,1.0095175496543434,1.0,0,0,67,False
HAM,44,Mercedes,Hungarian Grand Prix,2018,Budapest,1.0,1.0,1.0,2.0,1.2063492063492063,0.4079346152039785,0.0,50,0,69,False
VET,5,Ferrari,Hungarian Grand Prix,2018,Budapest,3.0,2.0,1.0,3.0,2.3492063492063493,0.8064004080006119,1.0,13,0,69,False
SAI,55,Alpine,Hungarian Grand Prix,2018,Budapest,8.0,9.0,7.0,12.0,9.129032258064516,1.396528142001218,-1.0,0,0,68,False
RAI,7,Ferrari,Hungarian Grand Prix,2018,Budapest,4.0,3.0,3.0,6.0,4.114754098360656,0.550707443680027,1.0,0,0,69,False
BOT,77,Mercedes,Hungarian Grand Prix,2018,Budapest,2.0,4.0,2.0,4.0,2.5396825396825395,0.6678177466605213,-2.0,0,0,69,False
GRO,8,Haas,Hungarian Grand Prix,2018,Budapest,12.0,10.0,8.0,12.0,10.661290322580646,1.0072450397339998,2.0,0,0,68,False
ERI,9,Kick Sauber,Hungarian Grand Prix,2018,Budapest,18.0,15.0,15.0,18.0,16.857142857142858,1.242488954415015,3.0,0,0,67,False
VET,5,Ferrari,Belgian Grand Prix,2018,Spa-Francorchamps,,1.0,1.0,1.0,1.0,0.0,,37,0,43,False
HAM,44,Mercedes,Belgian Grand Prix,2018,Spa-Francorchamps,,2.0,2.0,2.0,2.0,0.0,,0,0,43,False
VER,33,Red Bull Racing,Belgian Grand Prix,2018,Spa-Francorchamps,,3.0,2.0,5.0,3.1621621621621623,0.5534494613840601,,0,0,43,False
BOT,77,Mercedes,Belgian Grand Prix,2018,Spa-Francorchamps,,4.0,4.0,14.0,7.513513513513513,3.254241861031551,,0,0,43,False
PER,11,Aston Martin,Belgian Grand Prix,2018,Spa-Francorchamps,,5.0,3.0,5.0,4.054054054054054,0.5747437083869039,,0,0,43,False
OCO,31,Aston Martin,Belgian Grand Prix,2018,Spa-Francorchamps,,6.0,4.0,6.0,5.378378378378378,0.594014185733685,,0,0,43,False
GRO,8,Haas,Belgian Grand Prix,2018,Spa-Francorchamps,,7.0,6.0,9.0,6.594594594594595,0.6855435580398738,,0,0,43,False
MAG,20,Haas,Belgian Grand Prix,2018,Spa-Francorchamps,,8.0,6.0,8.0,7.45945945945946,0.5575040903982776,,0,0,43,False
GAS,10,Racing Bulls,Belgian Grand Prix,2018,Spa-Francorchamps,,9.0,8.0,9.0,8.621621621621621,0.49167239269837176,,0,0,43,False
ERI,9,Kick Sauber,Belgian Grand Prix,2018,Spa-Francorchamps,,10.0,8.0,11.0,9.666666666666666,0.5855400437691198,,0,0,42,False
SAI,55,Alpine,Belgian Grand Prix,2018,Spa-Francorchamps,,11.0,11.0,14.0,12.333333333333334,0.9856107606091623,,0,0,42,False
SIR,35,Williams,Belgian Grand Prix,2018,Spa-Francorchamps,,12.0,9.0,12.0,11.194444444444445,0.8886408384057869,,0,0,42,False
STR,18,Williams,Belgian Grand Prix,2018,Spa-Francorchamps,,13.0,11.0,15.0,12.555555555555555,1.0540925533894596,,0,0,42,False
HAR,28,Racing Bulls,Belgian Grand Prix,2018,Spa-Francorchamps,,14.0,10.0,14.0,13.222222222222221,1.3117297437486581,,0,0,42,False
VAN,2,McLaren,Belgian Grand Prix,2018,Spa-Francorchamps,,15.0,13.0,16.0,14.916666666666666,0.5542047068934521,,0,0,42,False
RIC,3,Red Bull Racing,Belgian Grand Prix,2018,Spa-Francorchamps,,16.0,16.0,17.0,16.24,0.4358898943540673,,0,0,27,True
RAI,7,Ferrari,Belgian Grand Prix,2018,Spa-Francorchamps,,15.0,15.0,15.0,15.0,0.0,,0,0,6,True
HAM,44,Mercedes,Singapore Grand Prix,2018,Singapore,,1.0,1.0,4.0,1.3148148148148149,0.7222625371750696,,44,0,60,False
VER,33,Red Bull Racing,Singapore Grand Prix,2018,Singapore,,2.0,1.0,4.0,2.3703703703703702,0.6811836617185657,,2,0,60,False
VET,5,Ferrari,Singapore Grand Prix,2018,Singapore,,3.0,2.0,7.0,3.2222222222222223,0.9841511363197711,,0,0,60,False
BOT,77,Mercedes,Singapore Grand Prix,2018,Singapore,,4.0,3.0,6.0,4.2407407407407405,0.6711068071557327,,0,0,60,False
RAI,7,Ferrari,Singapore Grand Prix,2018,Singapore,,5.0,1.0,6.0,4.648148148148148,1.2310052251840642,,4,0,60,False
RIC,3,Red Bull Racing,Singapore Grand Prix,2018,Singapore,,6.0,1.0,6.0,5.111111111111111,1.7662097427389285,,5,0,60,False
ALO,14,McLaren,Singapore Grand Prix,2018,Singapore,,7.0,7.0,9.0,7.444444444444445,0.816496580927726,,0,0,60,False
SAI,55,Alpine,Singapore Grand Prix,2018,Singapore,,8.0,8.0,10.0,8.528301886792454,0.8228415490263381,,0,0,59,False
LEC,16,Kick Sauber,Singapore Grand Prix,2018,Singapore,,9.0,9.0,13.0,10.169811320754716,1.5533567753120459,,0,0,59,False
HUL,27,Alpine,Singapore Grand Prix,2018,Singapore,,10.0,10.0,17.0,12.60377358490566,2.6482187238385015,,0,0,59,False
ERI,9,Kick Sauber,Singapore Grand Prix,2018,Singapore,,11.0,8.0,14.0,11.11320754716981,1.7058764649845246,,0,0,59,False
VAN,2,McLaren,Singapore Grand Prix,2018,Singapore,,12.0,10.0,17.0,12.849056603773585,2.2735623218530394,,0,0,59,False
GAS,10,Racing Bulls,Singapore Grand Prix,2018,Singapore,,14.0,9.0,18.0,13.264150943396226,2.602889987008718,,0,0,59,False
STR,18,Williams,Singapore Grand Prix,2018,Singapore,,15.0,12.0,18.0,14.69811320754717,2.0056162074417365,,0,0,59,False
GRO,8,Haas,Singapore Grand Prix,2018,Singapore,,13.0,8.0,18.0,13.377358490566039,3.3005035460478758,,0,0,59,False
PER,11,Aston Martin,Singapore Grand Prix,2018,Singapore,,16.0,6.0,19.0,14.285714285714286,4.5,,0,0,59,False
HAR,28,Racing Bulls,Singapore Grand Prix,2018,Singapore,,17.0,16.0,19.0,17.11764705882353,1.1427520960125936,,0,0,59,False
MAG,20,Haas,Singapore Grand Prix,2018,Singapore,,18.0,12.0,19.0,15.979166666666666,2.4188056076038618,,0,0,58,False
SIR,35,Williams,Singapore Grand Prix,2018,Singapore,,19.0,13.0,19.0,16.673076923076923,2.307032333983477,,0,0,58,False
HAM,44,Mercedes,Russian Grand Prix,2018,Sochi,,1.0,1.0,4.0,2.0,0.7989354619369612,,12,0,52,False
BOT,77,Mercedes,Russian Grand Prix,2018,Sochi,,2.0,1.0,4.0,2.3125,0.8030858039528768,,9,0,52,False
VET,5,Ferrari,Russian Grand Prix,2018,Sochi,,3.0,2.0,5.0,3.625,0.6399800528806397,,0,0,52,False
RAI,7,Ferrari,Russian Grand Prix,2018,Sochi,,4.0,1.0,5.0,4.25,1.0619131671036408,,3,0,52,False
VER,33,Red Bull Racing,Russian Grand Prix,2018,Sochi,,5.0,1.0,11.0,2.9791666666666665,2.4710199748913517,,24,0,52,False
RIC,3,Red Bull Racing,Russian Grand Prix,2018,Sochi,,6.0,6.0,16.0,7.020833333333333,2.4099932315022223,,0,0,52,False
LEC,16,Kick Sauber,Russian Grand Prix,2018,Sochi,,7.0,5.0,10.0,7.3125,1.0550032771956763,,0,0,52,False
MAG,20,Haas,Russian Grand Prix,2018,Sochi,,8.0,6.0,12.0,8.553191489361701,1.1760011579094025,,0,0,51,False
OCO,31,Aston Martin,Russian Grand Prix,2018,Sochi,,9.0,7.0,12.0,9.680851063829786,1.2529336527547519,,0,0,51,False
PER,11,Aston Martin,Russian Grand Prix,2018,Sochi,,10.0,6.0,12.0,9.957446808510639,1.1970515736321663,,0,0,51,False
GRO,8,Haas,Russian Grand Prix,2018,Sochi,,11.0,9.0,15.0,12.02127659574468,1.1129545813250903,,0,0,51,False
HUL,27,Alpine,Russian Grand Prix,2018,Sochi,,12.0,7.0,14.0,9.382978723404255,2.472045372889507,,0,0,51,False
ERI,9,Kick Sauber,Russian Grand Prix,2018,Sochi,,13.0,10.0,14.0,12.866666666666667,1.0995866992151684,,0,0,51,False
ALO,14,McLaren,Russian Grand Prix,2018,Sochi,,14.0,14.0,18.0,14.872340425531915,0.9916394259791896,,0,0,51,False
STR,18,Williams,Russian Grand Prix,2018,Sochi,,15.0,14.0,18.0,15.595744680851064,0.7706455359571329,,0,0,51,False
VAN,2,McLaren,Russian Grand Prix,2018,Sochi,,17.0,14.0,18.0,16.82608695652174,0.7689631641542312,,0,0,50,False
SAI,55,Alpine,Russian Grand Prix,2018,Sochi,,16.0,8.0,16.0,13.456521739130435,2.5095951133300853,,0,0,50,False
SIR,35,Williams,Russian Grand Prix,2018,Sochi,,18.0,15.0,18.0,17.652173913043477,0.8489834785553271,,0,0,50,False
GAS,10,Racing Bulls,Russian Grand Prix,2018,Sochi,,19.0,19.0,20.0,19.5,0.7071067811865476,,0,0,3,True
HAR,28,Racing Bulls,Russian Grand Prix,2018,Sochi,,19.0,19.0,19.0,19.0,,,0,0,2,True
GAS,10,Racing Bulls,Japanese Grand Prix,2018,Suzuka,7.0,11.0,6.0,13.0,8.341463414634147,2.0689339778924913,-4.0,0,0,51,False
PER,11,Aston Martin,Japanese Grand Prix,2018,Suzuka,8.0,7.0,7.0,17.0,8.095238095238095,1.8187307797596277,1.0,0,0,52,False
ALO,14,McLaren,Japanese Grand Prix,2018,Suzuka,15.0,14.0,12.0,18.0,14.073170731707316,1.9286036905289672,1.0,0,0,51,False
LEC,16,Kick Sauber,Japanese Grand Prix,2018,Suzuka,13.0,18.0,9.0,18.0,13.64516129032258,2.331643012938504,-5.0,0,0,38,True
STR,18,Williams,Japanese Grand Prix,2018,Suzuka,17.0,17.0,14.0,19.0,16.714285714285715,1.550542222794655,0.0,0,0,51,False
VAN,2,McLaren,Japanese Grand Prix,2018,Suzuka,19.0,15.0,15.0,19.0,17.428571428571427,1.5948523464473572,4.0,0,0,51,False
MAG,20,Haas,Japanese Grand Prix,2018,Suzuka,12.0,12.0,12.0,12.0,12.0,,0.0,0,0,1,True
HUL,27,Alpine,Japanese Grand Prix,2018,Suzuka,16.0,18.0,10.0,19.0,14.379310344827585,2.320926432998074,-2.0,0,0,36,True
HAR,28,Racing Bulls,Japanese Grand Prix,2018,Suzuka,10.0,13.0,9.0,17.0,12.365853658536585,1.8541318394463702,-3.0,0,0,51,False
RIC,3,Red Bull Racing,Japanese Grand Prix,2018,Suzuka,14.0,4.0,3.0,14.0,4.953488372093023,2.1925576321044944,10.0,0,0,52,False
OCO,31,Aston Martin,Japanese Grand Prix,2018,Suzuka,9.0,9.0,8.0,14.0,9.166666666666666,0.9606061771830726,0.0,0,0,52,False
VER,33,Red Bull Racing,Japanese Grand Prix,2018,Suzuka,3.0,3.0,3.0,4.0,3.0238095238095237,0.15430334996209188,0.0,0,0,52,False
SIR,35,Williams,Japanese Grand Prix,2018,Suzuka,18.0,16.0,14.0,18.0,16.046511627906977,1.2140739832342733,2.0,0,0,51,False
HAM,44,Mercedes,Japanese Grand Prix,2018,Suzuka,1.0,1.0,1.0,1.0,1.0,0.0,0.0,42,0,52,False
VET,5,Ferrari,Japanese Grand Prix,2018,Suzuka,4.0,6.0,4.0,19.0,9.547619047619047,4.272443642765104,-2.0,0,0,52,False
SAI,55,Alpine,Japanese Grand Prix,2018,Suzuka,11.0,10.0,6.0,13.0,10.048780487804878,1.4482958867613194,1.0,0,0,51,False
RAI,7,Ferrari,Japanese Grand Prix,2018,Suzuka,5.0,5.0,4.0,9.0,5.046511627906977,0.9500247709074553,0.0,0,0,52,False
BOT,77,Mercedes,Japanese Grand Prix,2018,Suzuka,2.0,2.0,2.0,2.0,2.0,0.0,0.0,0,0,52,False
GRO,8,Haas,Japanese Grand Prix,2018,Suzuka,6.0,8.0,5.0,8.0,6.476190476190476,1.1095614435353525,-2.0,0,0,52,False
ERI,9,Kick Sauber,Japanese Grand Prix,2018,Suzuka,20.0,12.0,12.0,20.0,14.279069767441861,2.3737210229967234,8.0,0,0,51,False
GAS,10,Racing Bulls,United States Grand Prix,2018,Austin,,14.0,12.0,16.0,14.574468085106384,1.0372346355462145,,0,0,54,False
PER,11,Aston Martin,United States Grand Prix,2018,Austin,,10.0,7.0,15.0,9.8125,1.1967375865509655,,0,0,55,False
LEC,16,Kick Sauber,United States Grand Prix,2018,Austin,,16.0,16.0,17.0,16.208333333333332,0.41485111699905336,,0,0,30,True
STR,18,Williams,United States Grand Prix,2018,Austin,,16.0,16.0,18.0,16.571428571428573,0.5902813361009552,,0,0,53,False
VAN,2,McLaren,United States Grand Prix,2018,Austin,,13.0,11.0,14.0,12.957446808510639,1.1025158346198112,,0,0,54,False
MAG,20,Haas,United States Grand Prix,2018,Austin,,9.0,6.0,11.0,9.125,1.2138386446802347,,0,0,55,False
HUL,27,Alpine,United States Grand Prix,2018,Austin,,6.0,5.0,8.0,6.0638297872340425,0.5276797167233719,,0,0,55,False
HAR,28,Racing Bulls,United States Grand Prix,2018,Austin,,11.0,8.0,15.0,11.53191489361702,1.230960456218378,,0,0,54,False
RIC,3,Red Bull Racing,United States Grand Prix,2018,Austin,,4.0,4.0,4.0,4.0,0.0,,0,0,8,True
OCO,31,Aston Martin,United States Grand Prix,2018,Austin,,8.0,7.0,14.0,8.4375,1.2700519339356233,,0,0,55,False
VER,33,Red Bull Racing,United States Grand Prix,2018,Austin,,2.0,2.0,9.0,3.297872340425532,1.5451873900292068,,0,0,55,False
SIR,35,Williams,United States Grand Prix,2018,Austin,,15.0,11.0,15.0,13.425531914893616,1.1748206311023164,,0,0,54,False
HAM,44,Mercedes,United States Grand Prix,2018,Austin,,3.0,1.0,4.0,2.0851063829787235,0.880459051069694,,15,0,55,False
VET,5,Ferrari,United States Grand Prix,2018,Austin,,4.0,2.0,13.0,5.425531914893617,1.9195185181056733,,0,0,55,False
SAI,55,Alpine,United States Grand Prix,2018,Austin,,7.0,6.0,9.0,7.0638297872340425,0.4847345898238466,,0,0,55,False
RAI,7,Ferrari,United States Grand Prix,2018,Austin,,1.0,1.0,4.0,1.3829787234042554,0.6444813043924381,,32,0,55,False
BOT,77,Mercedes,United States Grand Prix,2018,Austin,,5.0,2.0,5.0,3.6382978723404253,0.6732636900202792,,0,0,55,False
ERI,9,Kick Sauber,United States Grand Prix,2018,Austin,,12.0,10.0,16.0,12.425531914893616,1.4407830125236378,,0,0,54,False
GAS,10,Racing Bulls,Mexican Grand Prix,2018,Mexico City,17.0,10.0,10.0,19.0,14.827586206896552,2.9208141801378145,7.0,0,0,68,False
PER,11,Aston Martin,Mexican Grand Prix,2018,Mexico City,11.0,9.0,7.0,11.0,8.5625,1.7401798201483698,2.0,0,0,37,True
ALO,14,McLaren,Mexican Grand Prix,2018,Mexico City,12.0,12.0,12.0,12.0,12.0,0.0,0.0,0,0,3,True
LEC,16,Kick Sauber,Mexican Grand Prix,2018,Mexico City,9.0,7.0,7.0,15.0,8.847457627118644,1.5845543191746256,2.0,0,0,68,False
STR,18,Williams,Mexican Grand Prix,2018,Mexico City,13.0,13.0,12.0,19.0,14.892857142857142,2.0242041886634357,0.0,0,0,68,False
VAN,2,McLaren,Mexican Grand Prix,2018,Mexico City,19.0,8.0,8.0,19.0,11.796610169491526,3.2788752330163318,11.0,0,0,68,False
MAG,20,Haas,Mexican Grand Prix,2018,Mexico City,14.0,15.0,9.0,16.0,12.327586206896552,2.408959381030642,-1.0,0,0,68,False
HUL,27,Alpine,Mexican Grand Prix,2018,Mexico City,8.0,6.0,6.0,12.0,7.620689655172414,1.167206685148787,2.0,0,0,68,False
HAR,28,Racing Bulls,Mexican Grand Prix,2018,Mexico City,,12.0,11.0,19.0,13.298245614035087,2.078503172621223,,0,0,68,False
RIC,3,Red Bull Racing,Mexican Grand Prix,2018,Mexico City,3.0,2.0,2.0,5.0,3.090909090909091,0.8665112525765322,1.0,0,0,61,True
OCO,31,Aston Martin,Mexican Grand Prix,2018,Mexico City,,11.0,11.0,20.0,13.810344827586206,2.072856293219865,,0,0,68,False
VER,33,Red Bull Racing,Mexican Grand Prix,2018,Mexico City,1.0,1.0,1.0,2.0,1.0517241379310345,0.22340379562211246,0.0,55,0,70,False
SIR,35,Williams,Mexican Grand Prix,2018,Mexico City,15.0,14.0,14.0,19.0,16.120689655172413,1.3517705894706298,1.0,0,0,68,False
HAM,44,Mercedes,Mexican Grand Prix,2018,Mexico City,2.0,4.0,2.0,5.0,3.135593220338983,1.20998186248367,-2.0,0,0,70,False
VET,5,Ferrari,Mexican Grand Prix,2018,Mexico City,4.0,2.0,1.0,4.0,2.9491525423728815,0.9177132151686328,2.0,3,0,70,False
SAI,55,Alpine,Mexican Grand Prix,2018,Mexico City,6.0,8.0,6.0,11.0,7.791666666666667,0.9315329426211431,-2.0,0,0,28,True
RAI,7,Ferrari,Mexican Grand Prix,2018,Mexico City,7.0,3.0,2.0,7.0,4.950819672131147,1.2964853708931277,4.0,0,0,70,False
BOT,77,Mercedes,Mexican Grand Prix,2018,Mexico City,5.0,5.0,5.0,6.0,5.280701754385965,0.4533362818715847,0.0,0,0,69,False
GRO,8,Haas,Mexican Grand Prix,2018,Mexico City,18.0,16.0,11.0,18.0,14.12280701754386,2.5709237878255005,2.0,0,0,67,True
ERI,9,Kick Sauber,Mexican Grand Prix,2018,Mexico City,10.0,9.0,8.0,19.0,11.779661016949152,3.290884990551983,1.0,0,0,68,False
HAM,44,Mercedes,Brazilian Grand Prix,2018,São Paulo,1.0,1.0,1.0,6.0,1.8333333333333333,1.4205452185512148,0.0,44,0,70,False
VER,33,Red Bull Racing,Brazilian Grand Prix,2018,São Paulo,5.0,2.0,1.0,5.0,1.9545454545454546,0.8670341698850464,3.0,19,0,70,False
RAI,7,Ferrari,Brazilian Grand Prix,2018,São Paulo,4.0,3.0,2.0,7.0,3.4545454545454546,1.0551240274426097,1.0,0,0,70,False
RIC,3,Red Bull Racing,Brazilian Grand Prix,2018,São Paulo,10.0,4.0,1.0,10.0,4.681818181818182,1.7200992002617927,6.0,3,0,70,False
BOT,77,Mercedes,Brazilian Grand Prix,2018,São Paulo,2.0,5.0,2.0,9.0,4.34375,1.8013993678636846,-3.0,0,0,70,False
VET,5,Ferrari,Brazilian Grand Prix,2018,São Paulo,3.0,6.0,3.0,8.0,5.34375,1.2113058675503494,-3.0,0,0,70,False
LEC,16,Kick Sauber,Brazilian Grand Prix,2018,São Paulo,6.0,7.0,4.0,8.0,6.523076923076923,0.9537375868735513,-1.0,0,0,70,False
GRO,8,Haas,Brazilian Grand Prix,2018,São Paulo,7.0,8.0,6.0,10.0,7.96969696969697,0.7838700239530879,-1.0,0,0,70,False
MAG,20,Haas,Brazilian Grand Prix,2018,São Paulo,11.0,9.0,7.0,11.0,9.030303030303031,0.9918079368925133,2.0,0,0,70,False
PER,11,Aston Martin,Brazilian Grand Prix,2018,São Paulo,12.0,10.0,8.0,12.0,10.292307692307693,0.8426720321964849,2.0,0,0,69,False
HAR,28,Racing Bulls,Brazilian Grand Prix,2018,São Paulo,16.0,11.0,10.0,17.0,13.353846153846154,2.034320903510933,5.0,0,0,69,False
SAI,55,Alpine,Brazilian Grand Prix,2018,São Paulo,13.0,13.0,11.0,16.0,13.080645161290322,0.9966893903708628,0.0,0,0,69,False
GAS,10,Racing Bulls,Brazilian Grand Prix,2018,São Paulo,8.0,12.0,8.0,16.0,11.421875,1.8670466237451318,-4.0,0,0,69,False
VAN,2,McLaren,Brazilian Grand Prix,2018,São Paulo,20.0,14.0,14.0,20.0,16.9375,2.076894812813606,6.0,0,0,69,False
OCO,31,Aston Martin,Brazilian Grand Prix,2018,São Paulo,19.0,15.0,10.0,19.0,14.387096774193548,2.160410090925571,4.0,0,0,69,False
SIR,35,Williams,Brazilian Grand Prix,2018,São Paulo,17.0,17.0,14.0,18.0,16.046875,1.3145062142498936,0.0,0,0,68,False
ALO,14,McLaren,Brazilian Grand Prix,2018,São Paulo,15.0,16.0,15.0,20.0,17.491803278688526,1.5013654986896887,-1.0,0,0,68,False
STR,18,Williams,Brazilian Grand Prix,2018,São Paulo,18.0,18.0,15.0,19.0,17.20967741935484,1.2562903597522135,0.0,0,0,68,False
HUL,27,Alpine,Brazilian Grand Prix,2018,São Paulo,14.0,11.0,11.0,14.0,12.655172413793103,1.1108510916334604,3.0,0,0,31,True
ERI,9,Kick Sauber,Brazilian Grand Prix,2018,São Paulo,9.0,15.0,9.0,15.0,12.176470588235293,2.2703329634011578,-6.0,0,0,17,True
GAS,10,Racing Bulls,Abu Dhabi Grand Prix,2018,Yas Marina,,10.0,7.0,15.0,10.842105263157896,2.1248378734906344,,0,0,46,True
PER,11,Aston Martin,Abu Dhabi Grand Prix,2018,Yas Marina,,8.0,6.0,10.0,7.5,1.0,,0,0,54,False
ALO,14,McLaren,Abu Dhabi Grand Prix,2018,Yas Marina,,11.0,9.0,17.0,12.348837209302326,2.180909824670522,,0,0,53,False
LEC,16,Kick Sauber,Abu Dhabi Grand Prix,2018,Yas Marina,,7.0,4.0,13.0,8.695652173913043,2.3745836146565087,,0,0,54,False
STR,18,Williams,Abu Dhabi Grand Prix,2018,Yas Marina,,13.0,10.0,16.0,12.767441860465116,1.7840191289590186,,0,0,53,False
VAN,2,McLaren,Abu Dhabi Grand Prix,2018,Yas Marina,,14.0,11.0,17.0,14.465116279069768,1.4032078420754408,,0,0,53,False
MAG,20,Haas,Abu Dhabi Grand Prix,2018,Yas Marina,,10.0,9.0,15.0,11.162790697674419,1.7447913309283822,,0,0,53,False
HAR,28,Racing Bulls,Abu Dhabi Grand Prix,2018,Yas Marina,,12.0,12.0,19.0,15.733333333333333,2.125601519142715,,0,0,53,False
RIC,3,Red Bull Racing,Abu Dhabi Grand Prix,2018,Yas Marina,,4.0,1.0,6.0,2.840909090909091,1.5839776516244368,,16,0,54,False
OCO,31,Aston Martin,Abu Dhabi Grand Prix,2018,Yas Marina,,9.0,6.0,18.0,10.722222222222221,3.738686638082654,,0,0,44,True
VER,33,Red Bull Racing,Abu Dhabi Grand Prix,2018,Yas Marina,,3.0,3.0,9.0,4.159090909090909,1.2189049950230648,,0,0,54,False
SIR,35,Williams,Abu Dhabi Grand Prix,2018,Yas Marina,,15.0,15.0,18.0,16.53488372093023,0.7972822052000672,,0,0,53,False
HAM,44,Mercedes,Abu Dhabi Grand Prix,2018,Yas Marina,,1.0,1.0,5.0,2.0652173913043477,1.4047882230752156,,21,0,54,False
VET,5,Ferrari,Abu Dhabi Grand Prix,2018,Yas Marina,,2.0,2.0,5.0,2.8636363636363638,1.0021119347706249,,0,0,54,False
SAI,55,Alpine,Abu Dhabi Grand Prix,2018,Yas Marina,,6.0,6.0,11.0,6.909090909090909,1.3086151355301867,,0,0,54,False
RAI,7,Ferrari,Abu Dhabi Grand Prix,2018,Yas Marina,,12.0,4.0,12.0,8.0,5.656854249492381,,0,0,6,True
BOT,77,Mercedes,Abu Dhabi Grand Prix,2018,Yas Marina,,5.0,1.0,5.0,3.1904761904761907,1.3834931970373212,,7,0,54,False
GRO,8,Haas,Abu Dhabi Grand Prix,2018,Yas Marina,,9.0,6.0,17.0,12.688888888888888,2.8589748816205742,,0,0,53,False
ERI,9,Kick Sauber,Abu Dhabi Grand Prix,2018,Yas Marina,,8.0,8.0,12.0,8.666666666666666,1.137592917989042,,0,0,24,True
GAS,10,Red Bull Racing,Australian Grand Prix,2019,Melbourne,,11.0,6.0,16.0,10.403846153846153,3.327011350279238,,0,0,56,False
PER,11,Aston Martin,Australian Grand Prix,2019,Melbourne,,13.0,11.0,16.0,13.5,1.4484609817617713,,0,0,56,False
LEC,16,Ferrari,Australian Grand Prix,2019,Melbourne,,5.0,2.0,5.0,4.433962264150943,0.9905211130872974,,0,0,57,False
STR,18,Aston Martin,Australian Grand Prix,2019,Melbourne,,9.0,6.0,13.0,9.26923076923077,2.352432071619436,,0,0,56,False
MAG,20,Haas,Australian Grand Prix,2019,Melbourne,,6.0,6.0,10.0,6.811320754716981,1.2566225149733237,,0,0,57,False
ALB,23,Racing Bulls,Australian Grand Prix,2019,Melbourne,,14.0,9.0,16.0,13.538461538461538,1.6385256220694198,,0,0,56,False
KVY,26,Racing Bulls,Australian Grand Prix,2019,Melbourne,,10.0,7.0,15.0,10.51923076923077,2.5704991856346533,,0,0,56,False
HUL,27,Alpine,Australian Grand Prix,2019,Melbourne,,7.0,7.0,11.0,8.134615384615385,1.2838185406235838,,0,0,56,False
RIC,3,Alpine,Australian Grand Prix,2019,Melbourne,,16.0,16.0,20.0,18.115384615384617,0.8638019716079873,,0,0,28,True
VER,33,Red Bull Racing,Australian Grand Prix,2019,Melbourne,,3.0,1.0,5.0,3.0943396226415096,0.814865513759933,,2,0,57,False
NOR,4,McLaren,Australian Grand Prix,2019,Melbourne,,12.0,7.0,13.0,11.549019607843137,1.3313711051423052,,0,0,56,False
HAM,44,Mercedes,Australian Grand Prix,2019,Melbourne,,2.0,2.0,4.0,2.358490566037736,0.7362676045339845,,0,0,57,False
VET,5,Ferrari,Australian Grand Prix,2019,Melbourne,,4.0,3.0,5.0,3.9056603773584904,0.6868028197434451,,0,0,57,False
SAI,55,McLaren,Australian Grand Prix,2019,Melbourne,,14.0,14.0,14.0,14.0,0.0,,0,0,9,True
RUS,63,Williams,Australian Grand Prix,2019,Melbourne,,16.0,16.0,18.0,16.714285714285715,0.7905694150420948,,0,0,55,False
RAI,7,Kick Sauber,Australian Grand Prix,2019,Melbourne,,8.0,8.0,14.0,9.25,1.493449750364151,,0,0,56,False
BOT,77,Mercedes,Australian Grand Prix,2019,Melbourne,,1.0,1.0,1.0,1.0,0.0,,53,0,57,False
GRO,8,Haas,Australian Grand Prix,2019,Melbourne,,13.0,6.0,14.0,10.307692307692308,3.4729725684978368,,0,0,29,True
KUB,88,Williams,Australian Grand Prix,2019,Melbourne,,17.0,17.0,20.0,18.166666666666668,1.1729818944990988,,0,0,54,True
GIO,99,Kick Sauber,Australian Grand Prix,2019,Melbourne,,15.0,9.0,17.0,14.423076923076923,2.12682358981701,,0,0,56,False
GAS,10,Red Bull Racing,Bahrain Grand Prix,2019,Sakhir,,9.0,6.0,17.0,10.119047619047619,2.097645380901782,,0,0,53,False
PER,11,Aston Martin,Bahrain Grand Prix,2019,Sakhir,,12.0,9.0,15.0,11.225,1.5440124218976865,,0,0,52,False
LEC,16,Ferrari,Bahrain Grand Prix,2019,Sakhir,,2.0,1.0,2.0,1.1904761904761905,0.39743661793163754,,34,0,53,False
STR,18,Aston Martin,Bahrain Grand Prix,2019,Sakhir,,16.0,16.0,19.0,17.19047619047619,0.916996561902623,,0,0,52,False
MAG,20,Haas,Bahrain Grand Prix,2019,Sakhir,,15.0,6.0,15.0,12.425,2.1470014868684615,,0,0,52,False
ALB,23,Racing Bulls,Bahrain Grand Prix,2019,Sakhir,,11.0,10.0,16.0,12.675,1.6390663383580488,,0,0,52,False
KVY,26,Racing Bulls,Bahrain Grand Prix,2019,Sakhir,,14.0,8.0,16.0,14.0,1.5652475842498528,,0,0,52,False
HUL,27,Alpine,Bahrain Grand Prix,2019,Sakhir,,6.0,5.0,11.0,7.024390243902439,1.274515689939688,,0,0,53,False
RIC,3,Alpine,Bahrain Grand Prix,2019,Sakhir,,10.0,2.0,12.0,7.609756097560975,2.587257706341676,,0,0,52,False
VER,33,Red Bull Racing,Bahrain Grand Prix,2019,Sakhir,,4.0,4.0,6.0,4.785714285714286,0.6062968075252673,,0,0,53,False
NOR,4,McLaren,Bahrain Grand Prix,2019,Sakhir,,7.0,5.0,13.0,8.3,1.63613051952559,,0,0,53,False
HAM,44,Mercedes,Bahrain Grand Prix,2019,Sakhir,,1.0,1.0,4.0,2.3902439024390243,0.7706506595237496,,6,0,53,False
VET,5,Ferrari,Bahrain Grand Prix,2019,Sakhir,,5.0,1.0,6.0,3.026315789473684,1.4234871932945812,,2,0,53,False
SAI,55,McLaren,Bahrain Grand Prix,2019,Sakhir,,17.0,6.0,20.0,18.35,2.2135943621178655,,0,0,52,False
RUS,63,Williams,Bahrain Grand Prix,2019,Sakhir,,18.0,12.0,18.0,16.536585365853657,1.142312588033804,,0,0,52,False
RAI,7,Kick Sauber,Bahrain Grand Prix,2019,Sakhir,,8.0,7.0,11.0,8.075,0.9710554659486336,,0,0,53,False
BOT,77,Mercedes,Bahrain Grand Prix,2019,Sakhir,,3.0,2.0,5.0,3.7209302325581395,0.666389754228275,,0,0,53,False
GRO,8,Haas,Bahrain Grand Prix,2019,Sakhir,,19.0,19.0,20.0,19.1,0.3162277660168379,,0,0,15,True
KUB,88,Williams,Bahrain Grand Prix,2019,Sakhir,,19.0,12.0,19.0,17.425,1.6777197590013624,,0,0,51,False
GIO,99,Kick Sauber,Bahrain Grand Prix,2019,Sakhir,,13.0,7.0,16.0,12.512195121951219,2.0630311585081813,,0,0,52,False
HAM,44,Mercedes,Chinese Grand Prix,2019,Shanghai,,1.0,1.0,1.0,1.0,0.0,,49,0,55,False
BOT,77,Mercedes,Chinese Grand Prix,2019,Shanghai,,2.0,2.0,3.0,2.020408163265306,0.14285714285714288,,0,0,55,False
VET,5,Ferrari,Chinese Grand Prix,2019,Shanghai,,3.0,3.0,4.0,3.326530612244898,0.47380354147934284,,0,0,55,False
VER,33,Red Bull Racing,Chinese Grand Prix,2019,Shanghai,,4.0,4.0,6.0,4.530612244897959,0.5439837932759934,,0,0,55,False
LEC,16,Ferrari,Chinese Grand Prix,2019,Shanghai,,5.0,2.0,5.0,4.040816326530612,0.9780759955449395,,0,0,55,False
GAS,10,Red Bull Racing,Chinese Grand Prix,2019,Shanghai,,6.0,5.0,7.0,6.0212765957446805,0.2544697557947625,,0,0,55,False
RIC,3,Alpine,Chinese Grand Prix,2019,Shanghai,,7.0,7.0,9.0,7.14,0.4045657788144657,,0,0,54,False
PER,11,Aston Martin,Chinese Grand Prix,2019,Shanghai,,8.0,7.0,9.0,8.04,0.3475864303027554,,0,0,54,False
RAI,7,Kick Sauber,Chinese Grand Prix,2019,Shanghai,,9.0,6.0,11.0,8.9,0.9741558354989895,,0,0,54,False
ALB,23,Racing Bulls,Chinese Grand Prix,2019,Shanghai,,10.0,10.0,17.0,11.5,1.8098370656171325,,0,0,54,False
GRO,8,Haas,Chinese Grand Prix,2019,Shanghai,,11.0,9.0,16.0,11.520833333333334,1.6629835189794164,,0,0,54,False
STR,18,Aston Martin,Chinese Grand Prix,2019,Shanghai,,13.0,9.0,15.0,12.0625,1.5075166277619374,,0,0,54,False
MAG,20,Haas,Chinese Grand Prix,2019,Shanghai,,12.0,11.0,17.0,12.8125,1.5250566784026176,,0,0,54,False
SAI,55,McLaren,Chinese Grand Prix,2019,Shanghai,,14.0,13.0,19.0,16.26,2.008248297519457,,0,0,54,False
GIO,99,Kick Sauber,Chinese Grand Prix,2019,Shanghai,,15.0,12.0,18.0,14.770833333333334,1.490959755629843,,0,0,54,False
RUS,63,Williams,Chinese Grand Prix,2019,Shanghai,,16.0,12.0,18.0,15.617021276595745,1.609120627917509,,0,0,53,False
KUB,88,Williams,Chinese Grand Prix,2019,Shanghai,,17.0,13.0,19.0,17.53061224489796,1.276421443207639,,0,0,53,False
NOR,4,McLaren,Chinese Grand Prix,2019,Shanghai,,17.0,17.0,20.0,18.813953488372093,1.074727295498687,,0,0,49,True
KVY,26,Racing Bulls,Chinese Grand Prix,2019,Shanghai,,16.0,10.0,17.0,14.34375,2.266294047487532,,0,0,40,True
HUL,27,Alpine,Chinese Grand Prix,2019,Shanghai,,15.0,9.0,15.0,10.727272727272727,2.76010539983201,,0,0,15,True
GAS,10,Red Bull Racing,Azerbaijan Grand Prix,2019,Baku,,6.0,5.0,19.0,8.088235294117647,4.100019564320088,,0,0,38,True
PER,11,Aston Martin,Azerbaijan Grand Prix,2019,Baku,4.0,6.0,4.0,9.0,6.409090909090909,1.0635216143085575,-2.0,0,0,50,False
LEC,16,Ferrari,Azerbaijan Grand Prix,2019,Baku,10.0,5.0,1.0,10.0,3.5,2.698527613727768,5.0,18,0,50,False
STR,18,Aston Martin,Azerbaijan Grand Prix,2019,Baku,11.0,9.0,9.0,18.0,11.454545454545455,2.671595163720744,2.0,0,0,50,False
MAG,20,Haas,Azerbaijan Grand Prix,2019,Baku,13.0,13.0,12.0,17.0,13.214285714285714,1.15896746067907,0.0,0,0,49,False
ALB,23,Racing Bulls,Azerbaijan Grand Prix,2019,Baku,12.0,11.0,9.0,20.0,13.833333333333334,3.3779533901004397,1.0,0,0,49,False
KVY,26,Racing Bulls,Azerbaijan Grand Prix,2019,Baku,7.0,10.0,7.0,19.0,11.035714285714286,2.7819809469904695,-3.0,0,0,30,True
HUL,27,Alpine,Azerbaijan Grand Prix,2019,Baku,14.0,14.0,13.0,19.0,15.475,1.6327968768421994,0.0,0,0,49,False
RIC,3,Alpine,Azerbaijan Grand Prix,2019,Baku,9.0,11.0,9.0,17.0,11.892857142857142,2.0609110842912406,-2.0,0,0,30,True
VER,33,Red Bull Racing,Azerbaijan Grand Prix,2019,Baku,5.0,4.0,3.0,6.0,4.523809523809524,0.5942035143723492,1.0,0,0,50,False
NOR,4,McLaren,Azerbaijan Grand Prix,2019,Baku,6.0,8.0,6.0,11.0,7.909090909090909,0.884443901442683,-2.0,0,0,50,False
HAM,44,Mercedes,Azerbaijan Grand Prix,2019,Baku,2.0,2.0,1.0,3.0,2.357142857142857,0.5328903502931349,0.0,1,0,50,False
VET,5,Ferrari,Azerbaijan Grand Prix,2019,Baku,3.0,3.0,3.0,5.0,3.4761904761904763,0.5942035143723492,0.0,0,0,50,False
SAI,55,McLaren,Azerbaijan Grand Prix,2019,Baku,8.0,7.0,6.0,10.0,8.159090909090908,1.0771016625849856,1.0,0,0,50,False
RUS,63,Williams,Azerbaijan Grand Prix,2019,Baku,18.0,15.0,12.0,19.0,16.536585365853657,2.2033787801420996,3.0,0,0,48,False
RAI,7,Kick Sauber,Azerbaijan Grand Prix,2019,Baku,,10.0,10.0,19.0,13.285714285714286,2.6621622816682837,,0,0,49,False
BOT,77,Mercedes,Azerbaijan Grand Prix,2019,Baku,1.0,1.0,1.0,3.0,1.4285714285714286,0.5474043916011735,0.0,25,0,50,False
GRO,8,Haas,Azerbaijan Grand Prix,2019,Baku,16.0,16.0,7.0,18.0,13.454545454545455,3.5976633831115743,0.0,0,0,37,True
KUB,88,Williams,Azerbaijan Grand Prix,2019,Baku,,16.0,14.0,20.0,18.054054054054053,2.067552846912207,,0,0,48,False
GIO,99,Kick Sauber,Azerbaijan Grand Prix,2019,Baku,15.0,12.0,12.0,20.0,15.285714285714286,2.606611802150066,3.0,0,0,49,False
GAS,10,Red Bull Racing,Spanish Grand Prix,2019,Barcelona,,6.0,4.0,8.0,6.0,0.4758309514308865,,0,0,65,False
PER,11,Aston Martin,Spanish Grand Prix,2019,Barcelona,,15.0,12.0,16.0,13.62962962962963,0.9172620517378612,,0,0,65,False
LEC,16,Ferrari,Spanish Grand Prix,2019,Barcelona,,5.0,3.0,5.0,4.407407407407407,0.6873113742890582,,0,0,65,False
STR,18,Aston Martin,Spanish Grand Prix,2019,Barcelona,,14.0,14.0,17.0,14.487804878048781,0.897829360722632,,0,0,44,True
MAG,20,Haas,Spanish Grand Prix,2019,Barcelona,,7.0,7.0,11.0,8.055555555555555,0.8777472595071585,,0,0,65,False
ALB,23,Racing Bulls,Spanish Grand Prix,2019,Barcelona,,11.0,7.0,12.0,10.25925925925926,0.8283920588794504,,0,0,65,False
KVY,26,Racing Bulls,Spanish Grand Prix,2019,Barcelona,,9.0,8.0,16.0,9.38888888888889,1.446096458938151,,0,0,65,False
HUL,27,Alpine,Spanish Grand Prix,2019,Barcelona,,13.0,8.0,17.0,13.481481481481481,2.8266971241585233,,0,0,65,False
RIC,3,Alpine,Spanish Grand Prix,2019,Barcelona,,12.0,11.0,15.0,12.277777777777779,0.684509648667933,,0,0,65,False
VER,33,Red Bull Racing,Spanish Grand Prix,2019,Barcelona,,3.0,3.0,5.0,3.0961538461538463,0.357530494222021,,0,0,65,False
NOR,4,McLaren,Spanish Grand Prix,2019,Barcelona,,15.0,10.0,17.0,15.390243902439025,1.1374983248446524,,0,0,44,True
HAM,44,Mercedes,Spanish Grand Prix,2019,Barcelona,,1.0,1.0,1.0,1.0,0.0,,55,0,65,False
VET,5,Ferrari,Spanish Grand Prix,2019,Barcelona,,4.0,4.0,8.0,4.653846153846154,0.904988687712105,,0,0,65,False
SAI,55,McLaren,Spanish Grand Prix,2019,Barcelona,,8.0,8.0,14.0,10.592592592592593,1.3807096687493923,,0,0,65,False
RUS,63,Williams,Spanish Grand Prix,2019,Barcelona,,17.0,17.0,20.0,18.358490566037737,0.9424668862299929,,0,0,64,False
RAI,7,Kick Sauber,Spanish Grand Prix,2019,Barcelona,,14.0,11.0,20.0,16.132075471698112,1.743534604552318,,0,0,65,False
BOT,77,Mercedes,Spanish Grand Prix,2019,Barcelona,,2.0,2.0,2.0,2.0,0.0,,0,0,65,False
GRO,8,Haas,Spanish Grand Prix,2019,Barcelona,,10.0,5.0,10.0,7.296296296296297,1.1431441189061846,,0,0,65,False
KUB,88,Williams,Spanish Grand Prix,2019,Barcelona,,18.0,18.0,20.0,19.01923076923077,0.8964064338908803,,0,0,64,False
GIO,99,Kick Sauber,Spanish Grand Prix,2019,Barcelona,,16.0,15.0,20.0,17.784313725490197,1.6530423526358433,,0,0,65,False
HAM,44,Mercedes,Monaco Grand Prix,2019,Monaco,,1.0,1.0,1.0,1.0,0.0,,66,0,77,False
VET,5,Ferrari,Monaco Grand Prix,2019,Monaco,,3.0,3.0,4.0,3.090909090909091,0.2896827297511605,,0,0,77,False
BOT,77,Mercedes,Monaco Grand Prix,2019,Monaco,,4.0,2.0,4.0,3.8181818181818183,0.579365459502321,,0,0,77,False
VER,33,Red Bull Racing,Monaco Grand Prix,2019,Monaco,,2.0,2.0,3.0,2.090909090909091,0.2896827297511605,,0,0,77,False
GAS,10,Red Bull Racing,Monaco Grand Prix,2019,Monaco,,5.0,5.0,9.0,5.770491803278689,1.0861774352126026,,0,0,77,False
SAI,55,McLaren,Monaco Grand Prix,2019,Monaco,,6.0,5.0,9.0,6.523809523809524,0.9132915101370861,,0,0,77,False
KVY,26,Racing Bulls,Monaco Grand Prix,2019,Monaco,,7.0,5.0,9.0,7.380952380952381,0.9406341620035448,,0,0,77,False
ALB,23,Racing Bulls,Monaco Grand Prix,2019,Monaco,,8.0,5.0,10.0,7.796875,1.3114839226483408,,0,0,77,False
RIC,3,Alpine,Monaco Grand Prix,2019,Monaco,,10.0,5.0,13.0,10.846153846153847,2.173927675536042,,0,0,77,False
GRO,8,Haas,Monaco Grand Prix,2019,Monaco,,9.0,5.0,13.0,8.19047619047619,1.9580861529790965,,0,0,77,False
NOR,4,McLaren,Monaco Grand Prix,2019,Monaco,,11.0,10.0,14.0,10.777777777777779,1.0692844222316344,,0,0,77,False
PER,11,Aston Martin,Monaco Grand Prix,2019,Monaco,,13.0,13.0,16.0,14.015625,1.076328083279974,,0,0,76,False
HUL,27,Alpine,Monaco Grand Prix,2019,Monaco,,14.0,11.0,16.0,14.546875,1.3793222110532266,,0,0,76,False
MAG,20,Haas,Monaco Grand Prix,2019,Monaco,,12.0,6.0,14.0,12.3125,2.0615528128088303,,0,0,76,False
RUS,63,Williams,Monaco Grand Prix,2019,Monaco,,15.0,15.0,20.0,16.171875,1.442602228778325,,0,0,76,False
STR,18,Aston Martin,Monaco Grand Prix,2019,Monaco,,16.0,11.0,18.0,14.301587301587302,2.4992574422049434,,0,0,76,False
RAI,7,Kick Sauber,Monaco Grand Prix,2019,Monaco,,17.0,11.0,17.0,14.64516129032258,2.630818448936353,,0,0,76,False
KUB,88,Williams,Monaco Grand Prix,2019,Monaco,,18.0,18.0,19.0,18.317460317460316,0.46922712106381165,,0,0,76,False
GIO,99,Kick Sauber,Monaco Grand Prix,2019,Monaco,,19.0,17.0,19.0,18.580645161290324,0.615333765136602,,0,0,75,False
LEC,16,Ferrari,Monaco Grand Prix,2019,Monaco,,12.0,12.0,13.0,12.8,0.4472135954999579,,0,0,7,True
GAS,10,Red Bull Racing,Canadian Grand Prix,2019,Montréal,,8.0,5.0,9.0,8.298245614035087,1.0344928412495136,,0,0,68,False
PER,11,Aston Martin,Canadian Grand Prix,2019,Montréal,,12.0,8.0,14.0,12.383333333333333,1.1657785158522176,,0,0,68,False
LEC,16,Ferrari,Canadian Grand Prix,2019,Montréal,,3.0,1.0,3.0,2.8596491228070176,0.4795308902320233,,3,0,69,False
STR,18,Aston Martin,Canadian Grand Prix,2019,Montréal,,9.0,8.0,14.0,9.206896551724139,1.5189865121844983,,0,0,68,False
MAG,20,Haas,Canadian Grand Prix,2019,Montréal,,17.0,15.0,19.0,16.912280701754387,1.005000031172458,,0,0,67,False
ALB,23,Racing Bulls,Canadian Grand Prix,2019,Montréal,,16.0,16.0,20.0,17.102040816326532,1.2623539182677679,,0,0,59,True
KVY,26,Racing Bulls,Canadian Grand Prix,2019,Montréal,,10.0,7.0,13.0,11.266666666666667,1.1478301809474194,,0,0,68,False
HUL,27,Alpine,Canadian Grand Prix,2019,Montréal,,7.0,4.0,7.0,6.672413793103448,0.8247898410575119,,0,0,68,False
RIC,3,Alpine,Canadian Grand Prix,2019,Montréal,,6.0,4.0,7.0,5.724137931034483,0.6699856884639563,,0,0,68,False
VER,33,Red Bull Racing,Canadian Grand Prix,2019,Montréal,,5.0,3.0,9.0,5.084745762711864,1.2075643138897456,,0,0,69,False
NOR,4,McLaren,Canadian Grand Prix,2019,Montréal,,10.0,8.0,10.0,8.5,0.8366600265340756,,0,0,8,True
HAM,44,Mercedes,Canadian Grand Prix,2019,Montréal,,2.0,1.0,3.0,1.9824561403508771,0.23077726353219574,,2,0,69,False
VET,5,Ferrari,Canadian Grand Prix,2019,Montréal,,1.0,1.0,2.0,1.0526315789473684,0.22528177844479147,,54,0,69,False
SAI,55,McLaren,Canadian Grand Prix,2019,Montréal,,11.0,9.0,19.0,10.46551724137931,2.129290444712307,,0,0,68,False
RUS,63,Williams,Canadian Grand Prix,2019,Montréal,,16.0,14.0,18.0,16.847457627118644,0.9061772552879316,,0,0,67,False
RAI,7,Kick Sauber,Canadian Grand Prix,2019,Montréal,,15.0,13.0,18.0,14.178571428571429,1.1458564539186455,,0,0,68,False
BOT,77,Mercedes,Canadian Grand Prix,2019,Montréal,,4.0,4.0,7.0,4.677966101694915,0.9366241281601614,,0,0,69,False
GRO,8,Haas,Canadian Grand Prix,2019,Montréal,,14.0,11.0,18.0,14.0,1.4265650070355174,,0,0,68,False
KUB,88,Williams,Canadian Grand Prix,2019,Montréal,,18.0,17.0,19.0,18.745454545454546,0.5170493857844407,,0,0,66,True
GIO,99,Kick Sauber,Canadian Grand Prix,2019,Montréal,,13.0,10.0,14.0,12.517241379310345,1.5921008884362409,,0,0,68,False
HAM,44,Mercedes,French Grand Prix,2019,Le Castellet,1.0,1.0,1.0,1.0,1.0,0.0,0.0,45,0,52,False
BOT,77,Mercedes,French Grand Prix,2019,Le Castellet,2.0,2.0,2.0,2.0,2.0,0.0,0.0,0,0,52,False
LEC,16,Ferrari,French Grand Prix,2019,Le Castellet,3.0,3.0,3.0,4.0,3.0425531914893615,0.20402970888857874,0.0,0,0,52,False
VER,33,Red Bull Racing,French Grand Prix,2019,Le Castellet,4.0,4.0,4.0,5.0,4.043478260869565,0.2061845709423622,0.0,0,0,52,False
VET,5,Ferrari,French Grand Prix,2019,Le Castellet,7.0,5.0,2.0,7.0,5.093023255813954,0.8677818874626244,2.0,0,0,48,True
SAI,55,McLaren,French Grand Prix,2019,Le Castellet,5.0,6.0,5.0,10.0,6.7555555555555555,1.4947720342391462,-1.0,0,0,52,False
RAI,7,Kick Sauber,French Grand Prix,2019,Le Castellet,11.0,9.0,6.0,11.0,8.795454545454545,1.82463179407034,2.0,0,0,51,False
HUL,27,Alpine,French Grand Prix,2019,Le Castellet,12.0,10.0,6.0,12.0,9.466666666666667,1.9954493683925383,2.0,0,0,51,False
NOR,4,McLaren,French Grand Prix,2019,Le Castellet,6.0,7.0,6.0,11.0,7.909090909090909,1.5374122295716146,-1.0,0,0,51,False
GAS,10,Red Bull Racing,French Grand Prix,2019,Le Castellet,8.0,11.0,8.0,15.0,10.886363636363637,2.5170664827626097,-3.0,0,0,51,False
RIC,3,Alpine,French Grand Prix,2019,Le Castellet,10.0,8.0,8.0,14.0,10.136363636363637,2.0864001387825994,2.0,0,0,51,False
PER,11,Aston Martin,French Grand Prix,2019,Le Castellet,13.0,12.0,10.0,16.0,13.0,1.4616304718921387,1.0,0,0,51,False
STR,18,Aston Martin,French Grand Prix,2019,Le Castellet,15.0,13.0,6.0,15.0,10.977777777777778,3.180114984262568,2.0,0,0,51,False
KVY,26,Racing Bulls,French Grand Prix,2019,Le Castellet,20.0,14.0,10.0,20.0,14.511111111111111,2.5371980090985677,6.0,0,0,51,False
ALB,23,Racing Bulls,French Grand Prix,2019,Le Castellet,16.0,15.0,9.0,17.0,14.044444444444444,2.1208441239232547,1.0,0,0,51,False
GIO,99,Kick Sauber,French Grand Prix,2019,Le Castellet,9.0,16.0,9.0,20.0,16.431818181818183,3.1356741589791564,-7.0,0,0,51,False
MAG,20,Haas,French Grand Prix,2019,Le Castellet,14.0,17.0,13.0,20.0,16.377777777777776,2.037030915203535,-3.0,0,0,51,False
KUB,88,Williams,French Grand Prix,2019,Le Castellet,17.0,18.0,17.0,20.0,18.795454545454547,0.8512520315051524,-1.0,0,0,50,False
RUS,63,Williams,French Grand Prix,2019,Le Castellet,19.0,19.0,18.0,20.0,19.25581395348837,0.658028196523304,0.0,0,0,50,False
GRO,8,Haas,French Grand Prix,2019,Le Castellet,18.0,16.0,12.0,18.0,15.475,1.7684920419849512,2.0,0,0,44,True
VER,33,Red Bull Racing,Austrian Grand Prix,2019,Spielberg,7.0,1.0,1.0,7.0,3.7058823529411766,1.6304822428231303,6.0,2,0,70,False
LEC,16,Ferrari,Austrian Grand Prix,2019,Spielberg,1.0,2.0,1.0,3.0,1.25,0.6318652794253563,-1.0,58,0,70,False
BOT,77,Mercedes,Austrian Grand Prix,2019,Spielberg,2.0,3.0,2.0,4.0,2.4705882352941178,0.7011842484734573,-1.0,0,0,70,False
VET,5,Ferrari,Austrian Grand Prix,2019,Spielberg,6.0,4.0,3.0,6.0,4.2727272727272725,0.9534625892455922,2.0,0,0,70,False
HAM,44,Mercedes,Austrian Grand Prix,2019,Spielberg,3.0,5.0,1.0,5.0,3.6323529411764706,1.2326940737845133,-2.0,7,0,70,False
NOR,4,McLaren,Austrian Grand Prix,2019,Spielberg,5.0,6.0,5.0,9.0,6.477611940298507,0.9902281487222709,-1.0,0,0,69,False
GAS,10,Red Bull Racing,Austrian Grand Prix,2019,Spielberg,8.0,7.0,7.0,12.0,7.940298507462686,1.1531327161512437,1.0,0,0,69,False
SAI,55,McLaren,Austrian Grand Prix,2019,Spielberg,17.0,8.0,6.0,17.0,10.417910447761194,3.4734894416062065,9.0,0,0,69,False
RAI,7,Kick Sauber,Austrian Grand Prix,2019,Spielberg,4.0,9.0,4.0,14.0,8.17910447761194,2.036971706073328,-5.0,0,0,69,False
GIO,99,Kick Sauber,Austrian Grand Prix,2019,Spielberg,9.0,10.0,9.0,14.0,9.985074626865671,1.148022506819719,-1.0,0,0,69,False
PER,11,Aston Martin,Austrian Grand Prix,2019,Spielberg,11.0,11.0,6.0,13.0,10.671641791044776,1.2955408336136611,0.0,0,0,69,False
RIC,3,Alpine,Austrian Grand Prix,2019,Spielberg,14.0,13.0,7.0,14.0,11.626865671641792,2.8753699150455687,1.0,0,0,69,False
HUL,27,Alpine,Austrian Grand Prix,2019,Spielberg,12.0,12.0,9.0,15.0,11.955223880597014,1.079180887762559,0.0,0,0,69,False
STR,18,Aston Martin,Austrian Grand Prix,2019,Spielberg,13.0,14.0,11.0,16.0,13.223880597014926,1.1391237398183833,-1.0,0,0,69,False
ALB,23,Racing Bulls,Austrian Grand Prix,2019,Spielberg,18.0,15.0,9.0,18.0,14.686567164179104,1.835747351929887,3.0,0,0,69,False
GRO,8,Haas,Austrian Grand Prix,2019,Spielberg,15.0,16.0,14.0,17.0,15.865671641791044,0.4571162039138374,-1.0,0,0,69,False
KVY,26,Racing Bulls,Austrian Grand Prix,2019,Spielberg,19.0,17.0,16.0,19.0,17.35820895522388,0.7726674092862558,2.0,0,0,69,False
RUS,63,Williams,Austrian Grand Prix,2019,Spielberg,,18.0,17.0,20.0,18.0,0.4330127018922193,,0,0,68,False
MAG,20,Haas,Austrian Grand Prix,2019,Spielberg,10.0,19.0,10.0,20.0,18.048387096774192,2.639097084510178,-9.0,0,0,68,False
KUB,88,Williams,Austrian Grand Prix,2019,Spielberg,16.0,20.0,16.0,20.0,19.73846153846154,0.7131997238879487,-4.0,0,0,67,True
GAS,10,Red Bull Racing,British Grand Prix,2019,Silverstone,6.0,4.0,4.0,7.0,5.219512195121951,1.107072606515743,2.0,0,0,51,False
PER,11,Aston Martin,British Grand Prix,2019,Silverstone,14.0,17.0,8.0,17.0,14.289473684210526,3.0216148782169006,-3.0,0,0,50,False
LEC,16,Ferrari,British Grand Prix,2019,Silverstone,3.0,3.0,3.0,6.0,3.902439024390244,1.2807200718498264,0.0,0,0,51,False
STR,18,Aston Martin,British Grand Prix,2019,Silverstone,15.0,13.0,11.0,18.0,13.717948717948717,1.4132589800420043,2.0,0,0,51,False
MAG,20,Haas,British Grand Prix,2019,Silverstone,,20.0,20.0,20.0,20.0,0.0,,0,0,5,True
ALB,23,Racing Bulls,British Grand Prix,2019,Silverstone,10.0,11.0,8.0,13.0,9.926829268292684,1.1914328328201935,-1.0,0,0,51,False
KVY,26,Racing Bulls,British Grand Prix,2019,Silverstone,16.0,9.0,9.0,17.0,13.21951219512195,2.6125867939836107,7.0,0,0,51,False
HUL,27,Alpine,British Grand Prix,2019,Silverstone,9.0,10.0,9.0,15.0,10.829268292682928,1.563688572324909,-1.0,0,0,51,False
RIC,3,Alpine,British Grand Prix,2019,Silverstone,8.0,7.0,7.0,11.0,8.24390243902439,1.2405742179506642,1.0,0,0,51,False
VER,33,Red Bull Racing,British Grand Prix,2019,Silverstone,4.0,5.0,4.0,5.0,4.5,0.5060608273474739,-1.0,0,0,51,False
NOR,4,McLaren,British Grand Prix,2019,Silverstone,7.0,12.0,7.0,13.0,9.564102564102564,2.3818930087208474,-5.0,0,0,51,False
HAM,44,Mercedes,British Grand Prix,2019,Silverstone,2.0,1.0,1.0,2.0,1.3555555555555556,0.4840903163082632,1.0,29,0,51,False
VET,5,Ferrari,British Grand Prix,2019,Silverstone,5.0,15.0,2.0,17.0,7.195121951219512,5.780222799318041,-10.0,0,0,50,False
SAI,55,McLaren,British Grand Prix,2019,Silverstone,11.0,6.0,6.0,11.0,7.681818181818182,2.132502921535961,5.0,0,0,51,False
RUS,63,Williams,British Grand Prix,2019,Silverstone,17.0,14.0,13.0,17.0,15.19047619047619,1.2923432157225718,3.0,0,0,50,False
RAI,7,Kick Sauber,British Grand Prix,2019,Silverstone,12.0,8.0,8.0,13.0,10.439024390243903,1.858074009395278,4.0,0,0,51,False
BOT,77,Mercedes,British Grand Prix,2019,Silverstone,1.0,2.0,1.0,3.0,1.675,0.572332161042958,-1.0,15,0,51,False
GRO,8,Haas,British Grand Prix,2019,Silverstone,,19.0,19.0,19.0,19.0,0.0,,0,0,8,True
KUB,88,Williams,British Grand Prix,2019,Silverstone,18.0,16.0,15.0,18.0,16.5,1.214746786823312,2.0,0,0,50,False
GIO,99,Kick Sauber,British Grand Prix,2019,Silverstone,13.0,10.0,10.0,16.0,13.833333333333334,2.640187159141207,3.0,0,0,18,True
GAS,10,Red Bull Racing,German Grand Prix,2019,Hockenheim,8.0,7.0,7.0,19.0,10.666666666666666,3.2467932897963596,1.0,0,0,61,False
PER,11,Aston Martin,German Grand Prix,2019,Hockenheim,11.0,11.0,11.0,11.0,11.0,,0.0,0,0,1,True
LEC,16,Ferrari,German Grand Prix,2019,Hockenheim,6.0,3.0,3.0,6.0,4.1,0.5525062514530825,3.0,0,0,26,True
STR,18,Aston Martin,German Grand Prix,2019,Hockenheim,15.0,4.0,2.0,17.0,10.527777777777779,6.087392644338724,11.0,0,0,63,False
MAG,20,Haas,German Grand Prix,2019,Hockenheim,10.0,10.0,4.0,16.0,11.757575757575758,3.6829870946548184,0.0,0,0,63,False
ALB,23,Racing Bulls,German Grand Prix,2019,Hockenheim,16.0,6.0,4.0,16.0,7.555555555555555,2.4312776705080625,10.0,0,0,63,False
KVY,26,Racing Bulls,German Grand Prix,2019,Hockenheim,17.0,3.0,2.0,19.0,9.378378378378379,5.350759818066087,14.0,0,0,63,False
HUL,27,Alpine,German Grand Prix,2019,Hockenheim,5.0,4.0,2.0,6.0,4.56,1.1210114480533493,1.0,0,0,39,True
RIC,3,Alpine,German Grand Prix,2019,Hockenheim,13.0,12.0,12.0,17.0,13.3,1.8287822299126937,1.0,0,0,13,True
VER,33,Red Bull Racing,German Grand Prix,2019,Hockenheim,4.0,1.0,1.0,4.0,2.026315789473684,1.052329259573621,3.0,19,0,63,False
NOR,4,McLaren,German Grand Prix,2019,Hockenheim,19.0,13.0,9.0,19.0,14.0625,2.080664957811965,6.0,0,0,24,True
HAM,44,Mercedes,German Grand Prix,2019,Hockenheim,1.0,11.0,1.0,15.0,4.2631578947368425,4.79686953395095,-10.0,21,0,63,False
VET,5,Ferrari,German Grand Prix,2019,Hockenheim,14.0,2.0,2.0,14.0,7.142857142857143,2.130214807490179,12.0,0,0,63,False
SAI,55,McLaren,German Grand Prix,2019,Hockenheim,9.0,5.0,5.0,14.0,7.972972972972973,3.2445380298321407,4.0,0,0,63,False
RUS,63,Williams,German Grand Prix,2019,Hockenheim,18.0,13.0,10.0,18.0,15.1875,2.116562947251373,5.0,0,0,63,False
RAI,7,Kick Sauber,German Grand Prix,2019,Hockenheim,3.0,7.0,3.0,11.0,7.114285714285714,1.9215714857350261,-4.0,0,0,63,False
BOT,77,Mercedes,German Grand Prix,2019,Hockenheim,2.0,4.0,2.0,4.0,2.5428571428571427,0.8520859229960716,-2.0,0,0,56,True
GRO,8,Haas,German Grand Prix,2019,Hockenheim,7.0,9.0,7.0,15.0,10.805555555555555,1.5272654263551189,-2.0,0,0,63,False
KUB,88,Williams,German Grand Prix,2019,Hockenheim,20.0,12.0,12.0,20.0,16.0,2.503331114069145,8.0,0,0,63,False
GIO,99,Kick Sauber,German Grand Prix,2019,Hockenheim,12.0,8.0,7.0,16.0,10.342857142857143,1.8301857370039722,4.0,0,0,63,False
HAM,44,Mercedes,Hungarian Grand Prix,2019,Budapest,2.0,1.0,1.0,2.0,1.859375,0.35038244411336755,1.0,9,0,69,False
VER,33,Red Bull Racing,Hungarian Grand Prix,2019,Budapest,1.0,2.0,1.0,2.0,1.09375,0.29378482569650155,-1.0,58,0,69,False
VET,5,Ferrari,Hungarian Grand Prix,2019,Budapest,5.0,3.0,3.0,5.0,3.803030303030303,0.437464617283834,2.0,0,0,69,False
LEC,16,Ferrari,Hungarian Grand Prix,2019,Budapest,3.0,4.0,3.0,4.0,3.196969696969697,0.40075685971179653,-1.0,0,0,69,False
SAI,55,McLaren,Hungarian Grand Prix,2019,Budapest,6.0,5.0,5.0,6.0,5.046153846153846,0.2114510308831301,1.0,0,0,68,False
GAS,10,Red Bull Racing,Hungarian Grand Prix,2019,Budapest,9.0,6.0,6.0,9.0,6.892307692307693,1.0770775988043546,3.0,0,0,68,False
RAI,7,Kick Sauber,Hungarian Grand Prix,2019,Budapest,8.0,7.0,6.0,8.0,7.076923076923077,0.32150487494808627,1.0,0,0,68,False
BOT,77,Mercedes,Hungarian Grand Prix,2019,Budapest,4.0,8.0,4.0,20.0,11.46031746031746,3.926031390378662,-4.0,0,0,68,False
NOR,4,McLaren,Hungarian Grand Prix,2019,Budapest,7.0,9.0,6.0,11.0,7.507692307692308,1.263960503277754,-2.0,0,0,68,False
ALB,23,Racing Bulls,Hungarian Grand Prix,2019,Budapest,13.0,10.0,10.0,15.0,12.123076923076923,1.4631696363085807,3.0,0,0,68,False
PER,11,Aston Martin,Hungarian Grand Prix,2019,Budapest,12.0,11.0,9.0,15.0,11.446153846153846,1.5312450941836642,1.0,0,0,68,False
HUL,27,Alpine,Hungarian Grand Prix,2019,Budapest,11.0,12.0,6.0,15.0,11.123076923076923,2.2535228830911356,-1.0,0,0,68,False
MAG,20,Haas,Hungarian Grand Prix,2019,Budapest,16.0,13.0,9.0,16.0,13.323076923076924,1.904826864734794,3.0,0,0,68,False
RIC,3,Alpine,Hungarian Grand Prix,2019,Budapest,19.0,14.0,10.0,19.0,13.923076923076923,2.5329558591920596,5.0,0,0,68,False
KVY,26,Racing Bulls,Hungarian Grand Prix,2019,Budapest,15.0,15.0,10.0,16.0,12.71875,1.5783128424274537,0.0,0,0,67,False
RUS,63,Williams,Hungarian Grand Prix,2019,Budapest,14.0,16.0,13.0,18.0,16.15625,1.171334200612195,-2.0,0,0,67,False
STR,18,Aston Martin,Hungarian Grand Prix,2019,Budapest,17.0,17.0,16.0,19.0,17.629032258064516,0.6333328694553302,0.0,0,0,67,False
GIO,99,Kick Sauber,Hungarian Grand Prix,2019,Budapest,18.0,18.0,17.0,20.0,18.390625,0.828408064081296,0.0,0,0,67,False
KUB,88,Williams,Hungarian Grand Prix,2019,Budapest,20.0,19.0,17.0,20.0,19.571428571428573,0.6147195981354402,1.0,0,0,66,True
GRO,8,Haas,Hungarian Grand Prix,2019,Budapest,10.0,16.0,9.0,16.0,13.4,3.2987600976455047,-6.0,0,0,48,True
GAS,10,Racing Bulls,Belgian Grand Prix,2019,Spa-Francorchamps,,10.0,8.0,14.0,10.472222222222221,1.4829721336580635,,0,0,42,False
PER,11,Aston Martin,Belgian Grand Prix,2019,Spa-Francorchamps,,6.0,6.0,12.0,7.611111111111111,1.886459689134692,,0,0,42,False
LEC,16,Ferrari,Belgian Grand Prix,2019,Spa-Francorchamps,,1.0,1.0,3.0,1.135135135135135,0.4191368221424546,,33,0,43,False
STR,18,Aston Martin,Belgian Grand Prix,2019,Spa-Francorchamps,,12.0,8.0,17.0,12.735294117647058,2.2061734804917212,,0,0,42,False
MAG,20,Haas,Belgian Grand Prix,2019,Spa-Francorchamps,,13.0,7.0,18.0,12.75,3.192625431029632,,0,0,42,False
ALB,23,Red Bull Racing,Belgian Grand Prix,2019,Spa-Francorchamps,,7.0,7.0,14.0,10.5,2.8535691936340255,,0,0,42,False
KVY,26,Racing Bulls,Belgian Grand Prix,2019,Spa-Francorchamps,,8.0,5.0,13.0,8.75,2.169595090597058,,0,0,42,False
HUL,27,Alpine,Belgian Grand Prix,2019,Spa-Francorchamps,,11.0,11.0,18.0,13.029411764705882,1.7317935022406257,,0,0,42,False
RIC,3,Alpine,Belgian Grand Prix,2019,Spa-Francorchamps,,15.0,7.0,16.0,10.578947368421053,3.0191423423948622,,0,0,42,False
NOR,4,McLaren,Belgian Grand Prix,2019,Spa-Francorchamps,,5.0,4.0,5.0,4.972222222222222,0.16666666666666663,,0,0,42,False
HAM,44,Mercedes,Belgian Grand Prix,2019,Spa-Francorchamps,,2.0,1.0,3.0,2.4594594594594597,0.5575040903982776,,1,0,43,False
VET,5,Ferrari,Belgian Grand Prix,2019,Spa-Francorchamps,,4.0,1.0,4.0,2.742857142857143,1.1204740893362726,,4,0,43,False
RUS,63,Williams,Belgian Grand Prix,2019,Spa-Francorchamps,,16.0,15.0,17.0,16.305555555555557,0.668449995755402,,0,0,42,False
RAI,7,Kick Sauber,Belgian Grand Prix,2019,Spa-Francorchamps,,17.0,13.0,18.0,16.0,1.3093073414159542,,0,0,42,False
BOT,77,Mercedes,Belgian Grand Prix,2019,Spa-Francorchamps,,3.0,2.0,4.0,3.4594594594594597,0.5575040903982776,,0,0,43,False
GRO,8,Haas,Belgian Grand Prix,2019,Spa-Francorchamps,,14.0,6.0,15.0,9.11111111111111,2.6379405146307144,,0,0,42,False
KUB,88,Williams,Belgian Grand Prix,2019,Spa-Francorchamps,,18.0,17.0,18.0,17.72222222222222,0.45425676257949793,,0,0,42,False
GIO,99,Kick Sauber,Belgian Grand Prix,2019,Spa-Francorchamps,,9.0,6.0,13.0,9.416666666666666,2.3949351318384986,,0,0,42,False
GAS,10,Racing Bulls,Italian Grand Prix,2019,Monza,,11.0,9.0,14.0,12.068181818181818,1.353681067050005,,0,0,51,False
PER,11,Aston Martin,Italian Grand Prix,2019,Monza,,7.0,7.0,17.0,9.222222222222221,2.3538062877824166,,0,0,52,False
LEC,16,Ferrari,Italian Grand Prix,2019,Monza,,1.0,1.0,3.0,1.2380952380952381,0.6172133998483675,,36,0,52,False
STR,18,Aston Martin,Italian Grand Prix,2019,Monza,,12.0,7.0,17.0,12.634146341463415,2.3638538190947385,,0,0,51,False
MAG,20,Haas,Italian Grand Prix,2019,Monza,,14.0,8.0,15.0,11.5625,2.368305505576072,,0,0,42,True
ALB,23,Red Bull Racing,Italian Grand Prix,2019,Monza,,6.0,6.0,11.0,7.0,1.2575354264740255,,0,0,52,False
KVY,26,Racing Bulls,Italian Grand Prix,2019,Monza,,7.0,7.0,12.0,9.125,1.2958965337120694,,0,0,27,True
HUL,27,Alpine,Italian Grand Prix,2019,Monza,,5.0,3.0,6.0,4.933333333333334,0.3931226965534482,,0,0,52,False
RIC,3,Alpine,Italian Grand Prix,2019,Monza,,4.0,2.0,6.0,3.8666666666666667,0.8146387933534491,,0,0,52,False
VER,33,Red Bull Racing,Italian Grand Prix,2019,Monza,,8.0,8.0,20.0,11.659090909090908,3.7722560137673327,,0,0,52,False
NOR,4,McLaren,Italian Grand Prix,2019,Monza,,10.0,9.0,18.0,11.69767441860465,2.2096636645699017,,0,0,51,False
HAM,44,Mercedes,Italian Grand Prix,2019,Monza,,3.0,2.0,5.0,2.575,0.8439072740411041,,0,0,52,False
VET,5,Ferrari,Italian Grand Prix,2019,Monza,,14.0,4.0,20.0,15.512820512820513,4.370184838146797,,0,0,51,False
SAI,55,McLaren,Italian Grand Prix,2019,Monza,,6.0,6.0,8.0,6.260869565217392,0.6887004431501819,,0,0,26,True
RUS,63,Williams,Italian Grand Prix,2019,Monza,,13.0,13.0,18.0,14.930232558139535,1.6094268254673079,,0,0,51,False
RAI,7,Kick Sauber,Italian Grand Prix,2019,Monza,,15.0,15.0,19.0,16.170731707317074,1.3398216117153479,,0,0,51,False
BOT,77,Mercedes,Italian Grand Prix,2019,Monza,,2.0,1.0,3.0,2.395348837209302,0.7603111795186209,,7,0,52,False
GRO,8,Haas,Italian Grand Prix,2019,Monza,,16.0,16.0,20.0,18.11904761904762,1.4176996302389158,,0,0,51,False
KUB,88,Williams,Italian Grand Prix,2019,Monza,,17.0,14.0,18.0,16.658536585365855,1.153467730315005,,0,0,50,False
GIO,99,Kick Sauber,Italian Grand Prix,2019,Monza,,9.0,6.0,13.0,8.44186046511628,1.608050070018186,,0,0,51,False
GAS,10,Racing Bulls,Singapore Grand Prix,2019,Singapore,10.0,8.0,2.0,15.0,7.777777777777778,3.139838508360877,2.0,0,0,60,False
PER,11,Aston Martin,Singapore Grand Prix,2019,Singapore,14.0,10.0,10.0,17.0,14.676470588235293,1.6090763063679716,4.0,0,0,42,True
LEC,16,Ferrari,Singapore Grand Prix,2019,Singapore,1.0,2.0,1.0,8.0,2.5217391304347827,2.0948522136660257,-1.0,19,0,60,False
STR,18,Aston Martin,Singapore Grand Prix,2019,Singapore,13.0,14.0,5.0,17.0,11.627906976744185,3.709853390852101,-1.0,0,0,60,False
MAG,20,Haas,Singapore Grand Prix,2019,Singapore,9.0,17.0,8.0,17.0,11.318181818181818,2.7851159824935126,-8.0,0,0,60,False
ALB,23,Red Bull Racing,Singapore Grand Prix,2019,Singapore,6.0,6.0,4.0,11.0,6.891304347826087,1.7285608769476448,0.0,0,0,60,False
KVY,26,Racing Bulls,Singapore Grand Prix,2019,Singapore,12.0,15.0,12.0,18.0,14.8,1.9493588689617924,-3.0,0,0,60,False
HUL,27,Alpine,Singapore Grand Prix,2019,Singapore,,9.0,7.0,18.0,12.266666666666667,3.333030289254946,,0,0,60,False
RIC,3,Alpine,Singapore Grand Prix,2019,Singapore,15.0,13.0,3.0,16.0,10.5,4.145948490862964,2.0,0,0,60,False
VER,33,Red Bull Racing,Singapore Grand Prix,2019,Singapore,4.0,3.0,3.0,9.0,4.478260869565218,1.83471621099265,1.0,0,0,60,False
NOR,4,McLaren,Singapore Grand Prix,2019,Singapore,7.0,7.0,5.0,12.0,8.217391304347826,2.1696189473756893,0.0,0,0,60,False
HAM,44,Mercedes,Singapore Grand Prix,2019,Singapore,2.0,4.0,1.0,8.0,3.152173913043478,1.8734091479836408,-2.0,6,0,60,False
VET,5,Ferrari,Singapore Grand Prix,2019,Singapore,3.0,1.0,1.0,7.0,2.6739130434782608,1.7518795979187223,2.0,18,0,60,False
SAI,55,McLaren,Singapore Grand Prix,2019,Singapore,,12.0,12.0,20.0,18.068181818181817,3.2948001829007976,,0,0,60,False
RUS,63,Williams,Singapore Grand Prix,2019,Singapore,,17.0,17.0,19.0,18.21875,0.9413228509270448,,0,0,34,True
RAI,7,Kick Sauber,Singapore Grand Prix,2019,Singapore,11.0,12.0,9.0,15.0,12.297297297297296,1.9273595188014911,-1.0,0,0,49,True
BOT,77,Mercedes,Singapore Grand Prix,2019,Singapore,5.0,5.0,2.0,9.0,5.565217391304348,1.7211388208333775,0.0,0,0,60,False
GRO,8,Haas,Singapore Grand Prix,2019,Singapore,17.0,11.0,11.0,18.0,14.755555555555556,2.5330143339826594,6.0,0,0,60,False
KUB,88,Williams,Singapore Grand Prix,2019,Singapore,16.0,16.0,15.0,19.0,17.533333333333335,1.1599373023808421,0.0,0,0,60,False
GIO,99,Kick Sauber,Singapore Grand Prix,2019,Singapore,8.0,10.0,1.0,14.0,7.021739130434782,3.5807456109635583,-2.0,4,0,60,False
HAM,44,Mercedes,Russian Grand Prix,2019,Sochi,,1.0,1.0,3.0,1.9090909090909092,0.9600916094415599,,22,0,52,False
BOT,77,Mercedes,Russian Grand Prix,2019,Sochi,,2.0,2.0,5.0,3.022727272727273,1.067242401001157,,0,0,52,False
LEC,16,Ferrari,Russian Grand Prix,2019,Sochi,,3.0,2.0,4.0,2.6341463414634148,0.6227398156925414,,0,0,52,False
VER,33,Red Bull Racing,Russian Grand Prix,2019,Sochi,,4.0,4.0,8.0,5.116279069767442,1.3488849420660192,,0,0,52,False
ALB,23,Red Bull Racing,Russian Grand Prix,2019,Sochi,,5.0,5.0,15.0,9.674418604651162,3.682137902752112,,0,0,52,False
SAI,55,McLaren,Russian Grand Prix,2019,Sochi,,6.0,4.0,12.0,5.7073170731707314,1.77825620256228,,0,0,52,False
PER,11,Aston Martin,Russian Grand Prix,2019,Sochi,,7.0,6.0,13.0,7.902439024390244,1.2610487311912353,,0,0,52,False
NOR,4,McLaren,Russian Grand Prix,2019,Sochi,,9.0,6.0,13.0,8.317073170731707,1.9162336025422881,,0,0,52,False
MAG,20,Haas,Russian Grand Prix,2019,Sochi,,8.0,6.0,10.0,8.0,1.558387444947959,,0,0,52,False
HUL,27,Alpine,Russian Grand Prix,2019,Sochi,,10.0,8.0,17.0,10.878048780487806,2.3472869653199577,,0,0,52,False
STR,18,Aston Martin,Russian Grand Prix,2019,Sochi,,11.0,7.0,11.0,10.348837209302326,1.1929100259495995,,0,0,52,False
KVY,26,Racing Bulls,Russian Grand Prix,2019,Sochi,,12.0,9.0,13.0,12.209302325581396,1.0591582357361888,,0,0,52,False
RAI,7,Kick Sauber,Russian Grand Prix,2019,Sochi,,13.0,13.0,19.0,15.195121951219512,2.3897647603385774,,0,0,52,False
GAS,10,Racing Bulls,Russian Grand Prix,2019,Sochi,,14.0,9.0,14.0,12.428571428571429,1.4674161320258192,,0,0,52,False
GIO,99,Kick Sauber,Russian Grand Prix,2019,Sochi,,15.0,15.0,18.0,16.0,1.0465362369445672,,0,0,52,False
KUB,88,Williams,Russian Grand Prix,2019,Sochi,,18.0,18.0,19.0,18.727272727272727,0.4558423058385518,,0,0,25,True
RUS,63,Williams,Russian Grand Prix,2019,Sochi,,15.0,14.0,16.0,15.0,0.674199862463242,,0,0,26,True
VET,5,Ferrari,Russian Grand Prix,2019,Sochi,,1.0,1.0,1.0,1.0,0.0,,22,0,25,True
RIC,3,Alpine,Russian Grand Prix,2019,Sochi,,16.0,15.0,18.0,16.2,0.9514531821875087,,0,0,23,True
GAS,10,Racing Bulls,Japanese Grand Prix,2019,Suzuka,8.0,8.0,5.0,10.0,7.0625,1.2274562868673624,0.0,0,0,51,False
PER,11,Aston Martin,Japanese Grand Prix,2019,Suzuka,11.0,9.0,9.0,13.0,10.217391304347826,1.172140368504669,2.0,0,0,51,False
LEC,16,Ferrari,Japanese Grand Prix,2019,Suzuka,3.0,6.0,3.0,18.0,9.266666666666667,4.2179271082972845,-3.0,0,0,51,False
STR,18,Aston Martin,Japanese Grand Prix,2019,Suzuka,9.0,11.0,6.0,11.0,8.375,1.4964496991638776,-2.0,0,0,51,False
MAG,20,Haas,Japanese Grand Prix,2019,Suzuka,13.0,17.0,11.0,18.0,15.177777777777777,2.228828563994272,-4.0,0,0,50,False
ALB,23,Red Bull Racing,Japanese Grand Prix,2019,Suzuka,7.0,4.0,4.0,10.0,4.891304347826087,1.4177957989556296,3.0,0,0,51,False
KVY,26,Racing Bulls,Japanese Grand Prix,2019,Suzuka,17.0,12.0,8.0,17.0,13.479166666666666,2.7131639952734568,5.0,0,0,51,False
HUL,27,Alpine,Japanese Grand Prix,2019,Suzuka,10.0,10.0,5.0,12.0,9.041666666666666,1.3362114327110814,0.0,0,0,51,False
RIC,3,Alpine,Japanese Grand Prix,2019,Suzuka,16.0,7.0,5.0,16.0,9.145833333333334,2.7443526798146176,9.0,0,0,51,False
VER,33,Red Bull Racing,Japanese Grand Prix,2019,Suzuka,18.0,17.0,16.0,18.0,16.916666666666668,0.7929614610987591,1.0,0,0,13,True
NOR,4,McLaren,Japanese Grand Prix,2019,Suzuka,6.0,13.0,6.0,20.0,13.638297872340425,3.4855324084295605,-7.0,0,0,51,False
HAM,44,Mercedes,Japanese Grand Prix,2019,Suzuka,4.0,3.0,1.0,4.0,2.5319148936170213,0.8301666629367978,1.0,8,0,52,False
VET,5,Ferrari,Japanese Grand Prix,2019,Suzuka,2.0,2.0,2.0,3.0,2.297872340425532,0.46226726774346905,0.0,0,0,52,False
SAI,55,McLaren,Japanese Grand Prix,2019,Suzuka,5.0,5.0,3.0,6.0,4.5625,0.5800311803797844,0.0,0,0,51,False
RUS,63,Williams,Japanese Grand Prix,2019,Suzuka,19.0,18.0,14.0,19.0,17.638297872340427,1.3420544263390533,1.0,0,0,50,False
RAI,7,Kick Sauber,Japanese Grand Prix,2019,Suzuka,15.0,14.0,14.0,18.0,15.466666666666667,1.2720777563426768,1.0,0,0,50,False
BOT,77,Mercedes,Japanese Grand Prix,2019,Suzuka,1.0,1.0,1.0,2.0,1.148936170212766,0.3598745798587226,0.0,40,0,52,False
GRO,8,Haas,Japanese Grand Prix,2019,Suzuka,14.0,15.0,12.0,16.0,13.404255319148936,1.0562356141152598,-1.0,0,0,50,False
KUB,88,Williams,Japanese Grand Prix,2019,Suzuka,,19.0,19.0,20.0,19.232558139534884,0.4274625743754584,,0,0,49,True
GIO,99,Kick Sauber,Japanese Grand Prix,2019,Suzuka,12.0,16.0,10.0,16.0,13.2,1.8659630708613133,-4.0,0,0,48,True
HAM,44,Mercedes,Mexican Grand Prix,2019,Mexico City,,1.0,1.0,4.0,2.28125,1.3149778198382918,,27,0,70,False
VET,5,Ferrari,Mexican Grand Prix,2019,Mexico City,,2.0,1.0,4.0,1.8125,0.7943251103624894,,22,0,70,False
BOT,77,Mercedes,Mexican Grand Prix,2019,Mexico City,,3.0,2.0,8.0,3.421875,1.2447309583721933,,0,0,70,False
LEC,16,Ferrari,Mexican Grand Prix,2019,Mexico City,,4.0,1.0,4.0,3.0161290322580645,1.2478431948027129,,15,0,70,False
ALB,23,Red Bull Racing,Mexican Grand Prix,2019,Mexico City,,5.0,3.0,5.0,4.5,0.8636559727948753,,0,0,70,False
VER,33,Red Bull Racing,Mexican Grand Prix,2019,Mexico City,,6.0,6.0,20.0,10.276923076923078,4.820229806203786,,0,0,70,False
PER,11,Aston Martin,Mexican Grand Prix,2019,Mexico City,,7.0,6.0,11.0,7.53125,0.8539125638299665,,0,0,70,False
RIC,3,Alpine,Mexican Grand Prix,2019,Mexico City,,8.0,6.0,12.0,7.234375,1.4446638264414915,,0,0,70,False
GAS,10,Racing Bulls,Mexican Grand Prix,2019,Mexico City,,11.0,10.0,19.0,12.59016393442623,1.9440254557689298,,0,0,69,False
HUL,27,Alpine,Mexican Grand Prix,2019,Mexico City,,9.0,8.0,13.0,10.047619047619047,1.2627232658357688,,0,0,69,False
KVY,26,Racing Bulls,Mexican Grand Prix,2019,Mexico City,,10.0,8.0,18.0,10.245901639344263,1.9205531989934395,,0,0,69,False
STR,18,Aston Martin,Mexican Grand Prix,2019,Mexico City,,12.0,7.0,14.0,9.80952380952381,1.9826435827038769,,0,0,69,False
SAI,55,McLaren,Mexican Grand Prix,2019,Mexico City,,13.0,5.0,14.0,11.491803278688524,2.890345716459492,,0,0,69,False
GIO,99,Kick Sauber,Mexican Grand Prix,2019,Mexico City,,14.0,9.0,17.0,14.206349206349206,1.770353802426365,,0,0,69,False
MAG,20,Haas,Mexican Grand Prix,2019,Mexico City,,15.0,10.0,17.0,15.112903225806452,1.5481860216699876,,0,0,68,False
RUS,63,Williams,Mexican Grand Prix,2019,Mexico City,,16.0,15.0,19.0,17.661290322580644,1.1299724120685246,,0,0,68,False
GRO,8,Haas,Mexican Grand Prix,2019,Mexico City,,17.0,16.0,20.0,17.870967741935484,1.2076785883308732,,0,0,68,False
KUB,88,Williams,Mexican Grand Prix,2019,Mexico City,,18.0,14.0,18.0,17.033333333333335,1.1194227729650528,,0,0,68,False
RAI,7,Kick Sauber,Mexican Grand Prix,2019,Mexico City,,15.0,11.0,19.0,13.89795918367347,1.5444105936028323,,0,0,57,True
NOR,4,McLaren,Mexican Grand Prix,2019,Mexico City,,20.0,6.0,20.0,17.75609756097561,5.008894527761979,,0,0,47,True
GAS,10,Racing Bulls,United States Grand Prix,2019,Austin,8.0,10.0,7.0,11.0,8.416666666666666,0.963886930186522,-2.0,0,0,52,False
PER,11,Aston Martin,United States Grand Prix,2019,Austin,,9.0,6.0,17.0,11.520833333333334,2.782847029330301,,0,0,53,False
LEC,16,Ferrari,United States Grand Prix,2019,Austin,4.0,4.0,2.0,4.0,3.9361702127659575,0.32331538776092494,0.0,0,0,53,False
STR,18,Aston Martin,United States Grand Prix,2019,Austin,17.0,14.0,11.0,19.0,15.106382978723405,1.844310199236648,3.0,0,0,52,False
MAG,20,Haas,United States Grand Prix,2019,Austin,10.0,16.0,10.0,17.0,13.978260869565217,2.1027931734801655,-6.0,0,0,52,False
ALB,23,Red Bull Racing,United States Grand Prix,2019,Austin,,5.0,5.0,20.0,10.066666666666666,4.863593882567238,,0,0,53,False
KVY,26,Racing Bulls,United States Grand Prix,2019,Austin,15.0,11.0,7.0,15.0,12.191489361702128,1.3774314134639916,4.0,0,0,53,False
HUL,27,Alpine,United States Grand Prix,2019,Austin,13.0,10.0,5.0,14.0,10.702127659574469,2.3674871435032334,3.0,0,0,53,False
RIC,3,Alpine,United States Grand Prix,2019,Austin,7.0,6.0,5.0,7.0,5.387755102040816,0.5329292687047474,1.0,0,0,53,False
VER,33,Red Bull Racing,United States Grand Prix,2019,Austin,2.0,3.0,2.0,4.0,2.625,0.5309565835518204,-1.0,0,0,54,False
NOR,4,McLaren,United States Grand Prix,2019,Austin,5.0,7.0,5.0,10.0,6.702127659574468,1.4129047110400568,-2.0,0,0,53,False
HAM,44,Mercedes,United States Grand Prix,2019,Austin,3.0,2.0,1.0,3.0,1.9,0.9529760045804524,1.0,25,0,54,False
VET,5,Ferrari,United States Grand Prix,2019,Austin,6.0,7.0,6.0,7.0,6.857142857142857,0.37796447300922725,-1.0,0,0,7,True
SAI,55,McLaren,United States Grand Prix,2019,Austin,9.0,8.0,6.0,11.0,7.938775510204081,0.9662678041763345,1.0,0,0,53,False
RUS,63,Williams,United States Grand Prix,2019,Austin,20.0,18.0,16.0,20.0,17.82608695652174,0.7394997656400187,2.0,0,0,52,False
RAI,7,Kick Sauber,United States Grand Prix,2019,Austin,12.0,12.0,9.0,13.0,10.76595744680851,1.2373317357268494,0.0,0,0,53,False
BOT,77,Mercedes,United States Grand Prix,2019,Austin,1.0,1.0,1.0,2.0,1.4791666666666667,0.5048523413086471,0.0,25,0,54,False
GRO,8,Haas,United States Grand Prix,2019,Austin,14.0,17.0,13.0,17.0,15.625,1.6193642041035472,-3.0,0,0,52,False
KUB,88,Williams,United States Grand Prix,2019,Austin,19.0,19.0,18.0,20.0,18.846153846153847,0.4640954808922571,0.0,0,0,30,True
GIO,99,Kick Sauber,United States Grand Prix,2019,Austin,16.0,15.0,14.0,18.0,15.565217391304348,0.9104864124446761,1.0,0,0,52,False
GAS,10,Racing Bulls,Brazilian Grand Prix,2019,São Paulo,6.0,6.0,6.0,12.0,7.0576923076923075,1.227359057656013,0.0,0,0,65,False
PER,11,Aston Martin,Brazilian Grand Prix,2019,São Paulo,15.0,12.0,10.0,17.0,13.058823529411764,2.420014584302189,3.0,0,0,65,False
LEC,16,Ferrari,Brazilian Grand Prix,2019,São Paulo,11.0,5.0,3.0,11.0,5.87037037037037,1.454288340467161,6.0,0,0,65,False
STR,18,Aston Martin,Brazilian Grand Prix,2019,São Paulo,14.0,14.0,10.0,16.0,13.358490566037736,2.010494960323505,0.0,0,0,65,False
MAG,20,Haas,Brazilian Grand Prix,2019,São Paulo,9.0,15.0,9.0,20.0,16.22641509433962,2.2501411018487962,-6.0,0,0,65,False
ALB,23,Red Bull Racing,Brazilian Grand Prix,2019,São Paulo,5.0,3.0,3.0,6.0,4.615384615384615,0.8201828144812822,2.0,0,0,65,False
KVY,26,Racing Bulls,Brazilian Grand Prix,2019,São Paulo,17.0,16.0,13.0,18.0,15.470588235294118,1.6655682655054471,1.0,0,0,65,False
HUL,27,Alpine,Brazilian Grand Prix,2019,São Paulo,16.0,13.0,11.0,18.0,15.431372549019608,1.9000515988865598,3.0,0,0,65,False
RIC,3,Alpine,Brazilian Grand Prix,2019,São Paulo,13.0,10.0,10.0,20.0,14.73076923076923,3.453417657094028,3.0,0,0,65,False
VER,33,Red Bull Racing,Brazilian Grand Prix,2019,São Paulo,1.0,1.0,1.0,3.0,1.169811320754717,0.5089902922077038,0.0,47,0,65,False
NOR,4,McLaren,Brazilian Grand Prix,2019,São Paulo,12.0,11.0,7.0,14.0,11.283018867924529,1.5978032815588512,1.0,0,0,65,False
HAM,44,Mercedes,Brazilian Grand Prix,2019,São Paulo,2.0,2.0,2.0,5.0,2.2452830188679247,0.6476484200955405,0.0,0,0,65,False
VET,5,Ferrari,Brazilian Grand Prix,2019,São Paulo,3.0,4.0,1.0,4.0,2.8461538461538463,0.8490967607997355,-1.0,7,0,65,False
SAI,55,McLaren,Brazilian Grand Prix,2019,São Paulo,18.0,7.0,7.0,18.0,12.203703703703704,3.0491547212835304,11.0,0,0,65,False
RUS,63,Williams,Brazilian Grand Prix,2019,São Paulo,20.0,17.0,17.0,20.0,19.07547169811321,0.6154753198755472,3.0,0,0,65,False
RAI,7,Kick Sauber,Brazilian Grand Prix,2019,São Paulo,8.0,8.0,7.0,14.0,8.568627450980392,1.5906590075913105,0.0,0,0,65,False
BOT,77,Mercedes,Brazilian Grand Prix,2019,São Paulo,4.0,5.0,2.0,6.0,4.217391304347826,1.052257752079591,-1.0,0,0,51,True
GRO,8,Haas,Brazilian Grand Prix,2019,São Paulo,7.0,16.0,7.0,16.0,9.924528301886792,2.1017305745117394,-9.0,0,0,64,False
KUB,88,Williams,Brazilian Grand Prix,2019,São Paulo,19.0,19.0,18.0,20.0,19.3,0.762648446573665,0.0,0,0,64,False
GIO,99,Kick Sauber,Brazilian Grand Prix,2019,São Paulo,10.0,9.0,9.0,16.0,10.294117647058824,1.7921397004369812,1.0,0,0,65,False
HAM,44,Mercedes,Abu Dhabi Grand Prix,2019,Yas Marina,,1.0,1.0,1.0,1.0,0.0,,51,0,54,False
VER,33,Red Bull Racing,Abu Dhabi Grand Prix,2019,Yas Marina,,2.0,2.0,3.0,2.3137254901960786,0.46862334890320484,,0,0,54,False
LEC,16,Ferrari,Abu Dhabi Grand Prix,2019,Yas Marina,,3.0,2.0,3.0,2.673469387755102,0.47380354147934284,,0,0,54,False
BOT,77,Mercedes,Abu Dhabi Grand Prix,2019,Yas Marina,,4.0,4.0,14.0,6.03921568627451,3.136627388222742,,0,0,54,False
VET,5,Ferrari,Abu Dhabi Grand Prix,2019,Yas Marina,,5.0,4.0,6.0,4.979591836734694,0.8536635734284551,,0,0,54,False
ALB,23,Red Bull Racing,Abu Dhabi Grand Prix,2019,Yas Marina,,6.0,4.0,7.0,5.372549019607843,0.6312142049645426,,0,0,54,False
PER,11,Aston Martin,Abu Dhabi Grand Prix,2019,Yas Marina,,8.0,7.0,12.0,8.3,1.3887301496588271,,0,0,53,False
NOR,4,McLaren,Abu Dhabi Grand Prix,2019,Yas Marina,,7.0,6.0,15.0,8.98,2.4948109412645003,,0,0,53,False
KVY,26,Racing Bulls,Abu Dhabi Grand Prix,2019,Yas Marina,,9.0,7.0,16.0,10.16,2.667720880054274,,0,0,53,False
SAI,55,McLaren,Abu Dhabi Grand Prix,2019,Yas Marina,,11.0,6.0,15.0,10.520833333333334,2.296987697457151,,0,0,53,False
RIC,3,Alpine,Abu Dhabi Grand Prix,2019,Yas Marina,,12.0,7.0,15.0,11.729166666666666,2.170788496154211,,0,0,53,False
HUL,27,Alpine,Abu Dhabi Grand Prix,2019,Yas Marina,,10.0,4.0,12.0,8.9,1.8871206876604156,,0,0,53,False
RAI,7,Kick Sauber,Abu Dhabi Grand Prix,2019,Yas Marina,,13.0,8.0,15.0,12.54,1.7636927864279424,,0,0,53,False
MAG,20,Haas,Abu Dhabi Grand Prix,2019,Yas Marina,,14.0,8.0,14.0,12.18,1.8260026599886743,,0,0,53,False
GRO,8,Haas,Abu Dhabi Grand Prix,2019,Yas Marina,,15.0,12.0,19.0,15.24,1.6849877368899124,,0,0,53,False
GIO,99,Kick Sauber,Abu Dhabi Grand Prix,2019,Yas Marina,,16.0,12.0,18.0,15.979166666666666,1.6306842752886774,,0,0,53,False
RUS,63,Williams,Abu Dhabi Grand Prix,2019,Yas Marina,,17.0,16.0,19.0,17.32,0.8437041748704801,,0,0,53,False
GAS,10,Racing Bulls,Abu Dhabi Grand Prix,2019,Yas Marina,,18.0,18.0,20.0,19.72,0.7010196655077313,,0,0,52,False
KUB,88,Williams,Abu Dhabi Grand Prix,2019,Yas Marina,,19.0,15.0,19.0,17.714285714285715,1.541103500742244,,0,0,52,False
STR,18,Aston Martin,Abu Dhabi Grand Prix,2019,Yas Marina,,17.0,13.0,19.0,17.615384615384617,1.5663464800441054,,0,0,44,True
GAS,10,Racing Bulls,Austrian Grand Prix,2020,Spielberg,12.0,8.0,8.0,12.0,9.279069767441861,1.62313015344322,4.0,0,0,66,False
PER,11,Aston Martin,Austrian Grand Prix,2020,Spielberg,6.0,6.0,2.0,6.0,4.681818181818182,1.073415051669253,0.0,0,0,66,False
LEC,16,Ferrari,Austrian Grand Prix,2020,Spielberg,7.0,1.0,1.0,9.0,5.571428571428571,1.9895195785189208,6.0,6,0,66,False
STR,18,Aston Martin,Austrian Grand Prix,2020,Spielberg,9.0,10.0,8.0,10.0,8.857142857142858,0.5345224838248488,-1.0,0,0,14,True
MAG,20,Haas,Austrian Grand Prix,2020,Spielberg,13.0,12.0,12.0,14.0,12.894736842105264,0.6578362547106201,1.0,0,0,19,True
ALB,23,Red Bull Racing,Austrian Grand Prix,2020,Spielberg,4.0,13.0,2.0,13.0,3.526315789473684,2.286704723434223,-9.0,0,0,62,True
KVY,26,Racing Bulls,Austrian Grand Prix,2020,Spielberg,15.0,12.0,10.0,15.0,11.512820512820513,1.6838520198732754,3.0,0,0,64,True
RIC,3,Alpine,Austrian Grand Prix,2020,Spielberg,11.0,10.0,10.0,11.0,10.818181818181818,0.40451991747794525,1.0,0,0,11,True
OCO,31,Alpine,Austrian Grand Prix,2020,Spielberg,16.0,7.0,4.0,16.0,10.674418604651162,3.378650972211628,9.0,0,0,66,False
VER,33,Red Bull Racing,Austrian Grand Prix,2020,Spielberg,2.0,2.0,2.0,2.0,2.0,0.0,0.0,0,0,9,True
NOR,4,McLaren,Austrian Grand Prix,2020,Spielberg,3.0,4.0,3.0,7.0,4.690476190476191,0.8111447868740442,-1.0,0,0,66,False
HAM,44,Mercedes,Austrian Grand Prix,2020,Spielberg,5.0,2.0,1.0,6.0,2.5681818181818183,1.353681067050005,3.0,9,0,66,False
VET,5,Ferrari,Austrian Grand Prix,2020,Spielberg,10.0,10.0,6.0,12.0,10.390243902439025,1.6714970652156078,0.0,0,0,66,False
SAI,55,McLaren,Austrian Grand Prix,2020,Spielberg,8.0,5.0,4.0,8.0,6.902439024390244,1.0441474524409973,3.0,0,0,66,False
LAT,6,Williams,Austrian Grand Prix,2020,Spielberg,20.0,11.0,9.0,20.0,14.925,3.24541096129478,9.0,0,0,66,False
RUS,63,Williams,Austrian Grand Prix,2020,Spielberg,19.0,16.0,15.0,20.0,16.944444444444443,1.8038758976072202,3.0,0,0,44,True
RAI,7,Kick Sauber,Austrian Grand Prix,2020,Spielberg,17.0,14.0,14.0,19.0,16.333333333333332,1.0954451150103321,3.0,0,0,45,True
BOT,77,Mercedes,Austrian Grand Prix,2020,Spielberg,1.0,1.0,1.0,3.0,1.4,0.6179143806533247,0.0,30,0,67,False
GRO,8,Haas,Austrian Grand Prix,2020,Spielberg,18.0,13.0,13.0,18.0,15.03225806451613,2.0893997697543334,5.0,0,0,43,True
GIO,99,Kick Sauber,Austrian Grand Prix,2020,Spielberg,14.0,9.0,7.0,15.0,11.886363636363637,2.1373305355470453,5.0,0,0,66,False
HAM,44,Mercedes,Styrian Grand Prix,2020,Spielberg,,1.0,1.0,2.0,1.09375,0.29378482569650155,,58,0,70,False
BOT,77,Mercedes,Styrian Grand Prix,2020,Spielberg,,2.0,1.0,4.0,2.703125,0.6589960497990817,,6,0,70,False
VER,33,Red Bull Racing,Styrian Grand Prix,2020,Spielberg,,3.0,2.0,3.0,2.1774193548387095,0.38514181115689883,,0,0,70,False
ALB,23,Red Bull Racing,Styrian Grand Prix,2020,Spielberg,,4.0,4.0,7.0,4.140625,0.49975192258458007,,0,0,70,False
NOR,4,McLaren,Styrian Grand Prix,2020,Spielberg,,7.0,5.0,11.0,9.078125,1.2637144481049531,,0,0,70,False
PER,11,Aston Martin,Styrian Grand Prix,2020,Spielberg,,5.0,4.0,12.0,7.21875,2.2988523706889534,,0,0,70,False
STR,18,Aston Martin,Styrian Grand Prix,2020,Spielberg,,6.0,6.0,11.0,7.515625,1.0388055946576642,,0,0,70,False
RIC,3,Alpine,Styrian Grand Prix,2020,Spielberg,,8.0,4.0,8.0,6.03125,0.7339553638951596,,0,0,70,False
SAI,55,McLaren,Styrian Grand Prix,2020,Spielberg,,9.0,3.0,12.0,6.983606557377049,2.1251808023372862,,0,0,69,False
KVY,26,Racing Bulls,Styrian Grand Prix,2020,Spielberg,,10.0,8.0,13.0,10.841269841269842,1.2075882283448571,,0,0,69,False
RAI,7,Kick Sauber,Styrian Grand Prix,2020,Spielberg,,11.0,9.0,17.0,12.571428571428571,2.1902591223509322,,0,0,69,False
MAG,20,Haas,Styrian Grand Prix,2020,Spielberg,,12.0,11.0,16.0,14.142857142857142,1.1480297688781482,,0,0,69,False
GRO,8,Haas,Styrian Grand Prix,2020,Spielberg,,13.0,12.0,16.0,14.047619047619047,1.0227819656743835,,0,0,69,False
GIO,99,Kick Sauber,Styrian Grand Prix,2020,Spielberg,,14.0,8.0,14.0,11.904761904761905,1.3285243537569589,,0,0,69,False
GAS,10,Racing Bulls,Styrian Grand Prix,2020,Spielberg,,15.0,8.0,17.0,12.639344262295081,3.1518924838116225,,0,0,69,False
RUS,63,Williams,Styrian Grand Prix,2020,Spielberg,,16.0,15.0,18.0,16.822580645161292,0.967067454008693,,0,0,68,False
LAT,6,Williams,Styrian Grand Prix,2020,Spielberg,,17.0,15.0,17.0,16.322580645161292,0.7633874797305843,,0,0,68,False
OCO,31,Alpine,Styrian Grand Prix,2020,Spielberg,,7.0,6.0,7.0,6.3,0.47016234598162726,,0,0,24,True
HAM,44,Mercedes,Hungarian Grand Prix,2020,Budapest,1.0,1.0,1.0,1.0,1.0,0.0,0.0,61,0,69,False
VER,33,Red Bull Racing,Hungarian Grand Prix,2020,Budapest,3.0,2.0,2.0,3.0,2.03125,0.17536809360305042,1.0,0,0,69,False
BOT,77,Mercedes,Hungarian Grand Prix,2020,Budapest,6.0,3.0,3.0,7.0,3.8666666666666667,1.1856009942278745,3.0,0,0,69,False
STR,18,Aston Martin,Hungarian Grand Prix,2020,Budapest,2.0,4.0,2.0,5.0,3.639344262295082,0.5782959705100812,-2.0,0,0,69,False
ALB,23,Red Bull Racing,Hungarian Grand Prix,2020,Budapest,11.0,5.0,5.0,11.0,6.96875,1.3448166217115798,6.0,0,0,69,False
VET,5,Ferrari,Hungarian Grand Prix,2020,Budapest,4.0,6.0,4.0,11.0,6.888888888888889,1.8846674311837814,-2.0,0,0,68,False
PER,11,Aston Martin,Hungarian Grand Prix,2020,Budapest,7.0,7.0,5.0,10.0,8.174603174603174,1.3858697343671664,0.0,0,0,68,False
RIC,3,Alpine,Hungarian Grand Prix,2020,Budapest,9.0,8.0,5.0,11.0,8.73015873015873,1.7979051358801355,1.0,0,0,68,False
SAI,55,McLaren,Hungarian Grand Prix,2020,Budapest,8.0,10.0,6.0,12.0,10.523809523809524,1.5642904488281357,-2.0,0,0,68,False
MAG,20,Haas,Hungarian Grand Prix,2020,Budapest,,9.0,3.0,18.0,7.048387096774194,3.0591299489268087,,0,0,68,False
LEC,16,Ferrari,Hungarian Grand Prix,2020,Budapest,5.0,11.0,5.0,15.0,10.37704918032787,2.6780834840499246,-6.0,0,0,68,False
KVY,26,Racing Bulls,Hungarian Grand Prix,2020,Budapest,,12.0,12.0,20.0,13.278688524590164,1.7900758600404212,,0,0,68,False
NOR,4,McLaren,Hungarian Grand Prix,2020,Budapest,13.0,14.0,10.0,18.0,14.761904761904763,1.583323227391146,-1.0,0,0,68,False
OCO,31,Alpine,Hungarian Grand Prix,2020,Budapest,16.0,13.0,8.0,17.0,13.85483870967742,1.4124362651345228,3.0,0,0,68,False
RAI,7,Kick Sauber,Hungarian Grand Prix,2020,Budapest,14.0,16.0,11.0,17.0,14.984126984126984,1.8271435797534648,-2.0,0,0,68,False
GRO,8,Haas,Hungarian Grand Prix,2020,Budapest,,15.0,4.0,19.0,10.688524590163935,4.440499159653702,,0,0,68,False
GIO,99,Kick Sauber,Hungarian Grand Prix,2020,Budapest,18.0,17.0,15.0,19.0,17.79032258064516,0.7711413039315794,1.0,0,0,68,False
RUS,63,Williams,Hungarian Grand Prix,2020,Budapest,15.0,18.0,13.0,18.0,16.885245901639344,0.9504097477007432,-3.0,0,0,68,False
LAT,6,Williams,Hungarian Grand Prix,2020,Budapest,10.0,19.0,10.0,20.0,18.854545454545455,1.7786613965666322,-9.0,0,0,64,True
GAS,10,Racing Bulls,Hungarian Grand Prix,2020,Budapest,12.0,15.0,12.0,15.0,13.75,0.8660254037844386,-3.0,0,0,14,True
GAS,10,Racing Bulls,British Grand Prix,2020,Silverstone,11.0,8.0,8.0,13.0,11.282051282051283,1.4132589800420043,3.0,0,0,51,False
LEC,16,Ferrari,British Grand Prix,2020,Silverstone,4.0,3.0,3.0,4.0,3.948717948717949,0.22345586503095896,1.0,0,0,51,False
STR,18,Aston Martin,British Grand Prix,2020,Silverstone,8.0,10.0,8.0,10.0,8.64102564102564,0.627743640567234,-2.0,0,0,51,False
MAG,20,Haas,British Grand Prix,2020,Silverstone,15.0,15.0,15.0,15.0,15.0,,0.0,0,0,1,True
ALB,23,Red Bull Racing,British Grand Prix,2020,Silverstone,12.0,9.0,9.0,18.0,14.588235294117647,2.217255292894369,3.0,0,0,51,False
KVY,26,Racing Bulls,British Grand Prix,2020,Silverstone,14.0,12.0,12.0,14.0,13.142857142857142,0.6900655593423541,2.0,0,0,11,True
RIC,3,Alpine,British Grand Prix,2020,Silverstone,6.0,4.0,4.0,8.0,7.128205128205129,0.9508856586164726,2.0,0,0,51,False
OCO,31,Alpine,British Grand Prix,2020,Silverstone,9.0,7.0,7.0,10.0,9.307692307692308,0.7661883152417267,2.0,0,0,51,False
VER,33,Red Bull Racing,British Grand Prix,2020,Silverstone,3.0,3.0,3.0,3.0,3.0,0.0,0.0,0,0,49,False
NOR,4,McLaren,British Grand Prix,2020,Silverstone,7.0,5.0,5.0,7.0,6.333333333333333,0.5298129428260175,2.0,0,0,51,False
HAM,44,Mercedes,British Grand Prix,2020,Silverstone,1.0,1.0,1.0,1.0,1.0,0.0,0.0,39,0,51,False
VET,5,Ferrari,British Grand Prix,2020,Silverstone,10.0,11.0,10.0,12.0,10.868421052631579,0.4748287105995938,-1.0,0,0,51,False
SAI,55,McLaren,British Grand Prix,2020,Silverstone,5.0,5.0,5.0,6.0,5.078947368421052,0.2732763127330939,0.0,0,0,50,False
LAT,6,Williams,British Grand Prix,2020,Silverstone,,15.0,14.0,18.0,15.894736842105264,1.1806886145601307,,0,0,51,False
RUS,63,Williams,British Grand Prix,2020,Silverstone,,14.0,13.0,17.0,14.657894736842104,1.2363047772024958,,0,0,51,False
RAI,7,Kick Sauber,British Grand Prix,2020,Silverstone,,17.0,15.0,17.0,15.694444444444445,0.709907215041694,,0,0,50,False
BOT,77,Mercedes,British Grand Prix,2020,Silverstone,2.0,2.0,2.0,2.0,2.0,0.0,0.0,0,0,49,False
GRO,8,Haas,British Grand Prix,2020,Silverstone,16.0,16.0,5.0,17.0,11.513513513513514,4.764577756863791,0.0,0,0,51,False
GIO,99,Kick Sauber,British Grand Prix,2020,Silverstone,13.0,13.0,12.0,14.0,12.41025641025641,0.548584240901725,0.0,0,0,51,False
VER,33,Red Bull Racing,70th Anniversary Grand Prix,2020,Silverstone,,1.0,1.0,3.0,1.7333333333333334,0.8633970960424556,,24,0,51,False
HAM,44,Mercedes,70th Anniversary Grand Prix,2020,Silverstone,,2.0,1.0,4.0,2.4444444444444446,0.9183868157994992,,8,0,51,False
BOT,77,Mercedes,70th Anniversary Grand Prix,2020,Silverstone,,3.0,1.0,4.0,2.088888888888889,0.7926429387074789,,11,0,51,False
LEC,16,Ferrari,70th Anniversary Grand Prix,2020,Silverstone,,4.0,3.0,10.0,6.127659574468085,2.3739255810155075,,0,0,51,False
ALB,23,Red Bull Racing,70th Anniversary Grand Prix,2020,Silverstone,,5.0,5.0,19.0,10.065217391304348,3.8551678096523516,,0,0,51,False
STR,18,Aston Martin,70th Anniversary Grand Prix,2020,Silverstone,,6.0,2.0,6.0,5.173913043478261,0.9262672478786851,,0,0,51,False
HUL,27,Aston Martin,70th Anniversary Grand Prix,2020,Silverstone,,7.0,3.0,7.0,4.886363636363637,1.1251027672112752,,0,0,51,False
OCO,31,Alpine,70th Anniversary Grand Prix,2020,Silverstone,,8.0,7.0,12.0,8.893617021276595,1.417806673415751,,0,0,51,False
NOR,4,McLaren,70th Anniversary Grand Prix,2020,Silverstone,,9.0,7.0,13.0,9.4,1.9116865471476892,,0,0,51,False
KVY,26,Racing Bulls,70th Anniversary Grand Prix,2020,Silverstone,,10.0,7.0,15.0,10.511111111111111,1.7138768151106243,,0,0,51,False
GAS,10,Racing Bulls,70th Anniversary Grand Prix,2020,Silverstone,,11.0,7.0,18.0,12.311111111111112,2.7121127475743987,,0,0,51,False
VET,5,Ferrari,70th Anniversary Grand Prix,2020,Silverstone,,12.0,9.0,19.0,12.88888888888889,2.366645326408269,,0,0,51,False
SAI,55,McLaren,70th Anniversary Grand Prix,2020,Silverstone,,13.0,4.0,13.0,10.488888888888889,2.793028839988965,,0,0,51,False
RIC,3,Alpine,70th Anniversary Grand Prix,2020,Silverstone,,14.0,6.0,16.0,10.0,3.588599835658443,,0,0,50,False
RAI,7,Kick Sauber,70th Anniversary Grand Prix,2020,Silverstone,,15.0,14.0,19.0,15.76086956521739,1.3529356165792572,,0,0,50,False
GRO,8,Haas,70th Anniversary Grand Prix,2020,Silverstone,,16.0,11.0,20.0,15.674418604651162,2.475796458982905,,0,0,50,False
GIO,99,Kick Sauber,70th Anniversary Grand Prix,2020,Silverstone,,17.0,14.0,19.0,16.558139534883722,1.3505259219210606,,0,0,50,False
RUS,63,Williams,70th Anniversary Grand Prix,2020,Silverstone,,18.0,16.0,19.0,17.738095238095237,0.7669872581230491,,0,0,50,False
LAT,6,Williams,70th Anniversary Grand Prix,2020,Silverstone,,19.0,16.0,20.0,18.428571428571427,1.4166752066422927,,0,0,50,False
MAG,20,Haas,70th Anniversary Grand Prix,2020,Silverstone,,20.0,12.0,20.0,18.416666666666668,2.5676559627132955,,0,0,42,True
HAM,44,Mercedes,Spanish Grand Prix,2020,Barcelona,1.0,1.0,1.0,1.0,1.0,0.0,0.0,59,0,65,False
VER,33,Red Bull Racing,Spanish Grand Prix,2020,Barcelona,2.0,2.0,2.0,3.0,2.1186440677966103,0.3261449731971788,0.0,0,0,65,False
BOT,77,Mercedes,Spanish Grand Prix,2020,Barcelona,4.0,3.0,2.0,4.0,2.912280701754386,0.47361458691889535,1.0,0,0,63,False
STR,18,Aston Martin,Spanish Grand Prix,2020,Barcelona,3.0,5.0,3.0,8.0,4.694915254237288,1.1025712470236542,-2.0,0,0,64,False
PER,11,Aston Martin,Spanish Grand Prix,2020,Barcelona,5.0,4.0,4.0,6.0,4.655737704918033,0.6023632874392703,1.0,0,0,64,False
SAI,55,McLaren,Spanish Grand Prix,2020,Barcelona,7.0,6.0,6.0,12.0,7.254237288135593,1.5930151452727563,1.0,0,0,64,False
VET,5,Ferrari,Spanish Grand Prix,2020,Barcelona,11.0,7.0,5.0,14.0,8.75,2.7899638537236906,4.0,0,0,64,False
ALB,23,Red Bull Racing,Spanish Grand Prix,2020,Barcelona,6.0,8.0,6.0,16.0,8.46551724137931,2.3635797800985063,-2.0,0,0,64,False
GAS,10,Racing Bulls,Spanish Grand Prix,2020,Barcelona,8.0,9.0,6.0,13.0,9.017241379310345,1.659543155381475,-1.0,0,0,64,False
NOR,4,McLaren,Spanish Grand Prix,2020,Barcelona,10.0,10.0,5.0,14.0,10.189655172413794,1.6591785808701818,0.0,0,0,64,False
RIC,3,Alpine,Spanish Grand Prix,2020,Barcelona,12.0,11.0,4.0,13.0,10.721311475409836,2.602121874810271,1.0,0,0,64,False
KVY,26,Racing Bulls,Spanish Grand Prix,2020,Barcelona,13.0,12.0,6.0,16.0,11.96551724137931,1.8540190316911418,1.0,0,0,64,False
OCO,31,Alpine,Spanish Grand Prix,2020,Barcelona,16.0,13.0,8.0,16.0,13.75,2.5219376462405694,3.0,0,0,64,False
RAI,7,Kick Sauber,Spanish Grand Prix,2020,Barcelona,15.0,14.0,13.0,19.0,15.655172413793103,1.7122030964334158,1.0,0,0,64,False
MAG,20,Haas,Spanish Grand Prix,2020,Barcelona,14.0,15.0,9.0,19.0,13.8,2.1376369021477264,-1.0,0,0,64,False
GIO,99,Kick Sauber,Spanish Grand Prix,2020,Barcelona,19.0,16.0,14.0,20.0,17.862068965517242,1.659087424724693,3.0,0,0,64,False
RUS,63,Williams,Spanish Grand Prix,2020,Barcelona,18.0,17.0,15.0,19.0,16.491525423728813,1.0887018742035,1.0,0,0,64,False
LAT,6,Williams,Spanish Grand Prix,2020,Barcelona,20.0,18.0,16.0,20.0,19.103448275862068,1.0377041996877563,2.0,0,0,63,False
GRO,8,Haas,Spanish Grand Prix,2020,Barcelona,17.0,18.0,15.0,19.0,17.017543859649123,1.1258525035052873,-1.0,0,0,61,True
LEC,16,Ferrari,Spanish Grand Prix,2020,Barcelona,9.0,20.0,5.0,20.0,8.911764705882353,2.655670286430853,-11.0,0,0,37,True
GAS,10,Racing Bulls,Belgian Grand Prix,2020,Spa-Francorchamps,10.0,8.0,4.0,15.0,8.38888888888889,3.091719611919903,2.0,0,0,43,False
PER,11,Aston Martin,Belgian Grand Prix,2020,Spa-Francorchamps,9.0,10.0,5.0,17.0,10.61111111111111,2.891146858727546,-1.0,0,0,43,False
LEC,16,Ferrari,Belgian Grand Prix,2020,Spa-Francorchamps,8.0,15.0,8.0,17.0,13.777777777777779,2.496982305688335,-7.0,0,0,43,False
STR,18,Aston Martin,Belgian Grand Prix,2020,Spa-Francorchamps,7.0,9.0,7.0,9.0,7.578947368421052,0.6830606378593981,-2.0,0,0,43,False
MAG,20,Haas,Belgian Grand Prix,2020,Spa-Francorchamps,15.0,17.0,14.0,18.0,15.88888888888889,1.1656458118700377,-2.0,0,0,43,False
ALB,23,Red Bull Racing,Belgian Grand Prix,2020,Spa-Francorchamps,6.0,5.0,5.0,7.0,5.526315789473684,0.6034514291237714,1.0,0,0,43,False
KVY,26,Racing Bulls,Belgian Grand Prix,2020,Spa-Francorchamps,12.0,11.0,9.0,12.0,10.421052631578947,1.0560400009666,1.0,0,0,43,False
RIC,3,Alpine,Belgian Grand Prix,2020,Spa-Francorchamps,4.0,4.0,4.0,6.0,4.2105263157894735,0.5280200004832999,0.0,0,0,43,False
OCO,31,Alpine,Belgian Grand Prix,2020,Spa-Francorchamps,5.0,6.0,5.0,8.0,6.131578947368421,0.8752158847679886,-1.0,0,0,43,False
VER,33,Red Bull Racing,Belgian Grand Prix,2020,Spa-Francorchamps,3.0,3.0,3.0,3.0,3.0,0.0,0.0,0,0,43,False
NOR,4,McLaren,Belgian Grand Prix,2020,Spa-Francorchamps,11.0,7.0,7.0,11.0,8.789473684210526,1.3184326226128675,4.0,0,0,43,False
HAM,44,Mercedes,Belgian Grand Prix,2020,Spa-Francorchamps,1.0,1.0,1.0,1.0,1.0,0.0,0.0,39,0,43,False
VET,5,Ferrari,Belgian Grand Prix,2020,Spa-Francorchamps,13.0,13.0,11.0,13.0,12.578947368421053,0.5987184036630072,0.0,0,0,43,False
LAT,6,Williams,Belgian Grand Prix,2020,Spa-Francorchamps,19.0,16.0,15.0,19.0,17.0,1.2649110640673518,3.0,0,0,43,False
RUS,63,Williams,Belgian Grand Prix,2020,Spa-Francorchamps,17.0,16.0,16.0,17.0,16.444444444444443,0.5270462766947299,1.0,0,0,9,True
RAI,7,Kick Sauber,Belgian Grand Prix,2020,Spa-Francorchamps,16.0,12.0,10.0,16.0,12.236842105263158,1.9092125237599757,4.0,0,0,43,False
BOT,77,Mercedes,Belgian Grand Prix,2020,Spa-Francorchamps,2.0,2.0,2.0,2.0,2.0,0.0,0.0,0,0,43,False
GRO,8,Haas,Belgian Grand Prix,2020,Spa-Francorchamps,18.0,14.0,13.0,18.0,14.81578947368421,1.6416086895530044,4.0,0,0,43,False
GIO,99,Kick Sauber,Belgian Grand Prix,2020,Spa-Francorchamps,14.0,14.0,14.0,14.0,14.0,0.0,0.0,0,0,9,True
GAS,10,Racing Bulls,Italian Grand Prix,2020,Monza,10.0,1.0,1.0,10.0,4.604651162790698,4.424711639158081,9.0,25,0,52,False
SAI,55,McLaren,Italian Grand Prix,2020,Monza,2.0,2.0,2.0,6.0,2.2439024390243905,0.7341828043776988,0.0,0,0,52,False
STR,18,Aston Martin,Italian Grand Prix,2020,Monza,8.0,3.0,2.0,8.0,5.1395348837209305,2.356161076117526,5.0,0,0,52,False
NOR,4,McLaren,Italian Grand Prix,2020,Monza,3.0,4.0,3.0,7.0,3.8780487804878048,0.9272303368424566,-1.0,0,0,52,False
BOT,77,Mercedes,Italian Grand Prix,2020,Monza,6.0,5.0,5.0,8.0,5.690476190476191,0.6434698332078578,1.0,0,0,52,False
RIC,3,Alpine,Italian Grand Prix,2020,Monza,5.0,6.0,5.0,9.0,5.926829268292683,0.9589119850757687,-1.0,0,0,52,False
HAM,44,Mercedes,Italian Grand Prix,2020,Monza,1.0,8.0,1.0,17.0,7.512195121951219,6.17706221119519,-7.0,18,0,52,False
OCO,31,Alpine,Italian Grand Prix,2020,Monza,9.0,7.0,7.0,10.0,8.238095238095237,0.8499504665488027,2.0,0,0,52,False
KVY,26,Racing Bulls,Italian Grand Prix,2020,Monza,11.0,9.0,8.0,11.0,9.738095238095237,1.1906039420420373,2.0,0,0,52,False
PER,11,Aston Martin,Italian Grand Prix,2020,Monza,4.0,10.0,4.0,13.0,7.7073170731707314,3.059770436152232,-6.0,0,0,52,False
LAT,6,Williams,Italian Grand Prix,2020,Monza,19.0,11.0,11.0,19.0,14.0,3.4343662872314296,8.0,0,0,52,False
GRO,8,Haas,Italian Grand Prix,2020,Monza,16.0,13.0,12.0,16.0,13.952380952380953,1.7101188227491746,3.0,0,0,52,False
RAI,7,Kick Sauber,Italian Grand Prix,2020,Monza,12.0,12.0,2.0,12.0,8.804878048780488,3.79617908030642,0.0,0,0,52,False
RUS,63,Williams,Italian Grand Prix,2020,Monza,17.0,14.0,13.0,18.0,15.119047619047619,1.8373148614530237,3.0,0,0,52,False
ALB,23,Red Bull Racing,Italian Grand Prix,2020,Monza,15.0,15.0,12.0,17.0,14.452380952380953,0.8025076841021358,0.0,0,0,52,False
GIO,99,Kick Sauber,Italian Grand Prix,2020,Monza,14.0,16.0,3.0,16.0,14.8,2.8302396383091684,-2.0,0,0,52,False
VER,33,Red Bull Racing,Italian Grand Prix,2020,Monza,7.0,14.0,7.0,14.0,7.7894736842105265,2.200478416880723,-7.0,0,0,29,True
LEC,16,Ferrari,Italian Grand Prix,2020,Monza,13.0,13.0,13.0,13.0,13.0,0.0,0.0,0,0,16,True
MAG,20,Haas,Italian Grand Prix,2020,Monza,,18.0,18.0,20.0,19.142857142857142,0.5345224838248487,,0,0,17,True
VET,5,Ferrari,Italian Grand Prix,2020,Monza,18.0,17.0,17.0,18.0,17.2,0.4472135954999579,1.0,0,0,5,True
PER,11,Aston Martin,Tuscan Grand Prix,2020,Mugello,,5.0,5.0,7.0,5.651162790697675,0.6127114185259049,,0,0,58,False
LEC,16,Ferrari,Tuscan Grand Prix,2020,Mugello,,9.0,3.0,13.0,7.85,3.1259870236126814,,0,0,58,False
STR,18,Aston Martin,Tuscan Grand Prix,2020,Mugello,,4.0,3.0,5.0,3.6451612903225805,0.5506594287321455,,0,0,42,True
ALB,23,Red Bull Racing,Tuscan Grand Prix,2020,Mugello,,3.0,2.0,7.0,4.767441860465116,1.4114701775154528,,0,0,58,False
KVY,26,Racing Bulls,Tuscan Grand Prix,2020,Mugello,,7.0,6.0,9.0,8.046511627906977,0.8985037396136245,,0,0,58,False
RIC,3,Alpine,Tuscan Grand Prix,2020,Mugello,,4.0,2.0,6.0,4.0,1.023532631438318,,0,0,58,False
NOR,4,McLaren,Tuscan Grand Prix,2020,Mugello,,6.0,5.0,8.0,6.953488372093023,0.8438429207272954,,0,0,58,False
HAM,44,Mercedes,Tuscan Grand Prix,2020,Mugello,,1.0,1.0,1.0,1.0,0.0,,43,0,58,False
VET,5,Ferrari,Tuscan Grand Prix,2020,Mugello,,10.0,10.0,13.0,10.69047619047619,0.7804968785767566,,0,0,58,False
RUS,63,Williams,Tuscan Grand Prix,2020,Mugello,,11.0,8.0,12.0,10.071428571428571,0.9973833361169432,,0,0,58,False
RAI,7,Kick Sauber,Tuscan Grand Prix,2020,Mugello,,8.0,8.0,13.0,10.627906976744185,1.8260451125438837,,0,0,58,False
BOT,77,Mercedes,Tuscan Grand Prix,2020,Mugello,,2.0,2.0,3.0,2.0232558139534884,0.15249857033260467,,0,0,58,False
GRO,8,Haas,Tuscan Grand Prix,2020,Mugello,,12.0,9.0,13.0,12.232558139534884,1.0197387457748928,,0,0,58,False
BOT,77,Mercedes,Russian Grand Prix,2020,Sochi,,1.0,1.0,2.0,1.2272727272727273,0.42391510578572117,,34,0,52,False
VER,33,Red Bull Racing,Russian Grand Prix,2020,Sochi,,2.0,2.0,3.0,2.272727272727273,0.4505106334669666,,0,0,52,False
HAM,44,Mercedes,Russian Grand Prix,2020,Sochi,,3.0,1.0,10.0,3.25,1.8315706818986532,,10,0,52,False
PER,11,Aston Martin,Russian Grand Prix,2020,Sochi,,4.0,3.0,6.0,4.7727272727272725,1.0084212013037512,,0,0,52,False
RIC,3,Alpine,Russian Grand Prix,2020,Sochi,,5.0,5.0,13.0,6.232558139534884,2.1362763476301643,,0,0,52,False
LEC,16,Ferrari,Russian Grand Prix,2020,Sochi,,6.0,2.0,8.0,5.837209302325581,1.7172823568780817,,0,0,52,False
OCO,31,Alpine,Russian Grand Prix,2020,Sochi,,7.0,3.0,9.0,6.465116279069767,1.7092025042232322,,0,0,52,False
KVY,26,Racing Bulls,Russian Grand Prix,2020,Sochi,,8.0,3.0,11.0,7.348837209302325,2.224150141924011,,0,0,52,False
GAS,10,Racing Bulls,Russian Grand Prix,2020,Sochi,,9.0,5.0,12.0,9.162790697674419,1.9139865222959263,,0,0,52,False
ALB,23,Red Bull Racing,Russian Grand Prix,2020,Sochi,,10.0,10.0,18.0,13.340909090909092,2.7613881057564345,,0,0,52,False
GIO,99,Kick Sauber,Russian Grand Prix,2020,Sochi,,11.0,11.0,16.0,13.581395348837209,1.707581945876277,,0,0,51,False
MAG,20,Haas,Russian Grand Prix,2020,Sochi,,12.0,8.0,14.0,11.325581395348838,1.7957745408459234,,0,0,51,False
VET,5,Ferrari,Russian Grand Prix,2020,Sochi,,13.0,7.0,16.0,12.0,3.039423504234847,,0,0,51,False
RAI,7,Kick Sauber,Russian Grand Prix,2020,Sochi,,14.0,9.0,16.0,12.69767441860465,2.493180066472099,,0,0,51,False
NOR,4,McLaren,Russian Grand Prix,2020,Sochi,,15.0,9.0,18.0,13.116279069767442,2.863641557158442,,0,0,51,False
LAT,6,Williams,Russian Grand Prix,2020,Sochi,,16.0,14.0,17.0,16.25581395348837,0.9781669751270667,,0,0,51,False
GRO,8,Haas,Russian Grand Prix,2020,Sochi,,17.0,10.0,18.0,13.761904761904763,2.4475923840609894,,0,0,51,False
RUS,63,Williams,Russian Grand Prix,2020,Sochi,,18.0,16.0,18.0,17.585365853658537,0.7062439293932926,,0,0,49,True
GAS,10,Racing Bulls,Eifel Grand Prix,2020,Nürburgring,13.0,6.0,6.0,14.0,9.266666666666667,2.871489952177188,7.0,0,0,59,False
PER,11,Aston Martin,Eifel Grand Prix,2020,Nürburgring,8.0,4.0,4.0,8.0,5.0,1.4907119849998598,4.0,0,0,59,False
LEC,16,Ferrari,Eifel Grand Prix,2020,Nürburgring,4.0,7.0,4.0,17.0,6.976744186046512,2.931669214864129,-3.0,0,0,59,False
MAG,20,Haas,Eifel Grand Prix,2020,Nürburgring,14.0,13.0,11.0,16.0,12.976744186046512,1.4390534602899696,1.0,0,0,59,False
ALB,23,Red Bull Racing,Eifel Grand Prix,2020,Nürburgring,6.0,8.0,6.0,20.0,10.2,4.84325746343748,-2.0,0,0,22,True
KVY,26,Racing Bulls,Eifel Grand Prix,2020,Nürburgring,15.0,15.0,10.0,18.0,15.3125,1.5731287431590562,0.0,0,0,59,False
HUL,27,Aston Martin,Eifel Grand Prix,2020,Nürburgring,17.0,8.0,8.0,17.0,11.6,3.250174820472948,9.0,0,0,59,False
RIC,3,Alpine,Eifel Grand Prix,2020,Nürburgring,5.0,3.0,3.0,7.0,4.041666666666667,1.2709241625487944,2.0,0,0,59,False
OCO,31,Alpine,Eifel Grand Prix,2020,Nürburgring,9.0,5.0,5.0,9.0,7.75,1.390443574307614,4.0,0,0,21,True
VER,33,Red Bull Racing,Eifel Grand Prix,2020,Nürburgring,3.0,2.0,2.0,3.0,2.25531914893617,0.4407545460261734,1.0,0,0,59,False
NOR,4,McLaren,Eifel Grand Prix,2020,Nürburgring,7.0,6.0,3.0,7.0,5.3428571428571425,1.532833921836535,1.0,0,0,42,True
HAM,44,Mercedes,Eifel Grand Prix,2020,Nürburgring,2.0,1.0,1.0,2.0,1.2553191489361701,0.4407545460261734,1.0,35,0,59,False
VET,5,Ferrari,Eifel Grand Prix,2020,Nürburgring,12.0,11.0,7.0,18.0,11.238095238095237,2.127743838991671,1.0,0,0,59,False
SAI,55,McLaren,Eifel Grand Prix,2020,Nürburgring,10.0,5.0,5.0,10.0,6.5,1.9522067285795095,5.0,0,0,59,False
LAT,6,Williams,Eifel Grand Prix,2020,Nürburgring,18.0,14.0,12.0,18.0,15.232558139534884,1.7706228296485524,4.0,0,0,59,False
RUS,63,Williams,Eifel Grand Prix,2020,Nürburgring,16.0,15.0,15.0,16.0,15.7,0.4830458915396479,1.0,0,0,10,True
RAI,7,Kick Sauber,Eifel Grand Prix,2020,Nürburgring,19.0,12.0,8.0,20.0,13.659090909090908,3.4904732924772293,7.0,0,0,59,False
BOT,77,Mercedes,Eifel Grand Prix,2020,Nürburgring,1.0,3.0,1.0,3.0,1.1538461538461537,0.5547001962252291,-2.0,12,0,15,True
GRO,8,Haas,Eifel Grand Prix,2020,Nürburgring,20.0,9.0,9.0,20.0,13.466666666666667,4.003407639408299,11.0,0,0,59,False
GIO,99,Kick Sauber,Eifel Grand Prix,2020,Nürburgring,11.0,10.0,8.0,13.0,10.522727272727273,1.4704632455278177,1.0,0,0,59,False
HAM,44,Mercedes,Portuguese Grand Prix,2020,Portimão,,1.0,1.0,3.0,1.3709677419354838,0.6333328694553303,,44,0,65,False
BOT,77,Mercedes,Portuguese Grand Prix,2020,Portimão,,2.0,1.0,2.0,1.7741935483870968,0.42152552141429805,,14,0,65,False
VER,33,Red Bull Racing,Portuguese Grand Prix,2020,Portimão,,3.0,3.0,6.0,3.3870967741935485,0.7322733232812894,,0,0,65,False
LEC,16,Ferrari,Portuguese Grand Prix,2020,Portimão,,4.0,3.0,8.0,4.258064516129032,1.253656734869712,,0,0,65,False
GAS,10,Racing Bulls,Portuguese Grand Prix,2020,Portimão,,5.0,4.0,9.0,7.0,1.5383974345619102,,0,0,64,False
SAI,55,McLaren,Portuguese Grand Prix,2020,Portimão,,7.0,1.0,13.0,6.885245901639344,2.7574043389616607,,4,0,64,False
PER,11,Aston Martin,Portuguese Grand Prix,2020,Portimão,,6.0,5.0,20.0,9.616666666666667,5.778662289241979,,0,0,64,False
OCO,31,Alpine,Portuguese Grand Prix,2020,Portimão,,8.0,5.0,12.0,7.557377049180328,2.3059675493809135,,0,0,64,False
RIC,3,Alpine,Portuguese Grand Prix,2020,Portimão,,9.0,7.0,19.0,9.721311475409836,3.426033408773591,,0,0,64,False
VET,5,Ferrari,Portuguese Grand Prix,2020,Portimão,,10.0,8.0,16.0,11.688524590163935,2.3276668118279393,,0,0,64,False
RAI,7,Kick Sauber,Portuguese Grand Prix,2020,Portimão,,11.0,6.0,20.0,11.672131147540984,3.9188489444198193,,0,0,64,False
ALB,23,Red Bull Racing,Portuguese Grand Prix,2020,Portimão,,12.0,8.0,18.0,12.11864406779661,2.0933782774518574,,0,0,64,False
NOR,4,McLaren,Portuguese Grand Prix,2020,Portimão,,13.0,4.0,19.0,12.64406779661017,4.674814072881832,,0,0,64,False
RUS,63,Williams,Portuguese Grand Prix,2020,Portimão,,14.0,7.0,15.0,12.0,2.536401650632907,,0,0,64,False
GIO,99,Kick Sauber,Portuguese Grand Prix,2020,Portimão,,15.0,10.0,16.0,13.62295081967213,1.4850806311020006,,0,0,64,False
MAG,20,Haas,Portuguese Grand Prix,2020,Portimão,,17.0,11.0,19.0,16.983606557377048,2.140808284104305,,0,0,64,False
GRO,8,Haas,Portuguese Grand Prix,2020,Portimão,,16.0,12.0,17.0,15.737704918032787,1.153279950752957,,0,0,64,False
LAT,6,Williams,Portuguese Grand Prix,2020,Portimão,,18.0,15.0,19.0,18.116666666666667,1.1060950807609697,,0,0,63,False
KVY,26,Racing Bulls,Portuguese Grand Prix,2020,Portimão,,19.0,11.0,19.0,16.120689655172413,2.2010969052285945,,0,0,63,False
STR,18,Aston Martin,Portuguese Grand Prix,2020,Portimão,,20.0,8.0,20.0,16.177777777777777,5.232281307113339,,0,0,50,True
GAS,10,Racing Bulls,Emilia Romagna Grand Prix,2020,Imola,,5.0,5.0,5.0,5.0,0.0,,0,0,7,True
PER,11,Aston Martin,Emilia Romagna Grand Prix,2020,Imola,,6.0,4.0,11.0,6.5,2.518020161141466,,0,0,62,False
LEC,16,Ferrari,Emilia Romagna Grand Prix,2020,Imola,,5.0,5.0,11.0,7.617021276595745,1.9732250305721841,,0,0,62,False
STR,18,Aston Martin,Emilia Romagna Grand Prix,2020,Imola,,14.0,14.0,20.0,18.020833333333332,1.6043767708038645,,0,0,62,False
MAG,20,Haas,Emilia Romagna Grand Prix,2020,Imola,,18.0,8.0,19.0,14.880952380952381,4.434907984044924,,0,0,46,True
ALB,23,Red Bull Racing,Emilia Romagna Grand Prix,2020,Imola,,15.0,5.0,15.0,8.977777777777778,2.281236595366733,,0,0,62,False
KVY,26,Racing Bulls,Emilia Romagna Grand Prix,2020,Imola,,4.0,4.0,13.0,9.23404255319149,2.4156443550994364,,0,0,62,False
RIC,3,Alpine,Emilia Romagna Grand Prix,2020,Imola,,3.0,3.0,10.0,6.276595744680851,2.1839546067465148,,0,0,62,False
OCO,31,Alpine,Emilia Romagna Grand Prix,2020,Imola,,16.0,11.0,16.0,14.0,2.245768968720862,,0,0,27,True
VER,33,Red Bull Racing,Emilia Romagna Grand Prix,2020,Imola,,2.0,2.0,3.0,2.466666666666667,0.504524979109513,,0,0,50,True
NOR,4,McLaren,Emilia Romagna Grand Prix,2020,Imola,,8.0,8.0,14.0,11.404255319148936,2.0711220910423656,,0,0,62,False
HAM,44,Mercedes,Emilia Romagna Grand Prix,2020,Imola,,1.0,1.0,3.0,1.66,0.9391702807939201,,33,0,62,False
VET,5,Ferrari,Emilia Romagna Grand Prix,2020,Imola,,13.0,4.0,15.0,9.416666666666666,4.504528847931154,,0,0,62,False
SAI,55,McLaren,Emilia Romagna Grand Prix,2020,Imola,,7.0,4.0,13.0,9.914893617021276,2.3482628846432747,,0,0,62,False
LAT,6,Williams,Emilia Romagna Grand Prix,2020,Imola,,11.0,6.0,18.0,12.145833333333334,4.292445532849808,,0,0,62,False
RUS,63,Williams,Emilia Romagna Grand Prix,2020,Imola,,11.0,11.0,16.0,13.511627906976743,1.3160563930466083,,0,0,49,True
RAI,7,Kick Sauber,Emilia Romagna Grand Prix,2020,Imola,,9.0,4.0,16.0,8.104166666666666,4.318390082866695,,0,0,62,False
BOT,77,Mercedes,Emilia Romagna Grand Prix,2020,Imola,,2.0,1.0,3.0,1.816326530612245,0.6974199293274672,,17,0,62,False
GRO,8,Haas,Emilia Romagna Grand Prix,2020,Imola,,12.0,12.0,18.0,16.53191489361702,1.653074393099471,,0,0,62,False
GIO,99,Kick Sauber,Emilia Romagna Grand Prix,2020,Imola,,10.0,10.0,17.0,14.659574468085106,2.0670983206320974,,0,0,62,False
GAS,10,Racing Bulls,Turkish Grand Prix,2020,Istanbul,,13.0,9.0,15.0,13.394736842105264,1.0010662878451297,,0,0,56,False
PER,11,Aston Martin,Turkish Grand Prix,2020,Istanbul,,2.0,1.0,3.0,2.0,0.22645540682891915,,1,0,57,False
LEC,16,Ferrari,Turkish Grand Prix,2020,Istanbul,,3.0,3.0,17.0,7.605263157894737,3.9079923212476118,,0,0,57,False
STR,18,Aston Martin,Turkish Grand Prix,2020,Istanbul,,9.0,1.0,9.0,3.6052631578947367,3.381503533207154,,22,0,57,False
MAG,20,Haas,Turkish Grand Prix,2020,Istanbul,,17.0,9.0,18.0,12.86111111111111,3.6656925112864536,,0,0,54,True
ALB,23,Red Bull Racing,Turkish Grand Prix,2020,Istanbul,,7.0,2.0,7.0,4.675,1.6074745282505596,,0,0,57,False
KVY,26,Racing Bulls,Turkish Grand Prix,2020,Istanbul,,12.0,12.0,18.0,13.8,2.1267526708756996,,0,0,56,False
RIC,3,Alpine,Turkish Grand Prix,2020,Istanbul,,10.0,5.0,10.0,7.829268292682927,1.6416826584999649,,0,0,57,False
OCO,31,Alpine,Turkish Grand Prix,2020,Istanbul,,11.0,11.0,19.0,13.875,2.8839742877334555,,0,0,56,False
VER,33,Red Bull Racing,Turkish Grand Prix,2020,Istanbul,,6.0,2.0,8.0,5.8108108108108105,1.9837931937163797,,0,0,57,False
NOR,4,McLaren,Turkish Grand Prix,2020,Istanbul,,8.0,8.0,15.0,11.102564102564102,2.0748477660690376,,0,0,57,False
HAM,44,Mercedes,Turkish Grand Prix,2020,Istanbul,,1.0,1.0,8.0,3.5853658536585367,2.23579526965348,,16,0,57,False
VET,5,Ferrari,Turkish Grand Prix,2020,Istanbul,,4.0,3.0,7.0,4.17948717948718,0.7564388475577303,,0,0,57,False
SAI,55,McLaren,Turkish Grand Prix,2020,Istanbul,,5.0,5.0,9.0,6.743589743589744,1.2715086091135728,,0,0,57,False
LAT,6,Williams,Turkish Grand Prix,2020,Istanbul,,19.0,19.0,20.0,19.26923076923077,0.4523443208612048,,0,0,36,True
RUS,63,Williams,Turkish Grand Prix,2020,Istanbul,,16.0,11.0,18.0,14.205128205128204,2.4834132621251994,,0,0,56,False
RAI,7,Kick Sauber,Turkish Grand Prix,2020,Istanbul,,15.0,8.0,17.0,13.416666666666666,2.442188713896966,,0,0,56,False
BOT,77,Mercedes,Turkish Grand Prix,2020,Istanbul,,14.0,12.0,17.0,14.9,1.6140409552202215,,0,0,56,False
GRO,8,Haas,Turkish Grand Prix,2020,Istanbul,,17.0,16.0,19.0,17.516129032258064,0.6768046366042657,,0,0,48,True
GIO,99,Kick Sauber,Turkish Grand Prix,2020,Istanbul,,16.0,11.0,17.0,12.571428571428571,2.6992062325273123,,0,0,11,True
GAS,10,Racing Bulls,Bahrain Grand Prix,2020,Sakhir,,7.0,3.0,10.0,7.071428571428571,1.866166765648918,,0,0,53,False
PER,11,Aston Martin,Bahrain Grand Prix,2020,Sakhir,,3.0,2.0,4.0,3.0,0.22941573387056177,,0,0,53,False
LEC,16,Ferrari,Bahrain Grand Prix,2020,Sakhir,,11.0,6.0,11.0,9.6,1.6455067024148846,,0,0,53,False
MAG,20,Haas,Bahrain Grand Prix,2020,Sakhir,,18.0,11.0,18.0,16.24390243902439,2.3214272313048934,,0,0,52,False
ALB,23,Red Bull Racing,Bahrain Grand Prix,2020,Sakhir,,4.0,4.0,7.0,4.275,0.7156671622894872,,0,0,53,False
KVY,26,Racing Bulls,Bahrain Grand Prix,2020,Sakhir,,12.0,11.0,17.0,13.333333333333334,1.8964417280976957,,0,0,52,False
RIC,3,Alpine,Bahrain Grand Prix,2020,Sakhir,,8.0,7.0,15.0,8.65,1.747525723371806,,0,0,53,False
OCO,31,Alpine,Bahrain Grand Prix,2020,Sakhir,,10.0,6.0,13.0,8.75,1.8081014266989475,,0,0,53,False
VER,33,Red Bull Racing,Bahrain Grand Prix,2020,Sakhir,,2.0,2.0,2.0,2.0,0.0,,0,0,53,False
NOR,4,McLaren,Bahrain Grand Prix,2020,Sakhir,,5.0,3.0,10.0,5.45,1.2999013769296461,,0,0,53,False
HAM,44,Mercedes,Bahrain Grand Prix,2020,Sakhir,,1.0,1.0,1.0,1.0,0.0,,40,0,54,False
VET,5,Ferrari,Bahrain Grand Prix,2020,Sakhir,,15.0,14.0,18.0,15.692307692307692,1.2172844271238414,,0,0,52,False
SAI,55,McLaren,Bahrain Grand Prix,2020,Sakhir,,6.0,4.0,11.0,6.65,1.424150669067402,,0,0,53,False
LAT,6,Williams,Bahrain Grand Prix,2020,Sakhir,,16.0,11.0,18.0,15.897435897435898,1.7440858228954306,,0,0,52,False
RUS,63,Williams,Bahrain Grand Prix,2020,Sakhir,,14.0,8.0,15.0,12.538461538461538,1.3925771989590843,,0,0,52,False
RAI,7,Kick Sauber,Bahrain Grand Prix,2020,Sakhir,,17.0,12.0,18.0,15.538461538461538,1.6518913218705569,,0,0,52,False
BOT,77,Mercedes,Bahrain Grand Prix,2020,Sakhir,,9.0,6.0,16.0,10.25,2.579505021093418,,0,0,53,False
GIO,99,Kick Sauber,Bahrain Grand Prix,2020,Sakhir,,13.0,11.0,17.0,13.926829268292684,1.7662140853027843,,0,0,52,False
GAS,10,Racing Bulls,Sakhir Grand Prix,2020,Sakhir,,11.0,6.0,11.0,8.59375,1.5297966458904848,,0,0,86,False
PER,11,Aston Martin,Sakhir Grand Prix,2020,Sakhir,,1.0,1.0,16.0,5.779411764705882,4.113485605653584,,18,0,86,False
STR,18,Aston Martin,Sakhir Grand Prix,2020,Sakhir,,3.0,3.0,10.0,5.0,1.977485211371764,,0,0,86,False
MAG,20,Haas,Sakhir Grand Prix,2020,Sakhir,,15.0,12.0,17.0,14.651515151515152,1.0301967585395333,,0,0,86,False
ALB,23,Red Bull Racing,Sakhir Grand Prix,2020,Sakhir,,6.0,4.0,11.0,7.850746268656716,2.126697050295567,,0,0,86,False
KVY,26,Racing Bulls,Sakhir Grand Prix,2020,Sakhir,,7.0,4.0,10.0,6.696969696969697,1.7184044206512485,,0,0,86,False
RIC,3,Alpine,Sakhir Grand Prix,2020,Sakhir,,5.0,3.0,9.0,5.909090909090909,1.9113207091293847,,0,0,86,False
OCO,31,Alpine,Sakhir Grand Prix,2020,Sakhir,,2.0,2.0,9.0,5.411764705882353,2.5170184572147285,,0,0,86,False
NOR,4,McLaren,Sakhir Grand Prix,2020,Sakhir,,9.0,9.0,18.0,10.985074626865671,2.0411860583125394,,0,0,86,False
VET,5,Ferrari,Sakhir Grand Prix,2020,Sakhir,,12.0,7.0,12.0,11.515151515151516,0.9646430067834061,,0,0,86,False
FIT,51,Haas,Sakhir Grand Prix,2020,Sakhir,,17.0,14.0,18.0,17.106060606060606,1.0972523428832148,,0,0,86,False
SAI,55,McLaren,Sakhir Grand Prix,2020,Sakhir,,4.0,3.0,8.0,4.651515151515151,1.6778413259755869,,0,0,86,False
LAT,6,Williams,Sakhir Grand Prix,2020,Sakhir,,13.0,12.0,15.0,13.136363636363637,0.7018549870400445,,0,0,52,True
RUS,63,Mercedes,Sakhir Grand Prix,2020,Sakhir,,10.0,1.0,14.0,2.4923076923076923,3.446570201496867,,46,0,86,False
RAI,7,Kick Sauber,Sakhir Grand Prix,2020,Sakhir,,14.0,13.0,18.0,16.184615384615384,1.4884168150705015,,0,0,86,False
BOT,77,Mercedes,Sakhir Grand Prix,2020,Sakhir,,8.0,1.0,9.0,3.1940298507462686,2.2579073575900024,,3,0,86,False
AIT,89,Williams,Sakhir Grand Prix,2020,Sakhir,,16.0,12.0,17.0,15.815384615384616,1.1304355865703342,,0,0,86,False
GIO,99,Kick Sauber,Sakhir Grand Prix,2020,Sakhir,,13.0,12.0,16.0,13.757575757575758,0.9291949544650269,,0,0,86,False
GAS,10,Racing Bulls,Abu Dhabi Grand Prix,2020,Yas Marina,10.0,8.0,8.0,11.0,8.959183673469388,1.09846832137355,2.0,0,0,54,False
PER,11,Aston Martin,Abu Dhabi Grand Prix,2020,Yas Marina,20.0,14.0,14.0,20.0,16.75,2.1213203435596424,6.0,0,0,8,True
LEC,16,Ferrari,Abu Dhabi Grand Prix,2020,Yas Marina,13.0,13.0,9.0,19.0,13.130434782608695,2.227192509288309,0.0,0,0,53,False
STR,18,Aston Martin,Abu Dhabi Grand Prix,2020,Yas Marina,8.0,9.0,7.0,10.0,9.0,0.7284313590846836,-1.0,0,0,54,False
MAG,20,Haas,Abu Dhabi Grand Prix,2020,Yas Marina,17.0,18.0,16.0,19.0,17.477272727272727,0.7920722413504783,-1.0,0,0,53,False
ALB,23,Red Bull Racing,Abu Dhabi Grand Prix,2020,Yas Marina,5.0,4.0,4.0,5.0,4.1,0.3030457633656632,1.0,0,0,54,False
KVY,26,Racing Bulls,Abu Dhabi Grand Prix,2020,Yas Marina,7.0,11.0,7.0,14.0,11.020833333333334,1.9404932837804834,-4.0,0,0,53,False
RIC,3,Alpine,Abu Dhabi Grand Prix,2020,Yas Marina,11.0,7.0,5.0,11.0,6.553191489361702,2.072684781066606,4.0,0,0,54,False
OCO,31,Alpine,Abu Dhabi Grand Prix,2020,Yas Marina,9.0,10.0,9.0,13.0,10.653061224489797,0.830437144123585,-1.0,0,0,54,False
VER,33,Red Bull Racing,Abu Dhabi Grand Prix,2020,Yas Marina,1.0,1.0,1.0,1.0,1.0,0.0,0.0,50,0,54,False
NOR,4,McLaren,Abu Dhabi Grand Prix,2020,Yas Marina,4.0,5.0,4.0,6.0,5.42,0.6727949622466639,-1.0,0,0,54,False
HAM,44,Mercedes,Abu Dhabi Grand Prix,2020,Yas Marina,3.0,3.0,3.0,3.0,3.0,0.0,0.0,0,0,54,False
VET,5,Ferrari,Abu Dhabi Grand Prix,2020,Yas Marina,12.0,14.0,7.0,15.0,11.021739130434783,2.902023282200675,-2.0,0,0,53,False
FIT,51,Haas,Abu Dhabi Grand Prix,2020,Yas Marina,18.0,19.0,17.0,19.0,18.674418604651162,0.6063524918787178,-1.0,0,0,52,False
SAI,55,McLaren,Abu Dhabi Grand Prix,2020,Yas Marina,6.0,6.0,6.0,8.0,6.58,0.6091144458665099,0.0,0,0,54,False
LAT,6,Williams,Abu Dhabi Grand Prix,2020,Yas Marina,19.0,17.0,16.0,20.0,17.565217391304348,1.2410062926341223,2.0,0,0,53,False
RUS,63,Williams,Abu Dhabi Grand Prix,2020,Yas Marina,16.0,15.0,14.0,17.0,15.125,1.023656358562546,1.0,0,0,53,False
RAI,7,Kick Sauber,Abu Dhabi Grand Prix,2020,Yas Marina,14.0,12.0,12.0,15.0,13.0625,0.9980033257949957,2.0,0,0,53,False
BOT,77,Mercedes,Abu Dhabi Grand Prix,2020,Yas Marina,2.0,2.0,2.0,2.0,2.0,0.0,0.0,0,0,54,False
GIO,99,Kick Sauber,Abu Dhabi Grand Prix,2020,Yas Marina,15.0,16.0,12.0,19.0,15.782608695652174,1.2456688248712169,-1.0,0,0,53,False
HAM,44,Mercedes,Bahrain Grand Prix,2021,Sakhir,,1.0,1.0,3.0,1.5227272727272727,0.628347273395124,,24,0,55,False
VER,33,Red Bull Racing,Bahrain Grand Prix,2021,Sakhir,,2.0,1.0,2.0,1.511111111111111,0.5055250296034367,,22,0,55,False
BOT,77,Mercedes,Bahrain Grand Prix,2021,Sakhir,,3.0,2.0,4.0,2.9767441860465116,0.3442294426564695,,0,0,53,False
NOR,4,McLaren,Bahrain Grand Prix,2021,Sakhir,,4.0,3.0,8.0,4.4222222222222225,0.9883155754958419,,0,0,55,False
PER,11,Red Bull Racing,Bahrain Grand Prix,2021,Sakhir,,5.0,3.0,14.0,7.066666666666666,2.855616475394666,,0,0,55,False
LEC,16,Ferrari,Bahrain Grand Prix,2021,Sakhir,,6.0,4.0,9.0,5.466666666666667,1.0787197799411874,,0,0,55,False
RIC,3,McLaren,Bahrain Grand Prix,2021,Sakhir,,7.0,4.0,10.0,6.644444444444445,0.9806202943118,,0,0,55,False
SAI,55,Ferrari,Bahrain Grand Prix,2021,Sakhir,,8.0,3.0,11.0,8.11111111111111,1.5843298299599768,,0,0,55,False
TSU,22,Racing Bulls,Bahrain Grand Prix,2021,Sakhir,,10.0,6.0,16.0,11.311111111111112,2.140754138809098,,0,0,55,False
STR,18,Aston Martin,Bahrain Grand Prix,2021,Sakhir,,9.0,7.0,13.0,8.622222222222222,1.4188485871055139,,0,0,55,False
RAI,7,Kick Sauber,Bahrain Grand Prix,2021,Sakhir,,11.0,9.0,13.0,11.022222222222222,0.7830270194133233,,0,0,55,False
GIO,99,Kick Sauber,Bahrain Grand Prix,2021,Sakhir,,12.0,10.0,16.0,13.340909090909092,1.7776805088494785,,0,0,54,False
OCO,31,Alpine,Bahrain Grand Prix,2021,Sakhir,,13.0,10.0,14.0,13.0,0.806946584785929,,0,0,54,False
RUS,63,Williams,Bahrain Grand Prix,2021,Sakhir,,14.0,10.0,16.0,14.69767441860465,1.6695434751100051,,0,0,54,False
VET,5,Aston Martin,Bahrain Grand Prix,2021,Sakhir,,15.0,6.0,17.0,12.543478260869565,2.8261204011398964,,0,0,54,False
MSC,47,Haas,Bahrain Grand Prix,2021,Sakhir,,16.0,16.0,19.0,18.045454545454547,0.7138023130194253,,0,0,54,False
GAS,10,Racing Bulls,Bahrain Grand Prix,2021,Sakhir,,16.0,15.0,19.0,17.463414634146343,1.4159371627231512,,0,0,51,True
LAT,6,Williams,Bahrain Grand Prix,2021,Sakhir,,18.0,11.0,18.0,16.75,1.0561177090573832,,0,0,50,True
ALO,14,Alpine,Bahrain Grand Prix,2021,Sakhir,,15.0,7.0,15.0,10.272727272727273,2.207817672376701,,0,0,31,True
GAS,10,Racing Bulls,Emilia Romagna Grand Prix,2021,Imola,,8.0,6.0,18.0,10.75609756097561,3.9165066564789472,,0,0,62,False
PER,11,Red Bull Racing,Emilia Romagna Grand Prix,2021,Imola,,12.0,4.0,14.0,8.431818181818182,4.310062467969725,,0,0,62,False
ALO,14,Alpine,Emilia Romagna Grand Prix,2021,Imola,,10.0,10.0,17.0,12.477272727272727,2.4446299607139514,,0,0,62,False
LEC,16,Ferrari,Emilia Romagna Grand Prix,2021,Imola,,4.0,3.0,4.0,3.1555555555555554,0.3665288997383894,,0,0,62,False
STR,18,Aston Martin,Emilia Romagna Grand Prix,2021,Imola,,7.0,7.0,9.0,7.5227272727272725,0.6643281748428734,,0,0,62,False
TSU,22,Racing Bulls,Emilia Romagna Grand Prix,2021,Imola,,13.0,12.0,15.0,13.55813953488372,0.7004191119946668,,0,0,62,False
RIC,3,McLaren,Emilia Romagna Grand Prix,2021,Imola,,6.0,5.0,7.0,5.795454545454546,0.5094249130852176,,0,0,62,False
OCO,31,Alpine,Emilia Romagna Grand Prix,2021,Imola,,11.0,10.0,17.0,12.772727272727273,2.4291221149772313,,0,0,62,False
VER,33,Red Bull Racing,Emilia Romagna Grand Prix,2021,Imola,,1.0,1.0,1.0,1.0,0.0,,45,0,61,False
NOR,4,McLaren,Emilia Romagna Grand Prix,2021,Imola,,3.0,2.0,8.0,3.590909090909091,1.846658601784136,,0,0,62,False
HAM,44,Mercedes,Emilia Romagna Grand Prix,2021,Imola,,2.0,1.0,8.0,3.3777777777777778,1.7358373521535113,,1,0,62,False
MSC,47,Haas,Emilia Romagna Grand Prix,2021,Imola,,16.0,16.0,19.0,16.833333333333332,1.0801234497346435,,0,0,59,True
VET,5,Aston Martin,Emilia Romagna Grand Prix,2021,Imola,,14.0,11.0,17.0,13.95,1.6478424121816428,,0,0,60,False
SAI,55,Ferrari,Emilia Romagna Grand Prix,2021,Imola,,5.0,4.0,8.0,5.590909090909091,1.2816809786675563,,0,0,62,False
RUS,63,Williams,Emilia Romagna Grand Prix,2021,Imola,,10.0,10.0,11.0,10.263157894736842,0.45241392835886407,,0,0,29,True
RAI,7,Kick Sauber,Emilia Romagna Grand Prix,2021,Imola,,9.0,8.0,12.0,9.818181818181818,1.3515319004008999,,0,0,62,False
BOT,77,Mercedes,Emilia Romagna Grand Prix,2021,Imola,,8.0,8.0,10.0,9.157894736842104,0.501459857121279,,0,0,27,True
MAZ,9,Haas,Emilia Romagna Grand Prix,2021,Imola,,17.0,17.0,19.0,17.73170731707317,0.9226155820248876,,0,0,60,False
GIO,99,Kick Sauber,Emilia Romagna Grand Prix,2021,Imola,,15.0,9.0,15.0,13.365853658536585,1.7140025898605815,,0,0,60,False
GAS,10,Racing Bulls,Portuguese Grand Prix,2021,Portimão,9.0,10.0,6.0,12.0,10.137931034482758,1.290291356490463,-1.0,0,0,65,False
PER,11,Red Bull Racing,Portuguese Grand Prix,2021,Portimão,5.0,4.0,1.0,5.0,3.4310344827586206,1.403155203498839,1.0,13,0,65,False
ALO,14,Alpine,Portuguese Grand Prix,2021,Portimão,15.0,8.0,6.0,15.0,9.5,2.7545815105466773,7.0,0,0,65,False
LEC,16,Ferrari,Portuguese Grand Prix,2021,Portimão,8.0,6.0,5.0,10.0,7.137931034482759,1.5497399426668839,2.0,0,0,65,False
STR,18,Aston Martin,Portuguese Grand Prix,2021,Portimão,17.0,13.0,7.0,17.0,12.052631578947368,3.0672291627529407,4.0,0,0,64,False
TSU,22,Racing Bulls,Portuguese Grand Prix,2021,Portimão,16.0,15.0,15.0,19.0,15.543859649122806,1.0189310827423248,1.0,0,0,64,False
RIC,3,McLaren,Portuguese Grand Prix,2021,Portimão,14.0,9.0,5.0,14.0,8.655172413793103,2.467698154207334,5.0,0,0,65,False
OCO,31,Alpine,Portuguese Grand Prix,2021,Portimão,7.0,7.0,7.0,13.0,8.689655172413794,2.019265947498537,0.0,0,0,65,False
VER,33,Red Bull Racing,Portuguese Grand Prix,2021,Portimão,3.0,2.0,2.0,3.0,2.6964285714285716,0.4639609253587421,1.0,0,0,63,False
NOR,4,McLaren,Portuguese Grand Prix,2021,Portimão,6.0,5.0,4.0,10.0,5.810344827586207,1.583432830318568,1.0,0,0,65,False
HAM,44,Mercedes,Portuguese Grand Prix,2021,Portimão,2.0,1.0,1.0,3.0,1.5172413793103448,0.6280400956678523,1.0,32,0,65,False
MSC,47,Haas,Portuguese Grand Prix,2021,Portimão,19.0,17.0,14.0,19.0,17.482142857142858,1.1597973401115689,2.0,0,0,63,False
VET,5,Aston Martin,Portuguese Grand Prix,2021,Portimão,10.0,14.0,10.0,15.0,12.12280701754386,1.3896322154568772,-4.0,0,0,64,False
SAI,55,Ferrari,Portuguese Grand Prix,2021,Portimão,4.0,11.0,4.0,11.0,8.051724137931034,1.5607287298499597,-7.0,0,0,65,False
LAT,6,Williams,Portuguese Grand Prix,2021,Portimão,18.0,18.0,13.0,19.0,17.107142857142858,0.8671493827179099,0.0,0,0,63,False
RUS,63,Williams,Portuguese Grand Prix,2021,Portimão,11.0,16.0,11.0,19.0,15.614035087719298,1.4970731679431832,-5.0,0,0,64,False
RAI,7,Kick Sauber,Portuguese Grand Prix,2021,Portimão,13.0,13.0,13.0,13.0,13.0,,0.0,0,0,1,True
BOT,77,Mercedes,Portuguese Grand Prix,2021,Portimão,1.0,3.0,1.0,4.0,2.4464285714285716,1.1106041411959342,-2.0,14,0,65,False
MAZ,9,Haas,Portuguese Grand Prix,2021,Portimão,20.0,19.0,17.0,20.0,18.74074074074074,0.6496787358520432,1.0,0,0,63,False
GIO,99,Kick Sauber,Portuguese Grand Prix,2021,Portimão,12.0,12.0,12.0,17.0,12.982456140350877,1.1571397629835793,0.0,0,0,64,False
GAS,10,Racing Bulls,Spanish Grand Prix,2021,Barcelona,13.0,10.0,10.0,19.0,13.678571428571429,2.19177920965961,3.0,0,0,64,False
PER,11,Red Bull Racing,Spanish Grand Prix,2021,Barcelona,6.0,5.0,4.0,7.0,5.620689655172414,0.5872202195147035,1.0,0,0,65,False
ALO,14,Alpine,Spanish Grand Prix,2021,Barcelona,10.0,17.0,9.0,17.0,11.214285714285714,1.9513565045352959,-7.0,0,0,64,False
LEC,16,Ferrari,Spanish Grand Prix,2021,Barcelona,3.0,4.0,2.0,4.0,3.4827586206896552,0.5994552881310161,-1.0,0,0,65,False
STR,18,Aston Martin,Spanish Grand Prix,2021,Barcelona,11.0,11.0,10.0,14.0,11.553571428571429,1.3872096630829276,0.0,0,0,64,False
TSU,22,Racing Bulls,Spanish Grand Prix,2021,Barcelona,18.0,16.0,16.0,18.0,16.833333333333332,0.752772652709081,2.0,0,0,6,True
RIC,3,McLaren,Spanish Grand Prix,2021,Barcelona,5.0,6.0,4.0,8.0,5.431034482758621,0.7281813193688766,-1.0,0,0,65,False
OCO,31,Alpine,Spanish Grand Prix,2021,Barcelona,7.0,9.0,6.0,12.0,7.864406779661017,1.238152504653942,-2.0,0,0,64,False
VER,33,Red Bull Racing,Spanish Grand Prix,2021,Barcelona,1.0,2.0,1.0,3.0,1.1551724137931034,0.4511865113205183,-1.0,51,0,65,False
NOR,4,McLaren,Spanish Grand Prix,2021,Barcelona,9.0,8.0,7.0,13.0,9.303571428571429,1.189646897301775,1.0,0,0,64,False
HAM,44,Mercedes,Spanish Grand Prix,2021,Barcelona,2.0,1.0,1.0,3.0,1.9655172413793103,0.5608739183890606,1.0,10,0,65,False
MSC,47,Haas,Spanish Grand Prix,2021,Barcelona,16.0,18.0,15.0,18.0,17.30909090909091,0.8360561577967709,-2.0,0,0,63,False
VET,5,Aston Martin,Spanish Grand Prix,2021,Barcelona,12.0,13.0,12.0,17.0,13.839285714285714,1.6155695389134246,-1.0,0,0,64,False
SAI,55,Ferrari,Spanish Grand Prix,2021,Barcelona,8.0,7.0,7.0,11.0,7.706896551724138,0.9178277308387848,1.0,0,0,65,False
LAT,6,Williams,Spanish Grand Prix,2021,Barcelona,19.0,16.0,9.0,19.0,15.607142857142858,2.461917740510223,3.0,0,0,64,False
RUS,63,Williams,Spanish Grand Prix,2021,Barcelona,17.0,14.0,7.0,18.0,13.258620689655173,2.705162996208483,3.0,0,0,64,False
RAI,7,Kick Sauber,Spanish Grand Prix,2021,Barcelona,14.0,12.0,5.0,15.0,12.051724137931034,2.8862797872493813,2.0,0,0,64,False
BOT,77,Mercedes,Spanish Grand Prix,2021,Barcelona,4.0,3.0,2.0,6.0,3.3275862068965516,0.8247898410575119,1.0,0,0,65,False
MAZ,9,Haas,Spanish Grand Prix,2021,Barcelona,20.0,19.0,18.0,20.0,18.963636363636365,0.5078508224985541,1.0,0,0,63,False
GIO,99,Kick Sauber,Spanish Grand Prix,2021,Barcelona,15.0,15.0,10.0,19.0,15.862068965517242,2.2119950180939822,0.0,0,0,64,False
VER,33,Red Bull Racing,Monaco Grand Prix,2021,Monaco,1.0,1.0,1.0,2.0,1.0133333333333334,0.11547005383792519,0.0,74,0,77,False
SAI,55,Ferrari,Monaco Grand Prix,2021,Monaco,3.0,2.0,2.0,3.0,2.4133333333333336,0.4957476835707513,1.0,0,0,77,False
NOR,4,McLaren,Monaco Grand Prix,2021,Monaco,4.0,3.0,3.0,4.0,3.4266666666666667,0.4979236165597369,1.0,0,0,77,False
PER,11,Red Bull Racing,Monaco Grand Prix,2021,Monaco,8.0,4.0,2.0,8.0,5.453333333333333,2.0552722798072627,4.0,0,0,77,False
VET,5,Aston Martin,Monaco Grand Prix,2021,Monaco,7.0,5.0,4.0,7.0,5.746666666666667,0.9876717549345507,2.0,0,0,77,False
GAS,10,Racing Bulls,Monaco Grand Prix,2021,Monaco,5.0,6.0,5.0,6.0,5.613333333333333,0.4902656018530775,-1.0,0,0,77,False
HAM,44,Mercedes,Monaco Grand Prix,2021,Monaco,6.0,7.0,6.0,7.0,6.616438356164384,0.4896182465934662,-1.0,0,0,77,False
STR,18,Aston Martin,Monaco Grand Prix,2021,Monaco,11.0,8.0,8.0,11.0,9.324324324324325,1.4440061103740118,3.0,0,0,76,False
OCO,31,Alpine,Monaco Grand Prix,2021,Monaco,10.0,9.0,8.0,10.0,9.405405405405405,0.5949310750666587,1.0,0,0,76,False
GIO,99,Kick Sauber,Monaco Grand Prix,2021,Monaco,9.0,10.0,8.0,12.0,9.662162162162161,0.745342194593756,-1.0,0,0,76,False
RAI,7,Kick Sauber,Monaco Grand Prix,2021,Monaco,12.0,11.0,9.0,12.0,11.18918918918919,0.8707684478347495,1.0,0,0,76,False
RIC,3,McLaren,Monaco Grand Prix,2021,Monaco,13.0,12.0,11.0,13.0,12.45945945945946,0.5778844077710604,1.0,0,0,76,False
ALO,14,Alpine,Monaco Grand Prix,2021,Monaco,14.0,13.0,11.0,14.0,13.27027027027027,0.7080224688273034,1.0,0,0,76,False
RUS,63,Williams,Monaco Grand Prix,2021,Monaco,15.0,14.0,14.0,16.0,14.95945945945946,0.5598235825145542,1.0,0,0,76,False
LAT,6,Williams,Monaco Grand Prix,2021,Monaco,16.0,15.0,14.0,16.0,15.5,0.7630149283086917,1.0,0,0,76,False
TSU,22,Racing Bulls,Monaco Grand Prix,2021,Monaco,17.0,16.0,14.0,17.0,15.675675675675675,1.272556569328039,1.0,0,0,76,False
MAZ,9,Haas,Monaco Grand Prix,2021,Monaco,19.0,17.0,17.0,19.0,17.791666666666668,0.9632325271752665,2.0,0,0,74,True
MSC,47,Haas,Monaco Grand Prix,2021,Monaco,18.0,18.0,18.0,19.0,18.041666666666668,0.20122862059478233,0.0,0,0,74,True
BOT,77,Mercedes,Monaco Grand Prix,2021,Monaco,2.0,2.0,2.0,2.0,2.0,0.0,0.0,0,0,29,True
GAS,10,Racing Bulls,Azerbaijan Grand Prix,2021,Baku,5.0,4.0,4.0,6.0,5.088235294117647,0.5144957554275265,1.0,0,0,46,False
PER,11,Red Bull Racing,Azerbaijan Grand Prix,2021,Baku,4.0,1.0,1.0,4.0,2.5,0.7881701093115123,3.0,1,0,46,False
ALO,14,Alpine,Azerbaijan Grand Prix,2021,Baku,7.0,11.0,7.0,14.0,11.121212121212121,1.9646497104696516,-4.0,0,0,45,False
LEC,16,Ferrari,Azerbaijan Grand Prix,2021,Baku,1.0,5.0,1.0,7.0,5.454545454545454,1.6600246438477406,-4.0,1,0,46,False
STR,18,Aston Martin,Azerbaijan Grand Prix,2021,Baku,16.0,4.0,4.0,16.0,7.44,4.292241061885194,12.0,0,0,29,True
TSU,22,Racing Bulls,Azerbaijan Grand Prix,2021,Baku,8.0,6.0,6.0,9.0,7.606060606060606,0.6092717958449424,2.0,0,0,46,False
RIC,3,McLaren,Azerbaijan Grand Prix,2021,Baku,13.0,10.0,8.0,13.0,10.852941176470589,1.076817784905823,3.0,0,0,45,False
OCO,31,Alpine,Azerbaijan Grand Prix,2021,Baku,11.0,11.0,11.0,11.0,11.0,0.0,0.0,0,0,2,True
VER,33,Red Bull Racing,Azerbaijan Grand Prix,2021,Baku,3.0,1.0,1.0,3.0,1.5,0.7071067811865476,2.0,21,0,45,False
NOR,4,McLaren,Azerbaijan Grand Prix,2021,Baku,12.0,8.0,8.0,15.0,9.393939393939394,1.6571699131990423,4.0,0,0,45,False
HAM,44,Mercedes,Azerbaijan Grand Prix,2021,Baku,2.0,2.0,1.0,4.0,2.6666666666666665,1.0141851056742202,0.0,8,0,46,False
MSC,47,Haas,Azerbaijan Grand Prix,2021,Baku,18.0,17.0,16.0,18.0,17.451612903225808,0.7228973960122489,1.0,0,0,43,True
VET,5,Aston Martin,Azerbaijan Grand Prix,2021,Baku,9.0,3.0,1.0,9.0,5.303030303030303,2.6158751939461924,6.0,4,0,46,False
SAI,55,Ferrari,Azerbaijan Grand Prix,2021,Baku,6.0,9.0,5.0,15.0,10.411764705882353,3.303970495308348,-3.0,0,0,45,False
LAT,6,Williams,Azerbaijan Grand Prix,2021,Baku,17.0,16.0,13.0,17.0,16.242424242424242,0.9692233691951198,1.0,0,0,45,False
RUS,63,Williams,Azerbaijan Grand Prix,2021,Baku,,15.0,15.0,20.0,16.303030303030305,1.3803271461153803,,0,0,45,False
RAI,7,Kick Sauber,Azerbaijan Grand Prix,2021,Baku,14.0,12.0,8.0,15.0,13.363636363636363,1.710595324334883,2.0,0,0,45,False
BOT,77,Mercedes,Azerbaijan Grand Prix,2021,Baku,10.0,14.0,7.0,14.0,10.941176470588236,1.999108535725714,-4.0,0,0,45,False
MAZ,9,Haas,Azerbaijan Grand Prix,2021,Baku,19.0,18.0,15.0,19.0,18.333333333333332,0.9589266029707684,1.0,0,0,43,True
GIO,99,Kick Sauber,Azerbaijan Grand Prix,2021,Baku,15.0,13.0,13.0,18.0,14.090909090909092,1.6462767910431322,2.0,0,0,45,False
VER,33,Red Bull Racing,French Grand Prix,2021,Le Castellet,2.0,1.0,1.0,4.0,2.0416666666666665,0.6828704538472788,1.0,9,0,52,False
HAM,44,Mercedes,French Grand Prix,2021,Le Castellet,1.0,2.0,1.0,3.0,1.3,0.5802884574739972,-1.0,38,0,52,False
PER,11,Red Bull Racing,French Grand Prix,2021,Le Castellet,4.0,3.0,1.0,4.0,3.5,0.9529760045804524,1.0,5,0,52,False
BOT,77,Mercedes,French Grand Prix,2021,Le Castellet,3.0,4.0,2.0,4.0,2.94,0.6518419740885619,-1.0,0,0,52,False
NOR,4,McLaren,French Grand Prix,2021,Le Castellet,10.0,5.0,5.0,13.0,7.18,2.3706539182259396,5.0,0,0,52,False
RIC,3,McLaren,French Grand Prix,2021,Le Castellet,9.0,6.0,6.0,12.0,7.9,1.9086270308410558,3.0,0,0,52,False
GAS,10,Racing Bulls,French Grand Prix,2021,Le Castellet,6.0,7.0,6.0,14.0,8.18,2.568967075837037,-1.0,0,0,52,False
ALO,14,Alpine,French Grand Prix,2021,Le Castellet,8.0,8.0,7.0,15.0,9.86,2.555586118322618,0.0,0,0,52,False
VET,5,Aston Martin,French Grand Prix,2021,Le Castellet,12.0,9.0,5.0,12.0,8.14,2.4495730573439336,3.0,0,0,52,False
STR,18,Aston Martin,French Grand Prix,2021,Le Castellet,16.0,10.0,6.0,16.0,10.62,3.3496268448888458,6.0,0,0,52,False
SAI,55,Ferrari,French Grand Prix,2021,Le Castellet,5.0,11.0,5.0,13.0,8.4,2.6649654437396615,-6.0,0,0,52,False
RUS,63,Williams,French Grand Prix,2021,Le Castellet,17.0,12.0,12.0,18.0,15.346938775510203,2.1847103203110176,5.0,0,0,51,False
TSU,22,Racing Bulls,French Grand Prix,2021,Le Castellet,,13.0,11.0,18.0,14.291666666666666,2.103273369119722,,0,0,51,False
OCO,31,Alpine,French Grand Prix,2021,Le Castellet,11.0,14.0,7.0,17.0,12.16326530612245,2.702983989774929,-3.0,0,0,51,False
GIO,99,Kick Sauber,French Grand Prix,2021,Le Castellet,13.0,15.0,9.0,18.0,13.428571428571429,2.457980200625438,-2.0,0,0,51,False
LEC,16,Ferrari,French Grand Prix,2021,Le Castellet,7.0,16.0,7.0,17.0,10.97872340425532,3.6682501556519203,-9.0,0,0,51,False
RAI,7,Kick Sauber,French Grand Prix,2021,Le Castellet,14.0,17.0,10.0,18.0,14.653061224489797,2.305347229885367,-3.0,0,0,51,False
LAT,6,Williams,French Grand Prix,2021,Le Castellet,15.0,18.0,12.0,19.0,17.244897959183675,1.1819935886194202,-3.0,0,0,51,False
MSC,47,Haas,French Grand Prix,2021,Le Castellet,19.0,19.0,19.0,20.0,19.510204081632654,0.5050762722761054,0.0,0,0,51,False
MAZ,9,Haas,French Grand Prix,2021,Le Castellet,20.0,20.0,16.0,20.0,19.183673469387756,0.9931739816482957,0.0,0,0,51,False
VER,33,Red Bull Racing,Styrian Grand Prix,2021,Spielberg,,1.0,1.0,1.0,1.0,0.0,,67,0,70,False
HAM,44,Mercedes,Styrian Grand Prix,2021,Spielberg,,2.0,2.0,2.0,2.0,0.0,,0,0,68,False
BOT,77,Mercedes,Styrian Grand Prix,2021,Spielberg,,3.0,3.0,5.0,3.5223880597014925,0.7252629398890317,,0,0,70,False
PER,11,Red Bull Racing,Styrian Grand Prix,2021,Spielberg,,4.0,3.0,5.0,3.8,0.5062114182829146,,0,0,70,False
NOR,4,McLaren,Styrian Grand Prix,2021,Spielberg,,5.0,3.0,6.0,4.7727272727272725,0.8909019551590925,,0,0,69,False
SAI,55,Ferrari,Styrian Grand Prix,2021,Spielberg,,6.0,5.0,11.0,7.424242424242424,2.127191041007301,,0,0,69,False
LEC,16,Ferrari,Styrian Grand Prix,2021,Spielberg,,7.0,7.0,18.0,11.938461538461539,3.9404826920256673,,0,0,69,False
STR,18,Aston Martin,Styrian Grand Prix,2021,Spielberg,,8.0,6.0,19.0,7.424242424242424,2.083344988312387,,0,0,69,False
ALO,14,Alpine,Styrian Grand Prix,2021,Spielberg,,9.0,6.0,12.0,8.409090909090908,1.607456401871007,,0,0,69,False
TSU,22,Racing Bulls,Styrian Grand Prix,2021,Spielberg,,10.0,8.0,13.0,9.924242424242424,1.3394672426649685,,0,0,69,False
RAI,7,Kick Sauber,Styrian Grand Prix,2021,Spielberg,,11.0,7.0,14.0,11.651515151515152,1.8604583739781335,,0,0,69,False
VET,5,Aston Martin,Styrian Grand Prix,2021,Spielberg,,12.0,9.0,14.0,11.333333333333334,1.1412993045490312,,0,0,69,False
RIC,3,McLaren,Styrian Grand Prix,2021,Spielberg,,13.0,7.0,15.0,11.954545454545455,2.610227329809937,,0,0,69,False
OCO,31,Alpine,Styrian Grand Prix,2021,Spielberg,,14.0,10.0,15.0,13.727272727272727,1.4309271286660432,,0,0,69,False
GIO,99,Kick Sauber,Styrian Grand Prix,2021,Spielberg,,15.0,11.0,17.0,14.045454545454545,1.54354056717583,,0,0,69,False
MSC,47,Haas,Styrian Grand Prix,2021,Spielberg,,16.0,16.0,18.0,16.523076923076925,0.7094824766091018,,0,0,68,False
LAT,6,Williams,Styrian Grand Prix,2021,Spielberg,,17.0,17.0,19.0,18.41269841269841,0.6384184247007912,,0,0,67,True
MAZ,9,Haas,Styrian Grand Prix,2021,Spielberg,,18.0,15.0,18.0,16.796875,0.7385031514908414,,0,0,67,True
RUS,63,Williams,Styrian Grand Prix,2021,Spielberg,,18.0,7.0,18.0,10.548387096774194,4.470933606287166,,0,0,35,True
VER,33,Red Bull Racing,Austrian Grand Prix,2021,Spielberg,,1.0,1.0,1.0,1.0,0.0,,63,0,70,False
BOT,77,Mercedes,Austrian Grand Prix,2021,Spielberg,,2.0,2.0,4.0,3.1076923076923078,0.8314722808645841,,0,0,70,False
NOR,4,McLaren,Austrian Grand Prix,2021,Spielberg,,3.0,2.0,4.0,3.076923076923077,0.7563830938191206,,0,0,70,False
HAM,44,Mercedes,Austrian Grand Prix,2021,Spielberg,,4.0,2.0,4.0,2.7777777777777777,0.8317188662050621,,0,0,70,False
SAI,55,Ferrari,Austrian Grand Prix,2021,Spielberg,,6.0,5.0,13.0,7.938461538461539,2.423046397854124,,0,0,70,False
PER,11,Red Bull Racing,Austrian Grand Prix,2021,Spielberg,,5.0,5.0,10.0,7.030769230769231,1.722727042087185,,0,0,70,False
RIC,3,McLaren,Austrian Grand Prix,2021,Spielberg,,7.0,5.0,11.0,6.630769230769231,1.5059178136732634,,0,0,70,False
LEC,16,Ferrari,Austrian Grand Prix,2021,Spielberg,,8.0,5.0,11.0,7.71875,1.8123802642442954,,0,0,69,False
GAS,10,Racing Bulls,Austrian Grand Prix,2021,Spielberg,,9.0,5.0,17.0,9.274193548387096,3.1735038030786127,,0,0,69,False
ALO,14,Alpine,Austrian Grand Prix,2021,Spielberg,,10.0,9.0,15.0,12.359375,1.8114905508649544,,0,0,69,False
RUS,63,Williams,Austrian Grand Prix,2021,Spielberg,,11.0,9.0,16.0,10.96875,1.5933268579266704,,0,0,69,False
TSU,22,Racing Bulls,Austrian Grand Prix,2021,Spielberg,,14.0,6.0,19.0,12.225806451612904,3.379879495566056,,0,0,69,False
STR,18,Aston Martin,Austrian Grand Prix,2021,Spielberg,,15.0,6.0,19.0,13.870967741935484,3.4758363586890826,,0,0,69,False
GIO,99,Kick Sauber,Austrian Grand Prix,2021,Spielberg,,16.0,13.0,18.0,15.921875,1.4176292248143092,,0,0,69,False
RAI,7,Kick Sauber,Austrian Grand Prix,2021,Spielberg,,12.0,6.0,15.0,11.828125,2.3132104228360766,,0,0,69,False
LAT,6,Williams,Austrian Grand Prix,2021,Spielberg,,17.0,12.0,17.0,15.296875,1.8744708247971942,,0,0,69,False
VET,5,Aston Martin,Austrian Grand Prix,2021,Spielberg,,13.0,5.0,17.0,11.903225806451612,3.033742899614674,,0,0,69,False
MSC,47,Haas,Austrian Grand Prix,2021,Spielberg,,18.0,15.0,18.0,17.603174603174605,0.8526936926811095,,0,0,68,False
MAZ,9,Haas,Austrian Grand Prix,2021,Spielberg,,19.0,16.0,19.0,18.852459016393443,0.5427112668129186,,0,0,68,False
HAM,44,Mercedes,British Grand Prix,2021,Silverstone,,1.0,1.0,4.0,2.25,0.6147413901342467,,2,0,51,False
LEC,16,Ferrari,British Grand Prix,2021,Silverstone,,2.0,1.0,2.0,1.0454545454545454,0.21070705494148545,,42,0,51,False
BOT,77,Mercedes,British Grand Prix,2021,Silverstone,,3.0,2.0,4.0,3.227272727272727,0.8314637237366783,,0,0,51,False
NOR,4,McLaren,British Grand Prix,2021,Silverstone,,4.0,3.0,5.0,3.7045454545454546,0.6675029990193218,,0,0,51,False
RIC,3,McLaren,British Grand Prix,2021,Silverstone,,5.0,5.0,9.0,5.431818181818182,1.0652595987293376,,0,0,51,False
SAI,55,Ferrari,British Grand Prix,2021,Silverstone,,6.0,3.0,6.0,5.590909090909091,0.9957626928041386,,0,0,51,False
ALO,14,Alpine,British Grand Prix,2021,Silverstone,,7.0,5.0,9.0,7.090909090909091,0.67576595020045,,0,0,51,False
STR,18,Aston Martin,British Grand Prix,2021,Silverstone,,8.0,7.0,10.0,8.204545454545455,0.6675029990193216,,0,0,51,False
OCO,31,Alpine,British Grand Prix,2021,Silverstone,,9.0,9.0,13.0,10.272727272727273,1.3005121775247102,,0,0,51,False
TSU,22,Racing Bulls,British Grand Prix,2021,Silverstone,,10.0,7.0,15.0,12.395348837209303,2.4116733459978024,,0,0,51,False
GAS,10,Racing Bulls,British Grand Prix,2021,Silverstone,,11.0,6.0,13.0,9.883720930232558,1.6360420055962208,,0,0,51,False
RUS,63,Williams,British Grand Prix,2021,Silverstone,,12.0,11.0,15.0,13.833333333333334,0.7624308578540944,,0,0,50,False
GIO,99,Kick Sauber,British Grand Prix,2021,Silverstone,,13.0,10.0,15.0,13.595238095238095,1.5781978578471576,,0,0,50,False
LAT,6,Williams,British Grand Prix,2021,Silverstone,,14.0,14.0,16.0,15.837209302325581,0.4845337748382722,,0,0,50,False
RAI,7,Kick Sauber,British Grand Prix,2021,Silverstone,,15.0,10.0,16.0,11.906976744186046,1.7703100816412294,,0,0,50,False
PER,11,Red Bull Racing,British Grand Prix,2021,Silverstone,,16.0,9.0,16.0,11.657894736842104,1.728556901462365,,0,0,50,False
MAZ,9,Haas,British Grand Prix,2021,Silverstone,,17.0,17.0,19.0,18.209302325581394,0.7733088933397007,,0,0,50,False
MSC,47,Haas,British Grand Prix,2021,Silverstone,,18.0,17.0,19.0,18.25581395348837,0.5811738226912985,,0,0,50,False
VET,5,Aston Martin,British Grand Prix,2021,Silverstone,,17.0,17.0,19.0,17.151515151515152,0.5075192189225523,,0,0,39,True
OCO,31,Alpine,Hungarian Grand Prix,2021,Budapest,,1.0,1.0,2.0,1.0161290322580645,0.12700012700019053,,61,0,69,False
HAM,44,Mercedes,Hungarian Grand Prix,2021,Budapest,,3.0,3.0,14.0,7.0,3.4790010456828075,,0,0,69,False
SAI,55,Ferrari,Hungarian Grand Prix,2021,Budapest,,4.0,3.0,5.0,3.7096774193548385,0.8756654944499527,,0,0,69,False
ALO,14,Alpine,Hungarian Grand Prix,2021,Budapest,,5.0,1.0,6.0,4.645161290322581,1.1176200444350028,,1,0,69,False
GAS,10,Racing Bulls,Hungarian Grand Prix,2021,Budapest,,6.0,5.0,12.0,7.766666666666667,2.3388151908979777,,0,0,67,False
TSU,22,Racing Bulls,Hungarian Grand Prix,2021,Budapest,,7.0,4.0,7.0,5.758064516129032,1.183014818733563,,0,0,69,False
LAT,6,Williams,Hungarian Grand Prix,2021,Budapest,,8.0,3.0,8.0,6.370967741935484,2.2045695536714525,,0,0,69,False
RUS,63,Williams,Hungarian Grand Prix,2021,Budapest,,9.0,7.0,10.0,8.64516129032258,1.0417005987774945,,0,0,69,False
VER,33,Red Bull Racing,Hungarian Grand Prix,2021,Budapest,,10.0,9.0,12.0,11.016666666666667,0.8923719424185295,,0,0,69,False
RAI,7,Kick Sauber,Hungarian Grand Prix,2021,Budapest,,11.0,8.0,14.0,11.440677966101696,1.7247807101061896,,0,0,68,False
RIC,3,McLaren,Hungarian Grand Prix,2021,Budapest,,12.0,8.0,12.0,10.016666666666667,0.9653605046586494,,0,0,68,False
MSC,47,Haas,Hungarian Grand Prix,2021,Budapest,,13.0,8.0,13.0,11.540983606557377,1.7471287921597087,,0,0,68,False
GIO,99,Kick Sauber,Hungarian Grand Prix,2021,Budapest,,14.0,13.0,14.0,13.88135593220339,0.3261449731971788,,0,0,68,False
VET,5,Aston Martin,Hungarian Grand Prix,2021,Budapest,,2.0,2.0,3.0,2.032258064516129,0.17812704394997528,,0,0,69,False
VER,33,Red Bull Racing,Belgian Grand Prix,2021,Spa-Francorchamps,,1.0,1.0,1.0,1.0,,,1,0,2,False
RUS,63,Williams,Belgian Grand Prix,2021,Spa-Francorchamps,,2.0,2.0,2.0,2.0,,,0,0,2,False
HAM,44,Mercedes,Belgian Grand Prix,2021,Spa-Francorchamps,,3.0,3.0,3.0,3.0,,,0,0,2,False
RIC,3,McLaren,Belgian Grand Prix,2021,Spa-Francorchamps,,4.0,4.0,4.0,4.0,,,0,0,2,False
VET,5,Aston Martin,Belgian Grand Prix,2021,Spa-Francorchamps,,5.0,5.0,5.0,5.0,,,0,0,2,False
GAS,10,Racing Bulls,Belgian Grand Prix,2021,Spa-Francorchamps,,6.0,6.0,6.0,6.0,,,0,0,2,False
OCO,31,Alpine,Belgian Grand Prix,2021,Spa-Francorchamps,,7.0,7.0,7.0,7.0,,,0,0,2,False
LEC,16,Ferrari,Belgian Grand Prix,2021,Spa-Francorchamps,,8.0,8.0,8.0,8.0,,,0,0,2,False
LAT,6,Williams,Belgian Grand Prix,2021,Spa-Francorchamps,,9.0,9.0,9.0,9.0,,,0,0,2,False
SAI,55,Ferrari,Belgian Grand Prix,2021,Spa-Francorchamps,,10.0,10.0,10.0,10.0,,,0,0,2,False
ALO,14,Alpine,Belgian Grand Prix,2021,Spa-Francorchamps,,11.0,11.0,11.0,11.0,,,0,0,2,False
BOT,77,Mercedes,Belgian Grand Prix,2021,Spa-Francorchamps,,12.0,12.0,12.0,12.0,,,0,0,2,False
GIO,99,Kick Sauber,Belgian Grand Prix,2021,Spa-Francorchamps,,13.0,13.0,13.0,13.0,,,0,0,2,False
NOR,4,McLaren,Belgian Grand Prix,2021,Spa-Francorchamps,,14.0,14.0,14.0,14.0,,,0,0,2,False
TSU,22,Racing Bulls,Belgian Grand Prix,2021,Spa-Francorchamps,,15.0,15.0,15.0,15.0,,,0,0,2,False
MSC,47,Haas,Belgian Grand Prix,2021,Spa-Francorchamps,,16.0,16.0,16.0,16.0,,,0,0,2,False
MAZ,9,Haas,Belgian Grand Prix,2021,Spa-Francorchamps,,17.0,17.0,17.0,17.0,,,0,0,2,False
RAI,7,Kick Sauber,Belgian Grand Prix,2021,Spa-Francorchamps,,19.0,19.0,19.0,19.0,,,0,0,2,False
PER,11,Red Bull Racing,Belgian Grand Prix,2021,Spa-Francorchamps,,20.0,20.0,20.0,20.0,,,0,0,2,False
STR,18,Aston Martin,Belgian Grand Prix,2021,Spa-Francorchamps,,18.0,18.0,18.0,18.0,,,0,0,2,False
VER,33,Red Bull Racing,Dutch Grand Prix,2021,Zandvoort,1.0,1.0,1.0,2.0,1.106060606060606,0.3102747109746398,0.0,59,0,71,False
HAM,44,Mercedes,Dutch Grand Prix,2021,Zandvoort,2.0,2.0,2.0,3.0,2.140625,0.35038244411336755,0.0,0,0,69,False
BOT,77,Mercedes,Dutch Grand Prix,2021,Zandvoort,3.0,3.0,1.0,3.0,2.727272727272727,0.6689936080056725,0.0,8,0,71,False
GAS,10,Racing Bulls,Dutch Grand Prix,2021,Zandvoort,4.0,4.0,4.0,7.0,4.253731343283582,0.7037407318317431,0.0,0,0,70,False
LEC,16,Ferrari,Dutch Grand Prix,2021,Zandvoort,5.0,5.0,4.0,5.0,4.850746268656716,0.359027784156703,0.0,0,0,70,False
ALO,14,Alpine,Dutch Grand Prix,2021,Zandvoort,7.0,7.0,6.0,9.0,7.208955223880597,0.7079058624463666,0.0,0,0,70,False
SAI,55,Ferrari,Dutch Grand Prix,2021,Zandvoort,6.0,6.0,5.0,7.0,5.925373134328358,0.3168707238463917,0.0,0,0,70,False
PER,11,Red Bull Racing,Dutch Grand Prix,2021,Zandvoort,,8.0,7.0,19.0,11.984375,3.913721030117924,,0,0,70,False
OCO,31,Alpine,Dutch Grand Prix,2021,Zandvoort,8.0,9.0,8.0,10.0,8.35820895522388,0.7114111571124277,-1.0,0,0,70,False
NOR,4,McLaren,Dutch Grand Prix,2021,Zandvoort,13.0,10.0,7.0,13.0,10.567164179104477,2.154796486185932,3.0,0,0,70,False
RIC,3,McLaren,Dutch Grand Prix,2021,Zandvoort,9.0,11.0,9.0,11.0,10.014925373134329,0.945364084320008,-2.0,0,0,70,False
STR,18,Aston Martin,Dutch Grand Prix,2021,Zandvoort,12.0,12.0,12.0,16.0,12.742424242424242,0.9166931549468122,0.0,0,0,69,False
VET,5,Aston Martin,Dutch Grand Prix,2021,Zandvoort,15.0,13.0,13.0,19.0,16.4375,1.6702342768852936,2.0,0,0,69,False
GIO,99,Kick Sauber,Dutch Grand Prix,2021,Zandvoort,10.0,14.0,10.0,18.0,13.15625,2.8408513702649962,-4.0,0,0,69,False
KUB,88,Kick Sauber,Dutch Grand Prix,2021,Zandvoort,16.0,16.0,13.0,18.0,15.863636363636363,1.188228981252398,0.0,0,0,69,False
LAT,6,Williams,Dutch Grand Prix,2021,Zandvoort,,15.0,14.0,20.0,16.43076923076923,1.71363311754251,,0,0,69,False
RUS,63,Williams,Dutch Grand Prix,2021,Zandvoort,11.0,12.0,11.0,15.0,11.75,0.8908708063747479,-1.0,0,0,67,True
MSC,47,Haas,Dutch Grand Prix,2021,Zandvoort,18.0,18.0,18.0,20.0,19.158730158730158,0.9368159733622973,0.0,0,0,68,True
TSU,22,Racing Bulls,Dutch Grand Prix,2021,Zandvoort,14.0,14.0,12.0,17.0,14.181818181818182,0.8963161628843809,0.0,0,0,47,True
MAZ,9,Haas,Dutch Grand Prix,2021,Zandvoort,17.0,19.0,16.0,19.0,17.783783783783782,0.8542421961772492,-2.0,0,0,40,True
GAS,10,Racing Bulls,Italian Grand Prix,2021,Monza,,18.0,18.0,18.0,18.0,,,0,0,2,True
PER,11,Red Bull Racing,Italian Grand Prix,2021,Monza,,3.0,3.0,7.0,4.7073170731707314,1.646874349169122,,0,0,52,False
ALO,14,Alpine,Italian Grand Prix,2021,Monza,,8.0,8.0,10.0,8.75,0.7762500258061847,,0,0,52,False
LEC,16,Ferrari,Italian Grand Prix,2021,Monza,,5.0,2.0,5.0,4.7560975609756095,0.7341828043776989,,0,0,52,False
STR,18,Aston Martin,Italian Grand Prix,2021,Monza,,7.0,7.0,9.0,7.6,0.5905234531480936,,0,0,52,False
RIC,3,McLaren,Italian Grand Prix,2021,Monza,,1.0,1.0,6.0,1.205128205128205,0.9227957286502333,,37,0,52,False
OCO,31,Alpine,Italian Grand Prix,2021,Monza,,10.0,10.0,12.0,10.78048780487805,0.8806870931821136,,0,0,52,False
VER,33,Red Bull Racing,Italian Grand Prix,2021,Monza,,8.0,1.0,8.0,2.238095238095238,1.3380867649282653,,1,0,25,True
NOR,4,McLaren,Italian Grand Prix,2021,Monza,,2.0,1.0,3.0,2.4871794871794872,0.5559153131166876,,1,0,52,False
HAM,44,Mercedes,Italian Grand Prix,2021,Monza,,1.0,1.0,4.0,3.8181818181818183,0.6644986392449886,,1,0,24,True
MSC,47,Haas,Italian Grand Prix,2021,Monza,,15.0,15.0,16.0,15.692307692307692,0.467571900119518,,0,0,52,False
VET,5,Aston Martin,Italian Grand Prix,2021,Monza,,12.0,12.0,15.0,12.666666666666666,0.6212607441973954,,0,0,52,False
SAI,55,Ferrari,Italian Grand Prix,2021,Monza,,6.0,5.0,7.0,6.2682926829268295,0.5926377579897537,,0,0,52,False
LAT,6,Williams,Italian Grand Prix,2021,Monza,,11.0,10.0,11.0,10.820512820512821,0.3887764119844716,,0,0,52,False
RUS,63,Williams,Italian Grand Prix,2021,Monza,,9.0,9.0,14.0,11.642857142857142,2.3666527620602156,,0,0,52,False
BOT,77,Mercedes,Italian Grand Prix,2021,Monza,,4.0,4.0,15.0,7.857142857142857,3.7126772180510845,,0,0,52,False
KUB,88,Kick Sauber,Italian Grand Prix,2021,Monza,,14.0,12.0,15.0,13.857142857142858,1.2604960032526986,,0,0,52,False
MAZ,9,Haas,Italian Grand Prix,2021,Monza,,15.0,15.0,17.0,16.517241379310345,0.8289705171033532,,0,0,38,True
GIO,99,Kick Sauber,Italian Grand Prix,2021,Monza,,13.0,13.0,19.0,16.075,2.152964563167822,,0,0,52,False
HAM,44,Mercedes,Russian Grand Prix,2021,Sochi,7.0,2.0,2.0,8.0,3.909090909090909,1.8276707990452974,5.0,0,0,47,True
VER,33,Red Bull Racing,Russian Grand Prix,2021,Sochi,17.0,2.0,2.0,17.0,8.772727272727273,3.503245248726853,15.0,0,0,52,False
SAI,55,Ferrari,Russian Grand Prix,2021,Sochi,1.0,3.0,1.0,11.0,5.090909090909091,3.7030357239619893,-2.0,11,0,52,False
RIC,3,McLaren,Russian Grand Prix,2021,Sochi,5.0,4.0,2.0,13.0,5.409090909090909,2.8879717016762605,1.0,0,0,52,False
BOT,77,Mercedes,Russian Grand Prix,2021,Sochi,15.0,5.0,5.0,16.0,12.755555555555556,2.647087211836948,10.0,0,0,52,False
ALO,14,Alpine,Russian Grand Prix,2021,Sochi,6.0,6.0,2.0,8.0,5.2444444444444445,2.057752034221673,0.0,0,0,52,False
NOR,4,McLaren,Russian Grand Prix,2021,Sochi,2.0,1.0,1.0,4.0,1.6222222222222222,0.9363587329478359,1.0,27,0,50,False
RAI,7,Kick Sauber,Russian Grand Prix,2021,Sochi,10.0,7.0,7.0,16.0,12.311111111111112,2.4009678183279477,3.0,0,0,52,False
PER,11,Red Bull Racing,Russian Grand Prix,2021,Sochi,8.0,9.0,1.0,9.0,4.333333333333333,2.174229226018436,-1.0,7,0,52,False
RUS,63,Williams,Russian Grand Prix,2021,Sochi,3.0,10.0,3.0,15.0,9.2,3.8293127795514907,-7.0,0,0,52,False
STR,18,Aston Martin,Russian Grand Prix,2021,Sochi,4.0,11.0,4.0,14.0,8.522727272727273,3.0076540836141312,-7.0,0,0,52,False
VET,5,Aston Martin,Russian Grand Prix,2021,Sochi,11.0,6.0,6.0,16.0,10.886363636363637,2.3547666560040144,5.0,0,0,49,True
GAS,10,Racing Bulls,Russian Grand Prix,2021,Sochi,14.0,10.0,5.0,15.0,11.409090909090908,3.472939789607792,4.0,0,0,49,True
OCO,31,Alpine,Russian Grand Prix,2021,Sochi,9.0,11.0,7.0,15.0,11.295454545454545,2.1842943137426842,-2.0,0,0,49,True
LEC,16,Ferrari,Russian Grand Prix,2021,Sochi,12.0,5.0,3.0,13.0,8.363636363636363,3.4242018869172806,7.0,0,0,49,True
GIO,99,Kick Sauber,Russian Grand Prix,2021,Sochi,19.0,15.0,14.0,19.0,16.431818181818183,1.5461539270633313,4.0,0,0,49,True
TSU,22,Racing Bulls,Russian Grand Prix,2021,Sochi,20.0,17.0,17.0,20.0,18.204545454545453,0.9042418243786351,3.0,0,0,51,False
MAZ,9,Haas,Russian Grand Prix,2021,Sochi,13.0,18.0,13.0,20.0,18.186046511627907,1.7217905125809387,-5.0,0,0,48,True
LAT,6,Williams,Russian Grand Prix,2021,Sochi,16.0,16.0,16.0,18.0,16.930232558139537,0.6688778391280679,0.0,0,0,46,True
MSC,47,Haas,Russian Grand Prix,2021,Sochi,18.0,19.0,17.0,20.0,19.178571428571427,1.2187902754164621,-1.0,0,0,31,True
BOT,77,Mercedes,Turkish Grand Prix,2021,Istanbul,,1.0,1.0,2.0,1.1538461538461537,0.3643213074786545,,44,0,57,False
VER,33,Red Bull Racing,Turkish Grand Prix,2021,Istanbul,,2.0,2.0,3.0,2.176470588235294,0.3850133687518488,,0,0,57,False
PER,11,Red Bull Racing,Turkish Grand Prix,2021,Istanbul,,3.0,3.0,6.0,4.134615384615385,0.6576501887318705,,0,0,57,False
LEC,16,Ferrari,Turkish Grand Prix,2021,Istanbul,,4.0,1.0,4.0,2.843137254901961,0.902719203730769,,8,0,57,False
HAM,44,Mercedes,Turkish Grand Prix,2021,Istanbul,,5.0,3.0,9.0,5.3,1.5016997172591886,,0,0,57,False
GAS,10,Racing Bulls,Turkish Grand Prix,2021,Istanbul,,6.0,5.0,6.0,5.78,0.41845195759648024,,0,0,57,False
NOR,4,McLaren,Turkish Grand Prix,2021,Istanbul,,7.0,6.0,9.0,6.9411764705882355,0.5064292529419031,,0,0,57,False
SAI,55,Ferrari,Turkish Grand Prix,2021,Istanbul,,8.0,8.0,15.0,9.51923076923077,1.697638320511759,,0,0,57,False
STR,18,Aston Martin,Turkish Grand Prix,2021,Istanbul,,9.0,7.0,10.0,8.42,1.031938931906183,,0,0,57,False
OCO,31,Alpine,Turkish Grand Prix,2021,Istanbul,,10.0,8.0,12.0,10.48076923076923,1.3646860533224228,,0,0,56,False
GIO,99,Kick Sauber,Turkish Grand Prix,2021,Istanbul,,11.0,11.0,13.0,12.24,0.5554920598635309,,0,0,56,False
RAI,7,Kick Sauber,Turkish Grand Prix,2021,Istanbul,,12.0,12.0,14.0,13.529411764705882,0.5423261445466404,,0,0,56,False
RIC,3,McLaren,Turkish Grand Prix,2021,Istanbul,,13.0,11.0,18.0,14.549019607843137,2.700471999411926,,0,0,56,False
TSU,22,Racing Bulls,Turkish Grand Prix,2021,Istanbul,,14.0,8.0,14.0,11.86,2.338759482795815,,0,0,56,False
RUS,63,Williams,Turkish Grand Prix,2021,Istanbul,,15.0,14.0,15.0,14.96,0.1979486637221574,,0,0,56,False
ALO,14,Alpine,Turkish Grand Prix,2021,Istanbul,,16.0,16.0,18.0,16.52,0.6141195788629907,,0,0,56,False
LAT,6,Williams,Turkish Grand Prix,2021,Istanbul,,17.0,16.0,20.0,17.612244897959183,1.0371500721249762,,0,0,56,False
VET,5,Aston Martin,Turkish Grand Prix,2021,Istanbul,,18.0,10.0,18.0,13.06,3.760210588978946,,0,0,56,False
MSC,47,Haas,Turkish Grand Prix,2021,Istanbul,,19.0,18.0,20.0,19.510204081632654,0.5447648185070262,,0,0,55,False
MAZ,9,Haas,Turkish Grand Prix,2021,Istanbul,,20.0,18.0,20.0,19.22,0.7082603003566024,,0,0,55,False
VER,33,Red Bull Racing,United States Grand Prix,2021,Austin,,1.0,1.0,4.0,1.3958333333333333,0.6098337175989594,,31,0,55,False
HAM,44,Mercedes,United States Grand Prix,2021,Austin,,2.0,1.0,2.0,1.625,0.48924605479008165,,18,0,55,False
PER,11,Red Bull Racing,United States Grand Prix,2021,Austin,,3.0,2.0,4.0,3.0,0.20851441405707477,,0,0,55,False
LEC,16,Ferrari,United States Grand Prix,2021,Austin,,4.0,3.0,4.0,3.9574468085106385,0.20402970888857874,,0,0,55,False
RIC,3,McLaren,United States Grand Prix,2021,Austin,,5.0,5.0,6.0,5.125,0.3342186823915959,,0,0,55,False
BOT,77,Mercedes,United States Grand Prix,2021,Austin,,6.0,5.0,11.0,7.583333333333333,1.5275252316519468,,0,0,55,False
SAI,55,Ferrari,United States Grand Prix,2021,Austin,,7.0,6.0,7.0,6.166666666666667,0.3766217885773548,,0,0,55,False
NOR,4,McLaren,United States Grand Prix,2021,Austin,,8.0,7.0,10.0,7.604166666666667,0.6098337175989593,,0,0,55,False
TSU,22,Racing Bulls,United States Grand Prix,2021,Austin,,9.0,8.0,12.0,9.23404255319149,0.9603614798933291,,0,0,54,False
VET,5,Aston Martin,United States Grand Prix,2021,Austin,,10.0,8.0,15.0,11.659574468085106,1.992121392152868,,0,0,54,False
GIO,99,Kick Sauber,United States Grand Prix,2021,Austin,,11.0,11.0,15.0,12.1875,1.4240525032156974,,0,0,54,False
STR,18,Aston Martin,United States Grand Prix,2021,Austin,,13.0,9.0,17.0,13.425531914893616,2.061496721475673,,0,0,54,False
RAI,7,Kick Sauber,United States Grand Prix,2021,Austin,,12.0,8.0,14.0,10.851063829787234,1.2332129017548348,,0,0,54,False
RUS,63,Williams,United States Grand Prix,2021,Austin,,14.0,13.0,17.0,14.297872340425531,1.0196950442895911,,0,0,54,False
LAT,6,Williams,United States Grand Prix,2021,Austin,,15.0,15.0,19.0,16.51063829787234,1.0187874383738467,,0,0,54,False
MSC,47,Haas,United States Grand Prix,2021,Austin,,16.0,13.0,19.0,17.08888888888889,1.0833916068243163,,0,0,53,False
MAZ,9,Haas,United States Grand Prix,2021,Austin,,17.0,17.0,20.0,18.755555555555556,0.7732915349205616,,0,0,53,False
ALO,14,Alpine,United States Grand Prix,2021,Austin,,13.0,11.0,17.0,13.3,1.5721942856386648,,0,0,48,True
OCO,31,Alpine,United States Grand Prix,2021,Austin,,17.0,13.0,20.0,17.696969696969695,1.3342799669870753,,0,0,39,True
GAS,10,Racing Bulls,United States Grand Prix,2021,Austin,,12.0,9.0,13.0,9.8,1.4757295747452437,,0,0,13,True
VER,33,Red Bull Racing,Mexico City Grand Prix,2021,Mexico City,,1.0,1.0,2.0,1.078125,0.27048970875004197,,59,0,70,False
HAM,44,Mercedes,Mexico City Grand Prix,2021,Mexico City,,2.0,2.0,3.0,2.15625,0.36596252735569995,,0,0,70,False
PER,11,Red Bull Racing,Mexico City Grand Prix,2021,Mexico City,,3.0,1.0,3.0,2.734375,0.6234106776562887,,6,0,70,False
GAS,10,Racing Bulls,Mexico City Grand Prix,2021,Mexico City,,4.0,3.0,5.0,4.140625,0.3930825471690252,,0,0,70,False
LEC,16,Ferrari,Mexico City Grand Prix,2021,Mexico City,,5.0,5.0,8.0,5.40625,0.6099375455928332,,0,0,70,False
SAI,55,Ferrari,Mexico City Grand Prix,2021,Mexico City,,6.0,4.0,6.0,5.4603174603174605,0.7582959849684372,,0,0,69,False
VET,5,Aston Martin,Mexico City Grand Prix,2021,Mexico City,,7.0,5.0,9.0,7.349206349206349,0.7219760106534271,,0,0,69,False
RAI,7,Kick Sauber,Mexico City Grand Prix,2021,Mexico City,,8.0,7.0,10.0,8.507936507936508,0.7802608305212259,,0,0,69,False
ALO,14,Alpine,Mexico City Grand Prix,2021,Mexico City,,9.0,7.0,11.0,9.142857142857142,0.9132915101370863,,0,0,69,False
NOR,4,McLaren,Mexico City Grand Prix,2021,Mexico City,,10.0,7.0,14.0,10.11111111111111,1.6075538531200142,,0,0,69,False
GIO,99,Kick Sauber,Mexico City Grand Prix,2021,Mexico City,,11.0,7.0,13.0,11.0,2.0556766408199767,,0,0,69,False
RIC,3,McLaren,Mexico City Grand Prix,2021,Mexico City,,12.0,11.0,17.0,12.34920634920635,1.788482237764118,,0,0,69,False
OCO,31,Alpine,Mexico City Grand Prix,2021,Mexico City,,13.0,13.0,15.0,14.238095238095237,0.7769727382249011,,0,0,69,False
STR,18,Aston Martin,Mexico City Grand Prix,2021,Mexico City,,14.0,14.0,17.0,15.733333333333333,0.5482380612028067,,0,0,68,False
BOT,77,Mercedes,Mexico City Grand Prix,2021,Mexico City,,14.0,11.0,18.0,13.39655172413793,1.9188781003347615,,0,0,66,True
RUS,63,Williams,Mexico City Grand Prix,2021,Mexico City,,15.0,9.0,16.0,14.048387096774194,1.9369353802777625,,0,0,68,False
LAT,6,Williams,Mexico City Grand Prix,2021,Mexico City,,17.0,13.0,18.0,16.633333333333333,1.104177992693217,,0,0,68,False
MAZ,9,Haas,Mexico City Grand Prix,2021,Mexico City,,18.0,12.0,18.0,17.23728813559322,1.959406868829297,,0,0,67,True
HAM,44,Mercedes,São Paulo Grand Prix,2021,São Paulo,6.0,1.0,1.0,6.0,2.1228070175438596,1.0867739848908737,5.0,15,0,70,False
VER,33,Red Bull Racing,São Paulo Grand Prix,2021,São Paulo,1.0,2.0,1.0,3.0,1.280701754385965,0.49114974312875154,-1.0,42,0,70,False
BOT,77,Mercedes,São Paulo Grand Prix,2021,São Paulo,3.0,3.0,1.0,4.0,3.1864406779661016,0.6009927497177695,0.0,2,0,70,False
PER,11,Red Bull Racing,São Paulo Grand Prix,2021,São Paulo,2.0,4.0,2.0,5.0,3.4,0.8734775114237132,-2.0,0,0,68,False
LEC,16,Ferrari,São Paulo Grand Prix,2021,São Paulo,4.0,5.0,4.0,8.0,5.0,0.49559462778335206,-1.0,0,0,70,False
SAI,55,Ferrari,São Paulo Grand Prix,2021,São Paulo,5.0,6.0,5.0,11.0,6.137931034482759,0.8260724207253997,-1.0,0,0,70,False
GAS,10,Racing Bulls,São Paulo Grand Prix,2021,São Paulo,8.0,7.0,7.0,14.0,7.771929824561403,1.3231124541837098,1.0,0,0,69,False
OCO,31,Alpine,São Paulo Grand Prix,2021,São Paulo,10.0,9.0,6.0,12.0,9.15,1.1472147553598038,1.0,0,0,69,False
ALO,14,Alpine,São Paulo Grand Prix,2021,São Paulo,11.0,8.0,5.0,13.0,9.423728813559322,2.0274273644925964,3.0,0,0,69,False
NOR,4,McLaren,São Paulo Grand Prix,2021,São Paulo,,10.0,9.0,20.0,12.178571428571429,2.5803956205282863,,0,0,69,False
VET,5,Aston Martin,São Paulo Grand Prix,2021,São Paulo,7.0,11.0,7.0,14.0,9.982456140350877,1.931794392251628,-4.0,0,0,69,False
RAI,7,Kick Sauber,São Paulo Grand Prix,2021,São Paulo,,12.0,12.0,19.0,14.428571428571429,2.2551528297909846,,0,0,69,False
RUS,63,Williams,São Paulo Grand Prix,2021,São Paulo,17.0,13.0,12.0,20.0,14.745762711864407,2.089326077941146,4.0,0,0,69,False
GIO,99,Kick Sauber,São Paulo Grand Prix,2021,São Paulo,13.0,14.0,10.0,16.0,13.931034482758621,1.3489706142419577,-1.0,0,0,69,False
TSU,22,Racing Bulls,São Paulo Grand Prix,2021,São Paulo,14.0,15.0,10.0,18.0,14.56140350877193,2.000156635470342,-1.0,0,0,69,False
LAT,6,Williams,São Paulo Grand Prix,2021,São Paulo,18.0,16.0,16.0,19.0,17.338983050847457,1.1538566439901392,2.0,0,0,69,False
MAZ,9,Haas,São Paulo Grand Prix,2021,São Paulo,16.0,17.0,14.0,19.0,17.24137931034483,1.4425895919465448,-1.0,0,0,68,False
MSC,47,Haas,São Paulo Grand Prix,2021,São Paulo,15.0,18.0,15.0,20.0,18.859649122807017,1.5634051263100142,-3.0,0,0,68,False
RIC,3,McLaren,São Paulo Grand Prix,2021,São Paulo,9.0,8.0,4.0,10.0,8.153846153846153,1.2677884087625635,1.0,0,0,48,True
STR,18,Aston Martin,São Paulo Grand Prix,2021,São Paulo,12.0,14.0,11.0,19.0,13.666666666666666,2.5298221281347035,-2.0,0,0,46,True
GAS,10,Racing Bulls,Qatar Grand Prix,2021,Lusail,3.0,11.0,3.0,17.0,8.869565217391305,3.913558742242858,-8.0,0,0,53,False
PER,11,Red Bull Racing,Qatar Grand Prix,2021,Lusail,9.0,4.0,3.0,12.0,5.891304347826087,2.4058101972753403,5.0,0,0,53,False
ALO,14,Alpine,Qatar Grand Prix,2021,Lusail,2.0,3.0,2.0,6.0,3.3958333333333335,0.9165054661613022,-1.0,0,0,53,False
LEC,16,Ferrari,Qatar Grand Prix,2021,Lusail,13.0,8.0,5.0,13.0,9.829787234042554,1.959582352753972,5.0,0,0,53,False
STR,18,Aston Martin,Qatar Grand Prix,2021,Lusail,10.0,6.0,6.0,13.0,8.416666666666666,1.6220991565742413,4.0,0,0,53,False
TSU,22,Racing Bulls,Qatar Grand Prix,2021,Lusail,8.0,13.0,8.0,19.0,13.666666666666666,3.24037034920393,-5.0,0,0,53,False
RIC,3,McLaren,Qatar Grand Prix,2021,Lusail,16.0,12.0,8.0,16.0,12.565217391304348,2.187359381263612,4.0,0,0,53,False
OCO,31,Alpine,Qatar Grand Prix,2021,Lusail,6.0,5.0,5.0,10.0,6.291666666666667,1.1100763503228501,1.0,0,0,53,False
VER,33,Red Bull Racing,Qatar Grand Prix,2021,Lusail,4.0,2.0,2.0,4.0,2.130434782608696,0.45258249841812936,2.0,0,0,54,False
NOR,4,McLaren,Qatar Grand Prix,2021,Lusail,5.0,10.0,4.0,10.0,5.1063829787234045,1.417806673415751,-5.0,0,0,53,False
HAM,44,Mercedes,Qatar Grand Prix,2021,Lusail,1.0,1.0,1.0,1.0,1.0,0.0,0.0,46,0,54,False
MSC,47,Haas,Qatar Grand Prix,2021,Lusail,18.0,16.0,14.0,20.0,17.847826086956523,1.8615094389511828,2.0,0,0,52,False
VET,5,Aston Martin,Qatar Grand Prix,2021,Lusail,17.0,9.0,9.0,17.0,12.382978723404255,2.7548628269279827,8.0,0,0,53,False
SAI,55,Ferrari,Qatar Grand Prix,2021,Lusail,7.0,7.0,4.0,10.0,7.531914893617022,1.1767875178487672,0.0,0,0,53,False
LAT,6,Williams,Qatar Grand Prix,2021,Lusail,19.0,16.0,13.0,20.0,17.0,1.6787441193290353,3.0,0,0,50,True
RUS,63,Williams,Qatar Grand Prix,2021,Lusail,15.0,17.0,13.0,19.0,15.478260869565217,1.709309547868607,-2.0,0,0,52,False
RAI,7,Kick Sauber,Qatar Grand Prix,2021,Lusail,12.0,14.0,12.0,20.0,15.466666666666667,2.398863367210699,-2.0,0,0,53,False
BOT,77,Mercedes,Qatar Grand Prix,2021,Lusail,11.0,12.0,3.0,13.0,8.521739130434783,3.799059125829168,-1.0,0,0,48,True
MAZ,9,Haas,Qatar Grand Prix,2021,Lusail,20.0,18.0,15.0,20.0,18.583333333333332,1.6989775815751766,2.0,0,0,52,False
GIO,99,Kick Sauber,Qatar Grand Prix,2021,Lusail,14.0,15.0,12.0,19.0,16.08695652173913,2.249208126889913,-1.0,0,0,52,False
GAS,10,Racing Bulls,Saudi Arabian Grand Prix,2021,Jeddah,8.0,6.0,6.0,9.0,6.548387096774194,0.9605106168915003,2.0,0,0,49,False
PER,11,Red Bull Racing,Saudi Arabian Grand Prix,2021,Jeddah,5.0,5.0,5.0,5.0,5.0,0.0,0.0,0,0,9,True
ALO,14,Alpine,Saudi Arabian Grand Prix,2021,Jeddah,11.0,13.0,10.0,15.0,12.7,1.489040422322492,-2.0,0,0,48,False
LEC,16,Ferrari,Saudi Arabian Grand Prix,2021,Jeddah,4.0,7.0,4.0,10.0,7.40625,2.2980970388562794,-3.0,0,0,49,False
STR,18,Aston Martin,Saudi Arabian Grand Prix,2021,Jeddah,16.0,11.0,10.0,17.0,12.242424242424242,2.3188130453734166,5.0,0,0,49,False
TSU,22,Racing Bulls,Saudi Arabian Grand Prix,2021,Jeddah,12.0,14.0,9.0,16.0,13.3,2.5481568727760586,-2.0,0,0,48,False
RIC,3,McLaren,Saudi Arabian Grand Prix,2021,Jeddah,9.0,5.0,4.0,9.0,5.666666666666667,2.022857885020227,4.0,0,0,49,False
OCO,31,Alpine,Saudi Arabian Grand Prix,2021,Jeddah,7.0,3.0,2.0,7.0,4.033333333333333,1.8285727114117012,4.0,0,0,49,False
VER,33,Red Bull Racing,Saudi Arabian Grand Prix,2021,Jeddah,3.0,2.0,1.0,3.0,1.7575757575757576,0.867118180753892,1.0,17,0,49,False
NOR,4,McLaren,Saudi Arabian Grand Prix,2021,Jeddah,6.0,10.0,6.0,15.0,10.181818181818182,3.0151134457776365,-4.0,0,0,49,False
HAM,44,Mercedes,Saudi Arabian Grand Prix,2021,Jeddah,1.0,1.0,1.0,3.0,1.53125,0.5670736994828461,0.0,16,0,49,False
MSC,47,Haas,Saudi Arabian Grand Prix,2021,Jeddah,18.0,18.0,18.0,18.0,18.0,0.0,0.0,0,0,8,True
VET,5,Aston Martin,Saudi Arabian Grand Prix,2021,Jeddah,15.0,14.0,8.0,15.0,12.74074074074074,2.7258392157644646,1.0,0,0,43,True
SAI,55,Ferrari,Saudi Arabian Grand Prix,2021,Jeddah,13.0,8.0,7.0,13.0,9.32258064516129,2.300537571586165,5.0,0,0,49,False
LAT,6,Williams,Saudi Arabian Grand Prix,2021,Jeddah,19.0,12.0,12.0,19.0,14.484848484848484,3.001262360670216,7.0,0,0,49,False
RUS,63,Williams,Saudi Arabian Grand Prix,2021,Jeddah,17.0,17.0,16.0,17.0,16.875,0.3535533905932738,0.0,0,0,8,True
RAI,7,Kick Sauber,Saudi Arabian Grand Prix,2021,Jeddah,14.0,15.0,12.0,16.0,14.366666666666667,1.0661996103898193,-1.0,0,0,48,False
BOT,77,Mercedes,Saudi Arabian Grand Prix,2021,Jeddah,2.0,4.0,2.0,5.0,3.774193548387097,1.23043833434417,-2.0,0,0,49,False
MAZ,9,Haas,Saudi Arabian Grand Prix,2021,Jeddah,20.0,20.0,20.0,20.0,20.0,0.0,0.0,0,0,8,True
GIO,99,Kick Sauber,Saudi Arabian Grand Prix,2021,Jeddah,10.0,9.0,7.0,11.0,8.67741935483871,1.46940116542292,1.0,0,0,49,False
GAS,10,Racing Bulls,Abu Dhabi Grand Prix,2021,Yas Marina,12.0,7.0,5.0,12.0,8.826086956521738,2.5060313718537075,5.0,0,0,51,False
PER,11,Red Bull Racing,Abu Dhabi Grand Prix,2021,Yas Marina,3.0,3.0,1.0,5.0,2.847826086956522,0.842414289853153,0.0,6,0,52,False
ALO,14,Alpine,Abu Dhabi Grand Prix,2021,Yas Marina,11.0,9.0,4.0,11.0,8.347826086956522,2.4423794527682117,2.0,0,0,51,False
LEC,16,Ferrari,Abu Dhabi Grand Prix,2021,Yas Marina,6.0,12.0,6.0,15.0,9.522727272727273,2.8650957722832198,-6.0,0,0,51,False
STR,18,Aston Martin,Abu Dhabi Grand Prix,2021,Yas Marina,14.0,14.0,10.0,17.0,14.272727272727273,1.353095269229404,0.0,0,0,51,False
TSU,22,Racing Bulls,Abu Dhabi Grand Prix,2021,Yas Marina,7.0,6.0,3.0,10.0,7.090909090909091,1.668005100351661,1.0,0,0,51,False
RIC,3,McLaren,Abu Dhabi Grand Prix,2021,Yas Marina,10.0,11.0,8.0,16.0,11.022727272727273,1.5475206932325933,-1.0,0,0,51,False
OCO,31,Alpine,Abu Dhabi Grand Prix,2021,Yas Marina,9.0,10.0,9.0,18.0,10.590909090909092,2.0036963727905577,-1.0,0,0,51,False
VER,33,Red Bull Racing,Abu Dhabi Grand Prix,2021,Yas Marina,2.0,2.0,2.0,4.0,2.1914893617021276,0.5372351874398185,0.0,0,0,52,False
NOR,4,McLaren,Abu Dhabi Grand Prix,2021,Yas Marina,5.0,8.0,5.0,12.0,6.333333333333333,1.9464372289336385,-3.0,0,0,51,False
HAM,44,Mercedes,Abu Dhabi Grand Prix,2021,Yas Marina,1.0,1.0,1.0,2.0,1.108695652173913,0.31469638768997776,0.0,41,0,52,False
MSC,47,Haas,Abu Dhabi Grand Prix,2021,Yas Marina,18.0,15.0,15.0,19.0,17.0,1.6922282244532987,3.0,0,0,50,False
VET,5,Aston Martin,Abu Dhabi Grand Prix,2021,Yas Marina,15.0,13.0,9.0,15.0,13.113636363636363,1.6313200403341377,2.0,0,0,51,False
SAI,55,Ferrari,Abu Dhabi Grand Prix,2021,Yas Marina,4.0,4.0,3.0,8.0,4.704545454545454,1.456014717765913,0.0,0,0,51,False
LAT,6,Williams,Abu Dhabi Grand Prix,2021,Yas Marina,16.0,16.0,13.0,17.0,16.068181818181817,1.0432000693912997,0.0,0,0,50,False
RUS,63,Williams,Abu Dhabi Grand Prix,2021,Yas Marina,19.0,14.0,14.0,19.0,17.666666666666668,1.4645571126562065,5.0,0,0,24,True
RAI,7,Kick Sauber,Abu Dhabi Grand Prix,2021,Yas Marina,17.0,18.0,11.0,18.0,15.454545454545455,1.7922391615298479,-1.0,0,0,24,True
BOT,77,Mercedes,Abu Dhabi Grand Prix,2021,Yas Marina,8.0,5.0,3.0,9.0,6.288888888888889,1.7916754756654483,3.0,0,0,51,False
GIO,99,Kick Sauber,Abu Dhabi Grand Prix,2021,Yas Marina,13.0,13.0,11.0,18.0,13.724137931034482,1.7504397758469146,0.0,0,0,33,True
VER,1,Red Bull Racing,Bahrain Grand Prix,2022,Sakhir,2.0,2.0,2.0,4.0,2.0952380952380953,0.43108053740904234,0.0,0,0,53,True
GAS,10,Racing Bulls,Bahrain Grand Prix,2022,Sakhir,8.0,8.0,7.0,10.0,8.0,0.5991446895152781,0.0,0,0,44,True
PER,11,Red Bull Racing,Bahrain Grand Prix,2022,Sakhir,6.0,3.0,2.0,6.0,4.116279069767442,0.7305999597715302,3.0,0,0,56,False
ALO,14,Alpine,Bahrain Grand Prix,2022,Sakhir,9.0,10.0,9.0,17.0,10.488372093023257,1.7911434632293766,-1.0,0,0,56,False
LEC,16,Ferrari,Bahrain Grand Prix,2022,Sakhir,1.0,1.0,1.0,3.0,1.0425531914893618,0.2917299829957891,0.0,46,0,56,False
STR,18,Aston Martin,Bahrain Grand Prix,2022,Sakhir,17.0,13.0,10.0,18.0,15.046511627906977,1.8381342555777145,4.0,0,0,55,False
MAG,20,Haas,Bahrain Grand Prix,2022,Sakhir,5.0,6.0,5.0,9.0,6.695652173913044,0.6623045696620015,-1.0,0,0,56,False
TSU,22,Racing Bulls,Bahrain Grand Prix,2022,Sakhir,12.0,9.0,9.0,14.0,10.977272727272727,1.284770115418108,3.0,0,0,56,False
ALB,23,Williams,Bahrain Grand Prix,2022,Sakhir,11.0,14.0,11.0,19.0,15.113636363636363,2.1589824163238966,-3.0,0,0,55,False
ZHO,24,Kick Sauber,Bahrain Grand Prix,2022,Sakhir,19.0,11.0,8.0,19.0,12.688888888888888,2.324007336694551,8.0,0,0,56,False
HUL,27,Aston Martin,Bahrain Grand Prix,2022,Sakhir,15.0,18.0,12.0,20.0,17.627906976744185,2.1046802247095635,-3.0,0,0,55,False
RIC,3,McLaren,Bahrain Grand Prix,2022,Sakhir,20.0,15.0,15.0,20.0,18.162790697674417,1.5573211516688572,5.0,0,0,55,False
OCO,31,Alpine,Bahrain Grand Prix,2022,Sakhir,10.0,8.0,8.0,12.0,9.681818181818182,1.136553895277754,2.0,0,0,56,False
NOR,4,McLaren,Bahrain Grand Prix,2022,Sakhir,16.0,16.0,13.0,20.0,17.0,1.8516401995451028,0.0,0,0,55,False
HAM,44,Mercedes,Bahrain Grand Prix,2022,Sakhir,4.0,4.0,4.0,11.0,5.136363636363637,1.3222762102984964,0.0,0,0,56,False
MSC,47,Haas,Bahrain Grand Prix,2022,Sakhir,13.0,12.0,12.0,18.0,13.954545454545455,1.380167591012477,1.0,0,0,55,False
SAI,55,Ferrari,Bahrain Grand Prix,2022,Sakhir,3.0,2.0,1.0,3.0,2.8666666666666667,0.4045199174779453,1.0,1,0,56,False
LAT,6,Williams,Bahrain Grand Prix,2022,Sakhir,18.0,17.0,17.0,20.0,18.59090909090909,0.8974947513788828,1.0,0,0,55,False
RUS,63,Mercedes,Bahrain Grand Prix,2022,Sakhir,7.0,5.0,5.0,7.0,5.866666666666666,0.5477225575051661,2.0,0,0,56,False
BOT,77,Kick Sauber,Bahrain Grand Prix,2022,Sakhir,14.0,7.0,7.0,16.0,11.043478260869565,2.2406003336321416,7.0,0,0,56,False
VER,1,Red Bull Racing,Saudi Arabian Grand Prix,2022,Jeddah,3.0,1.0,1.0,3.0,2.324324324324324,0.6260126930757011,2.0,3,0,47,False
GAS,10,Racing Bulls,Saudi Arabian Grand Prix,2022,Jeddah,10.0,8.0,8.0,14.0,11.135135135135135,2.2005322861395014,2.0,0,0,47,False
PER,11,Red Bull Racing,Saudi Arabian Grand Prix,2022,Jeddah,1.0,4.0,1.0,4.0,2.8333333333333335,1.4832396974191329,-3.0,14,0,47,False
ALO,14,Alpine,Saudi Arabian Grand Prix,2022,Jeddah,7.0,7.0,6.0,8.0,7.166666666666667,0.8742813140471172,0.0,0,0,35,True
LEC,16,Ferrari,Saudi Arabian Grand Prix,2022,Jeddah,2.0,2.0,1.0,2.0,1.4594594594594594,0.5052279240652237,0.0,20,0,47,False
STR,18,Aston Martin,Saudi Arabian Grand Prix,2022,Jeddah,12.0,11.0,9.0,16.0,13.285714285714286,2.190506637225985,1.0,0,0,47,False
MAG,20,Haas,Saudi Arabian Grand Prix,2022,Jeddah,9.0,9.0,6.0,10.0,8.157894736842104,1.1746492470031487,0.0,0,0,47,False
ALB,23,Williams,Saudi Arabian Grand Prix,2022,Jeddah,15.0,12.0,11.0,17.0,15.2,1.9523741203679055,3.0,0,0,47,False
ZHO,24,Kick Sauber,Saudi Arabian Grand Prix,2022,Jeddah,18.0,13.0,13.0,18.0,14.805555555555555,1.6356640319444655,5.0,0,0,47,False
HUL,27,Aston Martin,Saudi Arabian Grand Prix,2022,Jeddah,16.0,14.0,9.0,17.0,13.837837837837839,2.153982274680932,2.0,0,0,46,False
RIC,3,McLaren,Saudi Arabian Grand Prix,2022,Jeddah,13.0,11.0,11.0,18.0,12.88888888888889,2.454718115312026,2.0,0,0,35,True
OCO,31,Alpine,Saudi Arabian Grand Prix,2022,Jeddah,5.0,6.0,5.0,11.0,7.947368421052632,1.9857243000307405,-1.0,0,0,47,False
NOR,4,McLaren,Saudi Arabian Grand Prix,2022,Jeddah,11.0,7.0,7.0,13.0,10.868421052631579,2.06869919477524,4.0,0,0,47,False
HAM,44,Mercedes,Saudi Arabian Grand Prix,2022,Jeddah,14.0,10.0,6.0,14.0,9.486486486486486,3.176490215645263,4.0,0,0,47,False
SAI,55,Ferrari,Saudi Arabian Grand Prix,2022,Jeddah,4.0,3.0,3.0,4.0,3.4054054054054053,0.49774265212833413,1.0,0,0,47,False
LAT,6,Williams,Saudi Arabian Grand Prix,2022,Jeddah,17.0,15.0,15.0,18.0,17.285714285714285,0.9138735334633754,2.0,0,0,14,True
RUS,63,Mercedes,Saudi Arabian Grand Prix,2022,Jeddah,6.0,5.0,5.0,6.0,5.052631578947368,0.22629428592141426,1.0,0,0,47,False
BOT,77,Kick Sauber,Saudi Arabian Grand Prix,2022,Jeddah,8.0,9.0,7.0,10.0,8.517241379310345,0.7847060257179306,-1.0,0,0,34,True
VER,1,Red Bull Racing,Australian Grand Prix,2022,Melbourne,2.0,2.0,2.0,5.0,2.2222222222222223,0.6979824404521128,0.0,0,0,38,True
GAS,10,Racing Bulls,Australian Grand Prix,2022,Melbourne,9.0,10.0,8.0,14.0,10.613636363636363,2.1697273335381912,-1.0,0,0,57,False
PER,11,Red Bull Racing,Australian Grand Prix,2022,Melbourne,4.0,2.0,2.0,6.0,3.0,1.0783277320343843,2.0,0,0,57,False
ALO,14,Alpine,Australian Grand Prix,2022,Melbourne,10.0,17.0,4.0,17.0,9.348837209302326,3.4008662827091887,-7.0,0,0,56,False
LEC,16,Ferrari,Australian Grand Prix,2022,Melbourne,1.0,1.0,1.0,1.0,1.0,0.0,0.0,45,0,57,False
STR,18,Aston Martin,Australian Grand Prix,2022,Melbourne,19.0,12.0,9.0,19.0,12.804347826086957,3.2084580250566974,7.0,0,0,57,False
MAG,20,Haas,Australian Grand Prix,2022,Melbourne,16.0,14.0,7.0,17.0,12.11111111111111,3.2628920678540148,2.0,0,0,56,False
TSU,22,Racing Bulls,Australian Grand Prix,2022,Melbourne,11.0,15.0,11.0,17.0,14.511627906976743,2.261184824518162,-4.0,0,0,56,False
ALB,23,Williams,Australian Grand Prix,2022,Melbourne,20.0,7.0,7.0,20.0,10.955555555555556,3.982664455062234,13.0,0,0,56,False
ZHO,24,Kick Sauber,Australian Grand Prix,2022,Melbourne,15.0,11.0,11.0,17.0,14.159090909090908,1.816502924650624,4.0,0,0,57,False
RIC,3,McLaren,Australian Grand Prix,2022,Melbourne,7.0,6.0,4.0,9.0,6.954545454545454,1.2191217855974823,1.0,0,0,57,False
OCO,31,Alpine,Australian Grand Prix,2022,Melbourne,8.0,7.0,7.0,16.0,9.409090909090908,2.2132600580516057,1.0,0,0,57,False
NOR,4,McLaren,Australian Grand Prix,2022,Melbourne,6.0,5.0,5.0,8.0,6.045454545454546,1.1402681335942375,1.0,0,0,57,False
HAM,44,Mercedes,Australian Grand Prix,2022,Melbourne,3.0,4.0,2.0,6.0,4.133333333333334,0.9194860224356571,-1.0,0,0,57,False
MSC,47,Haas,Australian Grand Prix,2022,Melbourne,13.0,13.0,12.0,18.0,14.651162790697674,1.8501444078803886,0.0,0,0,56,False
VET,5,Aston Martin,Australian Grand Prix,2022,Melbourne,17.0,12.0,12.0,19.0,16.294117647058822,1.9610171430393253,5.0,0,0,22,True
SAI,55,Ferrari,Australian Grand Prix,2022,Melbourne,14.0,14.0,14.0,14.0,14.0,,0.0,0,0,1,True
LAT,6,Williams,Australian Grand Prix,2022,Melbourne,18.0,16.0,16.0,19.0,17.488372093023255,1.0088204574616506,2.0,0,0,56,False
RUS,63,Mercedes,Australian Grand Prix,2022,Melbourne,5.0,3.0,2.0,5.0,3.608695652173913,0.9062317797602019,2.0,0,0,57,False
BOT,77,Kick Sauber,Australian Grand Prix,2022,Melbourne,12.0,8.0,6.0,13.0,11.222222222222221,1.5938644987589252,4.0,0,0,57,False
VER,1,Red Bull Racing,Emilia Romagna Grand Prix,2022,Imola,,1.0,1.0,1.0,1.0,0.0,,51,0,62,False
PER,11,Red Bull Racing,Emilia Romagna Grand Prix,2022,Imola,,2.0,2.0,2.0,2.0,0.0,,0,0,62,False
NOR,4,McLaren,Emilia Romagna Grand Prix,2022,Imola,,3.0,3.0,4.0,3.759259259259259,0.43154768359305934,,0,0,62,False
RUS,63,Mercedes,Emilia Romagna Grand Prix,2022,Imola,,4.0,4.0,6.0,4.962962962962963,0.5481689232469281,,0,0,62,False
BOT,77,Kick Sauber,Emilia Romagna Grand Prix,2022,Imola,,5.0,5.0,7.0,5.981481481481482,0.5660435592525973,,0,0,62,False
LEC,16,Ferrari,Emilia Romagna Grand Prix,2022,Imola,,6.0,2.0,9.0,3.7450980392156863,1.6952066216824657,,0,0,62,False
TSU,22,Racing Bulls,Emilia Romagna Grand Prix,2022,Imola,,7.0,6.0,9.0,8.377358490566039,1.0959087394335847,,0,0,62,False
VET,5,Aston Martin,Emilia Romagna Grand Prix,2022,Imola,,8.0,7.0,8.0,7.296296296296297,0.46091089588801,,0,0,62,False
MAG,20,Haas,Emilia Romagna Grand Prix,2022,Imola,,9.0,5.0,9.0,7.722222222222222,1.2349725635431756,,0,0,62,False
STR,18,Aston Martin,Emilia Romagna Grand Prix,2022,Imola,,10.0,10.0,10.0,10.0,0.0,,0,0,61,False
ALB,23,Williams,Emilia Romagna Grand Prix,2022,Imola,,12.0,12.0,15.0,12.5,0.8966167345234256,,0,0,61,False
GAS,10,Racing Bulls,Emilia Romagna Grand Prix,2022,Imola,,13.0,12.0,14.0,13.0,0.19802950859533486,,0,0,61,False
HAM,44,Mercedes,Emilia Romagna Grand Prix,2022,Imola,,14.0,11.0,14.0,13.26923076923077,1.2851395684544304,,0,0,61,False
OCO,31,Alpine,Emilia Romagna Grand Prix,2022,Imola,,11.0,11.0,13.0,11.26923076923077,0.48971318598225116,,0,0,61,False
ZHO,24,Kick Sauber,Emilia Romagna Grand Prix,2022,Imola,,15.0,15.0,18.0,16.037735849056602,1.0370495157480222,,0,0,61,False
LAT,6,Williams,Emilia Romagna Grand Prix,2022,Imola,,16.0,14.0,16.0,15.584905660377359,0.5347163973025953,,0,0,61,False
MSC,47,Haas,Emilia Romagna Grand Prix,2022,Imola,,17.0,16.0,18.0,16.96153846153846,0.5587639882545543,,0,0,61,False
RIC,3,McLaren,Emilia Romagna Grand Prix,2022,Imola,,18.0,15.0,19.0,17.44,1.1807987611298185,,0,0,61,False
ALO,14,Alpine,Emilia Romagna Grand Prix,2022,Imola,,11.0,11.0,11.0,11.0,,,0,0,5,True
VER,1,Red Bull Racing,Miami Grand Prix,2022,Miami,2.0,1.0,1.0,2.0,1.1818181818181819,0.390153653257413,1.0,36,0,55,False
GAS,10,Racing Bulls,Miami Grand Prix,2022,Miami,6.0,11.0,6.0,11.0,8.416666666666666,1.6102351203650795,-5.0,0,0,39,True
PER,11,Red Bull Racing,Miami Grand Prix,2022,Miami,4.0,4.0,3.0,4.0,3.953488372093023,0.21308263231644636,0.0,0,0,55,False
ALO,14,Alpine,Miami Grand Prix,2022,Miami,7.0,8.0,7.0,12.0,9.261904761904763,1.48257396162353,-1.0,0,0,55,False
LEC,16,Ferrari,Miami Grand Prix,2022,Miami,1.0,2.0,1.0,4.0,1.8863636363636365,0.5376914084676802,-1.0,8,0,55,False
STR,18,Aston Martin,Miami Grand Prix,2022,Miami,,12.0,10.0,19.0,14.093023255813954,2.8934569330224726,,0,0,55,False
MAG,20,Haas,Miami Grand Prix,2022,Miami,13.0,11.0,10.0,18.0,13.214285714285714,1.6459220010223685,2.0,0,0,55,False
TSU,22,Racing Bulls,Miami Grand Prix,2022,Miami,10.0,14.0,10.0,19.0,16.238095238095237,3.121987514307027,-4.0,0,0,55,False
ALB,23,Williams,Miami Grand Prix,2022,Miami,16.0,10.0,10.0,19.0,15.13953488372093,2.0653766559388167,6.0,0,0,55,False
ZHO,24,Kick Sauber,Miami Grand Prix,2022,Miami,14.0,14.0,14.0,14.0,14.0,0.0,0.0,0,0,5,True
RIC,3,McLaren,Miami Grand Prix,2022,Miami,11.0,13.0,8.0,17.0,12.046511627906977,3.0857081333764182,-2.0,0,0,55,False
OCO,31,Alpine,Miami Grand Prix,2022,Miami,18.0,9.0,8.0,18.0,11.28888888888889,3.402019602197697,9.0,0,0,55,False
NOR,4,McLaren,Miami Grand Prix,2022,Miami,9.0,14.0,7.0,16.0,12.194444444444445,3.3706247360261137,-5.0,0,0,39,True
HAM,44,Mercedes,Miami Grand Prix,2022,Miami,8.0,6.0,5.0,8.0,6.511627906976744,0.631404067412869,2.0,0,0,55,False
MSC,47,Haas,Miami Grand Prix,2022,Miami,12.0,10.0,9.0,18.0,12.268292682926829,2.449738662019915,2.0,0,0,53,False
VET,5,Aston Martin,Miami Grand Prix,2022,Miami,,9.0,9.0,20.0,15.095238095238095,2.9616205502041284,,0,0,53,False
SAI,55,Ferrari,Miami Grand Prix,2022,Miami,3.0,3.0,2.0,3.0,2.9318181818181817,0.2549717059293527,0.0,0,0,55,False
LAT,6,Williams,Miami Grand Prix,2022,Miami,17.0,15.0,15.0,19.0,17.523809523809526,1.3110802702462712,2.0,0,0,55,False
RUS,63,Mercedes,Miami Grand Prix,2022,Miami,15.0,5.0,5.0,15.0,8.311111111111112,3.9301990593944027,10.0,0,0,55,False
BOT,77,Kick Sauber,Miami Grand Prix,2022,Miami,5.0,7.0,5.0,7.0,5.558139534883721,0.7336252313453002,-2.0,0,0,55,False
VER,1,Red Bull Racing,Spanish Grand Prix,2022,Barcelona,,1.0,1.0,4.0,2.0535714285714284,1.0343138763475983,,23,0,65,False
PER,11,Red Bull Racing,Spanish Grand Prix,2022,Barcelona,,2.0,1.0,4.0,2.4285714285714284,1.0930714500000422,,10,0,65,False
RUS,63,Mercedes,Spanish Grand Prix,2022,Barcelona,,3.0,1.0,3.0,2.5535714285714284,0.6301411921767391,,4,0,65,False
SAI,55,Ferrari,Spanish Grand Prix,2022,Barcelona,,4.0,4.0,11.0,5.839285714285714,1.5465714069783898,,0,0,65,False
HAM,44,Mercedes,Spanish Grand Prix,2022,Barcelona,,5.0,4.0,19.0,10.508771929824562,5.6730025025099104,,0,0,65,False
BOT,77,Kick Sauber,Spanish Grand Prix,2022,Barcelona,,6.0,3.0,7.0,4.724137931034483,0.9513260080664853,,0,0,65,False
OCO,31,Alpine,Spanish Grand Prix,2022,Barcelona,,7.0,5.0,9.0,6.696428571428571,0.8294498254789214,,0,0,65,False
NOR,4,McLaren,Spanish Grand Prix,2022,Barcelona,,8.0,6.0,10.0,8.285714285714286,0.8678978933300583,,0,0,65,False
ALO,14,Alpine,Spanish Grand Prix,2022,Barcelona,,9.0,8.0,15.0,10.272727272727273,1.7262091355910445,,0,0,64,False
TSU,22,Racing Bulls,Spanish Grand Prix,2022,Barcelona,,10.0,8.0,12.0,10.054545454545455,0.8906548115100449,,0,0,64,False
VET,5,Aston Martin,Spanish Grand Prix,2022,Barcelona,,11.0,6.0,16.0,11.105263157894736,2.630074758078695,,0,0,64,False
RIC,3,McLaren,Spanish Grand Prix,2022,Barcelona,,12.0,8.0,13.0,12.0,1.5275252316519468,,0,0,64,False
GAS,10,Racing Bulls,Spanish Grand Prix,2022,Barcelona,,14.0,12.0,16.0,13.781818181818181,0.7862453931068965,,0,0,64,False
MSC,47,Haas,Spanish Grand Prix,2022,Barcelona,,13.0,6.0,14.0,10.912280701754385,1.7956365937857124,,0,0,64,False
STR,18,Aston Martin,Spanish Grand Prix,2022,Barcelona,,15.0,8.0,17.0,15.018518518518519,1.5232876652068543,,0,0,64,False
LAT,6,Williams,Spanish Grand Prix,2022,Barcelona,,16.0,13.0,19.0,16.88679245283019,1.280930811776081,,0,0,63,False
MAG,20,Haas,Spanish Grand Prix,2022,Barcelona,,17.0,16.0,20.0,18.035087719298247,1.6793377976442054,,0,0,63,False
ALB,23,Williams,Spanish Grand Prix,2022,Barcelona,,18.0,16.0,20.0,17.764705882352942,0.7095980635294222,,0,0,63,False
ZHO,24,Kick Sauber,Spanish Grand Prix,2022,Barcelona,,13.0,13.0,17.0,14.857142857142858,1.3522468075656264,,0,0,27,True
LEC,16,Ferrari,Spanish Grand Prix,2022,Barcelona,,1.0,1.0,1.0,1.0,0.0,,21,0,26,True
VER,1,Red Bull Racing,Monaco Grand Prix,2022,Monaco,,3.0,3.0,4.0,3.25,0.4380187953915666,,0,0,63,False
GAS,10,Racing Bulls,Monaco Grand Prix,2022,Monaco,,12.0,10.0,18.0,12.355555555555556,1.2819650320638016,,0,0,63,False
PER,11,Red Bull Racing,Monaco Grand Prix,2022,Monaco,,1.0,1.0,3.0,1.511111111111111,0.8426749136535452,,32,0,63,False
ALO,14,Alpine,Monaco Grand Prix,2022,Monaco,,7.0,6.0,7.0,6.956521739130435,0.2061845709423622,,0,0,63,False
LEC,16,Ferrari,Monaco Grand Prix,2022,Monaco,,4.0,1.0,4.0,3.1777777777777776,1.3363602006414983,,12,0,63,False
STR,18,Aston Martin,Monaco Grand Prix,2022,Monaco,,14.0,10.0,19.0,15.042553191489361,2.3861689033160745,,0,0,63,False
MAG,20,Haas,Monaco Grand Prix,2022,Monaco,,12.0,11.0,13.0,11.538461538461538,0.8770580193070292,,0,0,19,True
TSU,22,Racing Bulls,Monaco Grand Prix,2022,Monaco,,17.0,11.0,18.0,15.418604651162791,1.6935811330619994,,0,0,62,False
ALB,23,Williams,Monaco Grand Prix,2022,Monaco,,18.0,13.0,19.0,16.966666666666665,1.6709141279516746,,0,0,48,True
ZHO,24,Kick Sauber,Monaco Grand Prix,2022,Monaco,,16.0,14.0,17.0,15.782608695652174,0.986870327590338,,0,0,62,False
RIC,3,McLaren,Monaco Grand Prix,2022,Monaco,,13.0,12.0,14.0,13.022222222222222,0.45170831743549295,,0,0,63,False
OCO,31,Alpine,Monaco Grand Prix,2022,Monaco,,9.0,8.0,10.0,8.978260869565217,0.39379241202455384,,0,0,63,False
NOR,4,McLaren,Monaco Grand Prix,2022,Monaco,,6.0,4.0,7.0,5.72093023255814,0.5488334553243615,,0,0,63,False
HAM,44,Mercedes,Monaco Grand Prix,2022,Monaco,,8.0,8.0,9.0,8.045454545454545,0.21070705494148542,,0,0,63,False
MSC,47,Haas,Monaco Grand Prix,2022,Monaco,,17.0,15.0,18.0,17.0,0.6793662204867574,,0,0,24,True
VET,5,Aston Martin,Monaco Grand Prix,2022,Monaco,,11.0,9.0,16.0,11.6,1.8015145143613323,,0,0,63,False
SAI,55,Ferrari,Monaco Grand Prix,2022,Monaco,,2.0,1.0,2.0,1.9574468085106382,0.2040297088885788,,2,0,63,False
LAT,6,Williams,Monaco Grand Prix,2022,Monaco,,15.0,15.0,20.0,17.47826086956522,1.6564906738816867,,0,0,62,False
RUS,63,Mercedes,Monaco Grand Prix,2022,Monaco,,5.0,5.0,6.0,5.239130434782608,0.4312659714888844,,0,0,63,False
BOT,77,Kick Sauber,Monaco Grand Prix,2022,Monaco,,10.0,10.0,12.0,10.191489361702128,0.5762811011069701,,0,0,63,False
VER,1,Red Bull Racing,Azerbaijan Grand Prix,2022,Baku,3.0,1.0,1.0,3.0,1.4523809523809523,0.8025076841021358,2.0,31,0,50,False
GAS,10,Racing Bulls,Azerbaijan Grand Prix,2022,Baku,6.0,5.0,4.0,8.0,5.2272727272727275,1.4283448929416136,1.0,0,0,50,False
PER,11,Red Bull Racing,Azerbaijan Grand Prix,2022,Baku,1.0,2.0,1.0,3.0,1.7857142857142858,0.5196487690792454,-1.0,11,0,50,False
ALO,14,Alpine,Azerbaijan Grand Prix,2022,Baku,10.0,7.0,5.0,14.0,8.380952380952381,2.1859013986240066,3.0,0,0,50,False
LEC,16,Ferrari,Azerbaijan Grand Prix,2022,Baku,2.0,1.0,1.0,3.0,2.25,0.5773502691896257,1.0,1,0,19,True
STR,18,Aston Martin,Azerbaijan Grand Prix,2022,Baku,17.0,14.0,13.0,18.0,15.054054054054054,1.747155560490408,3.0,0,0,45,True
MAG,20,Haas,Azerbaijan Grand Prix,2022,Baku,18.0,11.0,10.0,18.0,13.5,2.5018511664883785,7.0,0,0,31,True
TSU,22,Racing Bulls,Azerbaijan Grand Prix,2022,Baku,9.0,13.0,6.0,13.0,9.707317073170731,2.4621525383191067,-4.0,0,0,49,False
ALB,23,Williams,Azerbaijan Grand Prix,2022,Baku,15.0,12.0,12.0,17.0,14.390243902439025,1.8957590667129591,3.0,0,0,49,False
ZHO,24,Kick Sauber,Azerbaijan Grand Prix,2022,Baku,14.0,10.0,10.0,15.0,13.263157894736842,1.407997208928653,4.0,0,0,22,True
RIC,3,McLaren,Azerbaijan Grand Prix,2022,Baku,12.0,8.0,4.0,12.0,7.844444444444444,2.305680293570992,4.0,0,0,50,False
OCO,31,Alpine,Azerbaijan Grand Prix,2022,Baku,13.0,10.0,7.0,13.0,10.204545454545455,1.5638287162281517,3.0,0,0,50,False
NOR,4,McLaren,Azerbaijan Grand Prix,2022,Baku,11.0,9.0,5.0,16.0,10.071428571428571,2.916670814664381,2.0,0,0,50,False
HAM,44,Mercedes,Azerbaijan Grand Prix,2022,Baku,7.0,4.0,4.0,11.0,6.25,2.024558522073967,3.0,0,0,50,False
MSC,47,Haas,Azerbaijan Grand Prix,2022,Baku,20.0,14.0,14.0,20.0,16.682926829268293,1.8362873466623342,6.0,0,0,49,False
VET,5,Aston Martin,Azerbaijan Grand Prix,2022,Baku,8.0,6.0,6.0,12.0,8.13953488372093,1.9709967909523927,2.0,0,0,50,False
SAI,55,Ferrari,Azerbaijan Grand Prix,2022,Baku,4.0,4.0,4.0,4.0,4.0,0.0,0.0,0,0,8,True
LAT,6,Williams,Azerbaijan Grand Prix,2022,Baku,19.0,15.0,15.0,20.0,17.342105263157894,1.5470340548929677,4.0,0,0,49,False
RUS,63,Mercedes,Azerbaijan Grand Prix,2022,Baku,5.0,3.0,3.0,5.0,3.5454545454545454,0.7910706743643855,2.0,0,0,50,False
BOT,77,Kick Sauber,Azerbaijan Grand Prix,2022,Baku,16.0,11.0,11.0,17.0,13.116279069767442,2.0954520176708935,5.0,0,0,49,False
VER,1,Red Bull Racing,Canadian Grand Prix,2022,Montréal,1.0,1.0,1.0,3.0,1.2857142857142858,0.5943456513231617,0.0,44,0,69,False
GAS,10,Racing Bulls,Canadian Grand Prix,2022,Montréal,17.0,14.0,13.0,19.0,15.11320754716981,1.717112708079943,3.0,0,0,69,False
PER,11,Red Bull Racing,Canadian Grand Prix,2022,Montréal,11.0,10.0,10.0,11.0,10.857142857142858,0.3779644730092272,1.0,0,0,7,True
ALO,14,Alpine,Canadian Grand Prix,2022,Montréal,2.0,7.0,2.0,7.0,5.181818181818182,1.963471124111291,-5.0,0,0,69,False
LEC,16,Ferrari,Canadian Grand Prix,2022,Montréal,18.0,5.0,5.0,18.0,8.49090909090909,3.7012146518392983,13.0,0,0,69,False
STR,18,Aston Martin,Canadian Grand Prix,2022,Montréal,16.0,10.0,8.0,17.0,11.017857142857142,2.7202344245809633,6.0,0,0,69,False
MAG,20,Haas,Canadian Grand Prix,2022,Montréal,5.0,17.0,5.0,19.0,14.5,3.648162675798724,-12.0,0,0,69,False
TSU,22,Racing Bulls,Canadian Grand Prix,2022,Montréal,19.0,12.0,10.0,19.0,12.926829268292684,2.849475775493091,7.0,0,0,46,True
ALB,23,Williams,Canadian Grand Prix,2022,Montréal,12.0,13.0,10.0,16.0,13.803571428571429,1.9855811410094697,-1.0,0,0,69,False
ZHO,24,Kick Sauber,Canadian Grand Prix,2022,Montréal,10.0,9.0,8.0,10.0,9.298245614035087,0.7310685008138468,1.0,0,0,69,False
RIC,3,McLaren,Canadian Grand Prix,2022,Montréal,9.0,11.0,9.0,12.0,10.824561403508772,1.1970619839773167,-2.0,0,0,69,False
OCO,31,Alpine,Canadian Grand Prix,2022,Montréal,6.0,6.0,5.0,7.0,5.614035087719298,0.619746087549233,0.0,0,0,69,False
NOR,4,McLaren,Canadian Grand Prix,2022,Montréal,14.0,15.0,12.0,17.0,15.333333333333334,1.5781527295340743,-1.0,0,0,69,False
HAM,44,Mercedes,Canadian Grand Prix,2022,Montréal,4.0,3.0,3.0,6.0,3.4727272727272727,0.7900901367834078,1.0,0,0,69,False
MSC,47,Haas,Canadian Grand Prix,2022,Montréal,8.0,7.0,7.0,8.0,7.4,0.5070925528371099,1.0,0,0,18,True
VET,5,Aston Martin,Canadian Grand Prix,2022,Montréal,15.0,12.0,9.0,18.0,13.345454545454546,1.7661234156173562,3.0,0,0,69,False
SAI,55,Ferrari,Canadian Grand Prix,2022,Montréal,3.0,2.0,1.0,3.0,1.7894736842105263,0.49051147158797265,1.0,14,0,69,False
LAT,6,Williams,Canadian Grand Prix,2022,Montréal,20.0,16.0,16.0,20.0,17.72222222222222,1.1060155696243936,4.0,0,0,69,False
RUS,63,Mercedes,Canadian Grand Prix,2022,Montréal,7.0,4.0,3.0,7.0,4.345454545454546,0.7507571935295484,3.0,0,0,69,False
BOT,77,Kick Sauber,Canadian Grand Prix,2022,Montréal,13.0,8.0,7.0,13.0,8.859649122807017,1.855865186098503,5.0,0,0,69,False
VER,1,Red Bull Racing,British Grand Prix,2022,Silverstone,,7.0,1.0,9.0,6.128205128205129,2.352820112786123,,1,0,51,False
GAS,10,Racing Bulls,British Grand Prix,2022,Silverstone,,14.0,7.0,16.0,11.25,3.5373942238230733,,0,0,25,True
PER,11,Red Bull Racing,British Grand Prix,2022,Silverstone,,2.0,2.0,16.0,7.341463414634147,4.783355287335246,,0,0,51,False
ALO,14,Alpine,British Grand Prix,2022,Silverstone,,5.0,5.0,8.0,5.428571428571429,0.769632701211116,,0,0,51,False
LEC,16,Ferrari,British Grand Prix,2022,Silverstone,,4.0,1.0,4.0,2.380952380952381,0.9615125521390879,,9,0,51,False
STR,18,Aston Martin,British Grand Prix,2022,Silverstone,,11.0,11.0,17.0,14.097560975609756,1.7147139418687376,,0,0,51,False
MAG,20,Haas,British Grand Prix,2022,Silverstone,,10.0,9.0,15.0,11.658536585365853,1.4934817725295644,,0,0,51,False
TSU,22,Racing Bulls,British Grand Prix,2022,Silverstone,,14.0,8.0,17.0,13.731707317073171,2.7841012036553416,,0,0,51,False
RIC,3,McLaren,British Grand Prix,2022,Silverstone,,13.0,10.0,14.0,12.384615384615385,1.269384115383781,,0,0,51,False
OCO,31,Alpine,British Grand Prix,2022,Silverstone,,8.0,7.0,11.0,8.59375,1.24069114453559,,0,0,37,True
NOR,4,McLaren,British Grand Prix,2022,Silverstone,,6.0,4.0,6.0,4.714285714285714,0.8050364114084404,,0,0,51,False
HAM,44,Mercedes,British Grand Prix,2022,Silverstone,,3.0,1.0,6.0,2.9761904761904763,1.3157228420074858,,7,0,51,False
MSC,47,Haas,British Grand Prix,2022,Silverstone,,8.0,8.0,17.0,11.146341463414634,2.340523185206206,,0,0,51,False
VET,5,Aston Martin,British Grand Prix,2022,Silverstone,,9.0,7.0,17.0,10.5,3.882901373576604,,0,0,51,False
SAI,55,Ferrari,British Grand Prix,2022,Silverstone,,1.0,1.0,3.0,1.619047619047619,0.7635725068956293,,23,0,51,False
LAT,6,Williams,British Grand Prix,2022,Silverstone,,12.0,8.0,12.0,10.170731707317072,1.376634283758585,,0,0,51,False
BOT,77,Kick Sauber,British Grand Prix,2022,Silverstone,,9.0,9.0,13.0,10.25,1.390443574307614,,0,0,19,True
VER,1,Red Bull Racing,Austrian Grand Prix,2022,Spielberg,1.0,2.0,1.0,6.0,2.161290322580645,0.9949635200017739,-1.0,18,0,70,False
GAS,10,Racing Bulls,Austrian Grand Prix,2022,Spielberg,12.0,15.0,12.0,18.0,13.967213114754099,1.9058437599022826,-3.0,0,0,69,False
PER,11,Red Bull Racing,Austrian Grand Prix,2022,Spielberg,,20.0,20.0,20.0,20.0,0.0,,0,0,23,True
ALO,14,Alpine,Austrian Grand Prix,2022,Spielberg,18.0,11.0,5.0,18.0,11.82258064516129,4.3212179276953435,7.0,0,0,69,False
LEC,16,Ferrari,Austrian Grand Prix,2022,Spielberg,2.0,1.0,1.0,2.0,1.2950819672131149,0.45986455596845643,1.0,43,0,70,False
STR,18,Aston Martin,Austrian Grand Prix,2022,Spielberg,11.0,13.0,5.0,15.0,10.80327868852459,3.604717613217192,-2.0,0,0,69,False
MAG,20,Haas,Austrian Grand Prix,2022,Spielberg,6.0,8.0,4.0,13.0,7.779661016949152,1.8482778247850218,-2.0,0,0,69,False
TSU,22,Racing Bulls,Austrian Grand Prix,2022,Spielberg,15.0,17.0,6.0,18.0,13.770491803278688,3.7656050537417003,-2.0,0,0,69,False
ALB,23,Williams,Austrian Grand Prix,2022,Spielberg,13.0,12.0,10.0,16.0,12.666666666666666,1.5909347712359811,1.0,0,0,69,False
ZHO,24,Kick Sauber,Austrian Grand Prix,2022,Spielberg,14.0,14.0,7.0,19.0,14.426229508196721,3.490267498790709,0.0,0,0,69,False
RIC,3,McLaren,Austrian Grand Prix,2022,Spielberg,9.0,9.0,8.0,14.0,10.583333333333334,1.6394673242686582,0.0,0,0,69,False
OCO,31,Alpine,Austrian Grand Prix,2022,Spielberg,5.0,5.0,3.0,10.0,5.366666666666666,1.275142619695919,0.0,0,0,70,False
NOR,4,McLaren,Austrian Grand Prix,2022,Spielberg,10.0,7.0,7.0,13.0,9.11864406779661,1.5983261261741155,3.0,0,0,69,False
HAM,44,Mercedes,Austrian Grand Prix,2022,Spielberg,7.0,3.0,3.0,8.0,4.548387096774194,1.6263951827039393,4.0,0,0,70,False
MSC,47,Haas,Austrian Grand Prix,2022,Spielberg,8.0,6.0,5.0,14.0,7.610169491525424,2.042791777602258,2.0,0,0,69,False
VET,5,Aston Martin,Austrian Grand Prix,2022,Spielberg,17.0,16.0,9.0,19.0,16.016393442622952,2.4932696289456846,1.0,0,0,69,False
SAI,55,Ferrari,Austrian Grand Prix,2022,Spielberg,3.0,3.0,2.0,3.0,2.4705882352941178,0.5041008302500835,0.0,0,0,56,True
LAT,6,Williams,Austrian Grand Prix,2022,Spielberg,16.0,19.0,15.0,19.0,17.61904761904762,1.430544514313769,-3.0,0,0,47,True
RUS,63,Mercedes,Austrian Grand Prix,2022,Spielberg,4.0,4.0,4.0,19.0,8.655737704918034,4.739498025113487,0.0,0,0,70,False
BOT,77,Kick Sauber,Austrian Grand Prix,2022,Spielberg,,10.0,10.0,19.0,14.866666666666667,2.884597711085943,,0,0,69,False
VER,1,Red Bull Racing,French Grand Prix,2022,Le Castellet,,1.0,1.0,2.0,1.3414634146341464,0.4800914547021732,,27,0,52,False
GAS,10,Racing Bulls,French Grand Prix,2022,Le Castellet,,12.0,12.0,16.0,13.772727272727273,1.3444742443265716,,0,0,52,False
PER,11,Red Bull Racing,French Grand Prix,2022,Le Castellet,,4.0,3.0,4.0,3.395348837209302,0.49471179121551506,,0,0,52,False
ALO,14,Alpine,French Grand Prix,2022,Le Castellet,,6.0,5.0,6.0,5.818181818181818,0.390153653257413,,0,0,52,False
LEC,16,Ferrari,French Grand Prix,2022,Le Castellet,,1.0,1.0,1.0,1.0,0.0,,16,0,17,True
STR,18,Aston Martin,French Grand Prix,2022,Le Castellet,,10.0,10.0,11.0,10.113636363636363,0.32103822064055043,,0,0,52,False
MAG,20,Haas,French Grand Prix,2022,Le Castellet,,14.0,12.0,18.0,14.7,1.8781869467378776,,0,0,37,True
TSU,22,Racing Bulls,French Grand Prix,2022,Le Castellet,,20.0,17.0,20.0,19.46153846153846,1.126601424298216,,0,0,16,True
ALB,23,Williams,French Grand Prix,2022,Le Castellet,,13.0,11.0,14.0,12.159090909090908,1.0102539818394234,,0,0,52,False
ZHO,24,Kick Sauber,French Grand Prix,2022,Le Castellet,,16.0,16.0,20.0,17.89189189189189,1.1250625608230709,,0,0,47,True
RIC,3,McLaren,French Grand Prix,2022,Le Castellet,,9.0,7.0,10.0,8.386363636363637,0.5793303708998299,,0,0,52,False
OCO,31,Alpine,French Grand Prix,2022,Le Castellet,,8.0,8.0,9.0,8.613636363636363,0.4925448434741561,,0,0,52,False
NOR,4,McLaren,French Grand Prix,2022,Le Castellet,,7.0,6.0,7.0,6.931818181818182,0.2549717059293527,,0,0,52,False
HAM,44,Mercedes,French Grand Prix,2022,Le Castellet,,2.0,2.0,3.0,2.3255813953488373,0.47413732351544274,,0,0,52,False
MSC,47,Haas,French Grand Prix,2022,Le Castellet,,15.0,14.0,18.0,15.951219512195122,1.5961080714067442,,0,0,52,False
VET,5,Aston Martin,French Grand Prix,2022,Le Castellet,,11.0,11.0,13.0,11.636363636363637,0.7182313254004377,,0,0,52,False
SAI,55,Ferrari,French Grand Prix,2022,Le Castellet,,5.0,3.0,16.0,7.560975609756097,3.853886223591745,,0,0,52,False
LAT,6,Williams,French Grand Prix,2022,Le Castellet,,16.0,15.0,18.0,16.181818181818183,0.9828067413836207,,0,0,40,True
RUS,63,Mercedes,French Grand Prix,2022,Le Castellet,,3.0,3.0,6.0,4.558139534883721,0.6287677132370127,,0,0,52,False
BOT,77,Kick Sauber,French Grand Prix,2022,Le Castellet,,14.0,13.0,17.0,14.880952380952381,1.2916690082778222,,0,0,52,False
VER,1,Red Bull Racing,Hungarian Grand Prix,2022,Budapest,,1.0,1.0,8.0,3.543859649122807,2.0534828901039996,,17,0,67,False
GAS,10,Racing Bulls,Hungarian Grand Prix,2022,Budapest,,13.0,13.0,20.0,14.818181818181818,2.1780972760893267,,0,0,65,True
PER,11,Red Bull Racing,Hungarian Grand Prix,2022,Budapest,,5.0,4.0,9.0,6.142857142857143,1.1350381880411287,,0,0,66,True
ALO,14,Alpine,Hungarian Grand Prix,2022,Budapest,,8.0,6.0,12.0,9.298245614035087,1.8416308017691991,,0,0,66,True
LEC,16,Ferrari,Hungarian Grand Prix,2022,Budapest,,6.0,1.0,6.0,3.0555555555555554,1.720209143347211,,11,0,66,True
STR,18,Aston Martin,Hungarian Grand Prix,2022,Budapest,,11.0,8.0,17.0,11.375,2.1367987951393763,,0,0,65,True
MAG,20,Haas,Hungarian Grand Prix,2022,Budapest,,17.0,10.0,20.0,17.64814814814815,2.0388436179346203,,0,0,65,True
TSU,22,Racing Bulls,Hungarian Grand Prix,2022,Budapest,,20.0,14.0,20.0,17.735849056603772,2.329996231395321,,0,0,64,True
ALB,23,Williams,Hungarian Grand Prix,2022,Budapest,,16.0,15.0,20.0,18.54385964912281,1.3505313165908934,,0,0,68,False
ZHO,24,Kick Sauber,Hungarian Grand Prix,2022,Budapest,,16.0,8.0,19.0,14.89090909090909,2.7194275491886515,,0,0,65,True
RIC,3,McLaren,Hungarian Grand Prix,2022,Budapest,,14.0,7.0,14.0,10.839285714285714,2.46264296835948,,0,0,65,True
OCO,31,Alpine,Hungarian Grand Prix,2022,Budapest,,9.0,4.0,12.0,8.724137931034482,1.9716686623199629,,0,0,66,True
NOR,4,McLaren,Hungarian Grand Prix,2022,Budapest,,7.0,4.0,12.0,7.12280701754386,1.8999076616528021,,0,0,69,False
HAM,44,Mercedes,Hungarian Grand Prix,2022,Budapest,,2.0,1.0,7.0,4.0,1.3751033019046572,,3,0,66,True
MSC,47,Haas,Hungarian Grand Prix,2022,Budapest,,15.0,8.0,17.0,13.981818181818182,2.6491851234260353,,0,0,65,True
VET,5,Aston Martin,Hungarian Grand Prix,2022,Budapest,,10.0,10.0,17.0,12.696428571428571,1.9532689881989476,,0,0,65,True
SAI,55,Ferrari,Hungarian Grand Prix,2022,Budapest,,4.0,1.0,5.0,2.754385964912281,1.005000031172458,,7,0,66,True
LAT,6,Williams,Hungarian Grand Prix,2022,Budapest,,18.0,13.0,20.0,17.90740740740741,1.2479193025209891,,0,0,68,False
RUS,63,Mercedes,Hungarian Grand Prix,2022,Budapest,,3.0,1.0,5.0,2.1785714285714284,1.3088112976999446,,21,0,66,True
BOT,77,Kick Sauber,Hungarian Grand Prix,2022,Budapest,,12.0,8.0,14.0,11.589285714285714,1.875941322151587,,0,0,65,True
VER,1,Red Bull Racing,Belgian Grand Prix,2022,Spa-Francorchamps,,1.0,1.0,6.0,1.5714285714285714,1.2434703403760614,,27,0,43,False
GAS,10,Racing Bulls,Belgian Grand Prix,2022,Spa-Francorchamps,,9.0,7.0,17.0,11.942857142857143,3.0189875313233263,,0,0,43,False
PER,11,Red Bull Racing,Belgian Grand Prix,2022,Spa-Francorchamps,,2.0,1.0,3.0,2.1142857142857143,0.40376380482162294,,1,0,43,False
ALO,14,Alpine,Belgian Grand Prix,2022,Spa-Francorchamps,,5.0,4.0,10.0,6.457142857142857,1.5018196246134052,,0,0,43,False
LEC,16,Ferrari,Belgian Grand Prix,2022,Spa-Francorchamps,,5.0,4.0,17.0,7.085714285714285,3.768065727628844,,0,0,41,False
STR,18,Aston Martin,Belgian Grand Prix,2022,Spa-Francorchamps,,11.0,6.0,16.0,10.685714285714285,2.1388758533319288,,0,0,43,False
MAG,20,Haas,Belgian Grand Prix,2022,Spa-Francorchamps,,16.0,10.0,18.0,15.058823529411764,2.1311709183136753,,0,0,42,False
TSU,22,Racing Bulls,Belgian Grand Prix,2022,Spa-Francorchamps,,14.0,7.0,16.0,13.085714285714285,2.616367357857169,,0,0,43,False
ALB,23,Williams,Belgian Grand Prix,2022,Spa-Francorchamps,,10.0,7.0,16.0,9.857142857142858,2.074251915366926,,0,0,43,False
ZHO,24,Kick Sauber,Belgian Grand Prix,2022,Spa-Francorchamps,,13.0,8.0,15.0,13.057142857142857,1.3707631438868844,,0,0,43,False
RIC,3,McLaren,Belgian Grand Prix,2022,Spa-Francorchamps,,15.0,7.0,15.0,10.914285714285715,2.944300861499247,,0,0,43,False
OCO,31,Alpine,Belgian Grand Prix,2022,Spa-Francorchamps,,7.0,6.0,14.0,8.314285714285715,1.7949509016950291,,0,0,43,False
NOR,4,McLaren,Belgian Grand Prix,2022,Spa-Francorchamps,,12.0,9.0,15.0,11.885714285714286,1.3233519955785311,,0,0,43,False
MSC,47,Haas,Belgian Grand Prix,2022,Spa-Francorchamps,,17.0,13.0,18.0,16.676470588235293,1.1206218034562159,,0,0,42,False
VET,5,Aston Martin,Belgian Grand Prix,2022,Spa-Francorchamps,,8.0,4.0,9.0,6.571428571428571,1.289909123240272,,0,0,43,False
SAI,55,Ferrari,Belgian Grand Prix,2022,Spa-Francorchamps,,3.0,1.0,4.0,2.5428571428571427,0.9804817886198226,,8,0,43,False
LAT,6,Williams,Belgian Grand Prix,2022,Spa-Francorchamps,,18.0,11.0,18.0,17.029411764705884,1.7317935022406257,,0,0,42,False
RUS,63,Mercedes,Belgian Grand Prix,2022,Spa-Francorchamps,,4.0,2.0,5.0,3.7714285714285714,0.5469549011258116,,0,0,43,False
VER,1,Red Bull Racing,Dutch Grand Prix,2022,Zandvoort,1.0,1.0,1.0,3.0,1.309090909090909,0.7168017255871485,0.0,46,0,71,False
GAS,10,Racing Bulls,Dutch Grand Prix,2022,Zandvoort,12.0,11.0,11.0,17.0,12.365384615384615,1.4284071226348483,1.0,0,0,71,False
PER,11,Red Bull Racing,Dutch Grand Prix,2022,Zandvoort,5.0,6.0,3.0,8.0,5.109090909090909,1.012381264601348,-1.0,0,0,71,False
ALO,14,Alpine,Dutch Grand Prix,2022,Zandvoort,13.0,7.0,7.0,13.0,9.339285714285714,2.0295703594987398,6.0,0,0,71,False
LEC,16,Ferrari,Dutch Grand Prix,2022,Zandvoort,2.0,3.0,2.0,4.0,2.888888888888889,0.9248491292906568,-1.0,0,0,71,False
STR,18,Aston Martin,Dutch Grand Prix,2022,Zandvoort,8.0,10.0,6.0,11.0,8.830188679245284,1.104812010751216,-2.0,0,0,71,False
MAG,20,Haas,Dutch Grand Prix,2022,Zandvoort,15.0,15.0,14.0,20.0,17.62264150943396,1.7998548562671515,0.0,0,0,71,False
TSU,22,Racing Bulls,Dutch Grand Prix,2022,Zandvoort,11.0,10.0,10.0,13.0,11.162162162162161,0.6460784916845765,1.0,0,0,41,True
ALB,23,Williams,Dutch Grand Prix,2022,Zandvoort,16.0,12.0,6.0,16.0,12.867924528301886,2.5422411058647314,4.0,0,0,71,False
ZHO,24,Kick Sauber,Dutch Grand Prix,2022,Zandvoort,14.0,16.0,12.0,16.0,14.173076923076923,1.279110503530218,-2.0,0,0,71,False
RIC,3,McLaren,Dutch Grand Prix,2022,Zandvoort,17.0,17.0,16.0,20.0,17.60377358490566,0.9675429356704269,0.0,0,0,71,False
OCO,31,Alpine,Dutch Grand Prix,2022,Zandvoort,9.0,9.0,6.0,11.0,8.947368421052632,1.2595499852778904,0.0,0,0,71,False
NOR,4,McLaren,Dutch Grand Prix,2022,Zandvoort,6.0,8.0,5.0,8.0,7.107142857142857,0.755069447223148,-2.0,0,0,71,False
HAM,44,Mercedes,Dutch Grand Prix,2022,Zandvoort,4.0,4.0,1.0,5.0,2.909090909090909,1.1749346281693211,0.0,10,0,71,False
MSC,47,Haas,Dutch Grand Prix,2022,Zandvoort,10.0,14.0,10.0,18.0,13.924528301886792,2.392689640452717,-4.0,0,0,71,False
VET,5,Aston Martin,Dutch Grand Prix,2022,Zandvoort,18.0,13.0,13.0,20.0,16.153846153846153,1.500125686036502,5.0,0,0,71,False
SAI,55,Ferrari,Dutch Grand Prix,2022,Zandvoort,3.0,5.0,3.0,10.0,5.553571428571429,1.6724466873649284,-2.0,0,0,71,False
LAT,6,Williams,Dutch Grand Prix,2022,Zandvoort,20.0,18.0,17.0,20.0,19.245283018867923,0.8749870411646653,2.0,0,0,70,False
RUS,63,Mercedes,Dutch Grand Prix,2022,Zandvoort,7.0,2.0,2.0,7.0,3.709090909090909,1.6063845680506834,5.0,0,0,71,False
BOT,77,Kick Sauber,Dutch Grand Prix,2022,Zandvoort,19.0,13.0,10.0,19.0,14.975609756097562,1.9427790002731757,6.0,0,0,53,True
VER,1,Red Bull Racing,Italian Grand Prix,2022,Monza,4.0,1.0,1.0,4.0,1.5476190476190477,0.7392277101362051,3.0,24,0,46,False
GAS,10,Racing Bulls,Italian Grand Prix,2022,Monza,5.0,9.0,5.0,13.0,8.682926829268293,2.944817688671439,-4.0,0,0,45,False
PER,11,Red Bull Racing,Italian Grand Prix,2022,Monza,15.0,7.0,5.0,20.0,10.794871794871796,5.232386429373198,8.0,0,0,45,False
ALO,14,Alpine,Italian Grand Prix,2022,Monza,7.0,7.0,6.0,8.0,6.75,0.5181877251716008,0.0,0,0,30,True
LEC,16,Ferrari,Italian Grand Prix,2022,Monza,1.0,2.0,1.0,3.0,1.7857142857142858,0.7819835406450197,-1.0,18,0,46,False
STR,18,Aston Martin,Italian Grand Prix,2022,Monza,11.0,17.0,10.0,19.0,14.558823529411764,3.4570190037309403,-6.0,0,0,38,True
MAG,20,Haas,Italian Grand Prix,2022,Monza,12.0,17.0,11.0,19.0,16.048780487804876,2.448991828408122,-5.0,0,0,45,False
TSU,22,Racing Bulls,Italian Grand Prix,2022,Monza,18.0,14.0,13.0,18.0,14.926829268292684,1.6029698048066754,4.0,0,0,45,False
ZHO,24,Kick Sauber,Italian Grand Prix,2022,Monza,9.0,11.0,9.0,15.0,11.585365853658537,2.0853729852966056,-2.0,0,0,45,False
RIC,3,McLaren,Italian Grand Prix,2022,Monza,3.0,8.0,3.0,12.0,7.463414634146342,2.9334072422322284,-5.0,0,0,45,False
OCO,31,Alpine,Italian Grand Prix,2022,Monza,13.0,12.0,12.0,16.0,13.268292682926829,1.432207915141905,1.0,0,0,45,False
NOR,4,McLaren,Italian Grand Prix,2022,Monza,6.0,6.0,4.0,8.0,5.902439024390244,1.1576890352935993,0.0,0,0,45,False
HAM,44,Mercedes,Italian Grand Prix,2022,Monza,19.0,5.0,5.0,19.0,9.804878048780488,4.817777040270347,14.0,0,0,45,False
DEV,45,Williams,Italian Grand Prix,2022,Monza,8.0,10.0,8.0,14.0,10.365853658536585,2.034159501624388,-2.0,0,0,45,False
MSC,47,Haas,Italian Grand Prix,2022,Monza,17.0,13.0,8.0,19.0,13.731707317073171,3.962476436799987,4.0,0,0,45,False
VET,5,Aston Martin,Italian Grand Prix,2022,Monza,10.0,13.0,10.0,13.0,11.6,0.8432740427115678,-3.0,0,0,10,True
SAI,55,Ferrari,Italian Grand Prix,2022,Monza,16.0,4.0,3.0,16.0,5.714285714285714,3.4590687756136167,12.0,0,0,46,False
LAT,6,Williams,Italian Grand Prix,2022,Monza,14.0,16.0,14.0,19.0,16.365853658536587,1.5930489251899267,-2.0,0,0,45,False
RUS,63,Mercedes,Italian Grand Prix,2022,Monza,2.0,3.0,2.0,4.0,2.8048780487804876,0.64107379431396,-1.0,0,0,46,False
BOT,77,Kick Sauber,Italian Grand Prix,2022,Monza,20.0,15.0,7.0,20.0,14.512195121951219,4.255126033500725,5.0,0,0,45,False
VER,1,Red Bull Racing,Singapore Grand Prix,2022,Singapore,,8.0,5.0,12.0,8.594594594594595,2.0201685773917686,,0,0,58,False
GAS,10,Racing Bulls,Singapore Grand Prix,2022,Singapore,,10.0,7.0,10.0,8.473684210526315,1.0839577658388415,,0,0,58,False
PER,11,Red Bull Racing,Singapore Grand Prix,2022,Singapore,,1.0,1.0,1.0,1.0,0.0,,39,0,58,False
ALO,14,Alpine,Singapore Grand Prix,2022,Singapore,,6.0,6.0,6.0,6.0,0.0,,0,0,20,True
LEC,16,Ferrari,Singapore Grand Prix,2022,Singapore,,2.0,2.0,2.0,2.0,0.0,,0,0,58,False
STR,18,Aston Martin,Singapore Grand Prix,2022,Singapore,,6.0,6.0,11.0,8.256410256410257,2.3699650088239554,,0,0,58,False
MAG,20,Haas,Singapore Grand Prix,2022,Singapore,,12.0,11.0,18.0,13.736842105263158,2.75763520436286,,0,0,58,False
TSU,22,Racing Bulls,Singapore Grand Prix,2022,Singapore,,12.0,9.0,12.0,10.368421052631579,0.8950807732508138,,0,0,31,True
ALB,23,Williams,Singapore Grand Prix,2022,Singapore,,16.0,16.0,20.0,17.764705882352942,1.5218989685876771,,0,0,24,True
ZHO,24,Kick Sauber,Singapore Grand Prix,2022,Singapore,,19.0,19.0,19.0,19.0,0.0,,0,0,6,True
RIC,3,McLaren,Singapore Grand Prix,2022,Singapore,,5.0,5.0,13.0,8.394736842105264,3.5377460658127435,,0,0,58,False
OCO,31,Alpine,Singapore Grand Prix,2022,Singapore,,13.0,13.0,15.0,14.176470588235293,0.6359337738364604,,0,0,24,True
NOR,4,McLaren,Singapore Grand Prix,2022,Singapore,,4.0,4.0,5.0,4.475,0.5057363253408151,,0,0,58,False
HAM,44,Mercedes,Singapore Grand Prix,2022,Singapore,,9.0,4.0,9.0,6.108108108108108,2.0920986776146284,,0,0,58,False
MSC,47,Haas,Singapore Grand Prix,2022,Singapore,,13.0,10.0,14.0,13.029411764705882,0.9687634767046038,,0,0,57,False
VET,5,Aston Martin,Singapore Grand Prix,2022,Singapore,,7.0,7.0,9.0,7.7631578947368425,0.8521581672219166,,0,0,58,False
SAI,55,Ferrari,Singapore Grand Prix,2022,Singapore,,3.0,3.0,3.0,3.0,0.0,,0,0,58,False
LAT,6,Williams,Singapore Grand Prix,2022,Singapore,,18.0,17.0,18.0,17.6,0.5477225575051661,,0,0,6,True
RUS,63,Mercedes,Singapore Grand Prix,2022,Singapore,,14.0,11.0,18.0,15.147058823529411,1.6538724611187705,,0,0,56,False
BOT,77,Kick Sauber,Singapore Grand Prix,2022,Singapore,,11.0,10.0,16.0,12.763157894736842,2.3415657792852573,,0,0,58,False
VER,1,Red Bull Racing,Japanese Grand Prix,2022,Suzuka,,1.0,1.0,1.0,1.0,0.0,,23,0,28,False
GAS,10,Racing Bulls,Japanese Grand Prix,2022,Suzuka,,17.0,15.0,18.0,16.75,0.910465468000326,,0,0,27,False
PER,11,Red Bull Racing,Japanese Grand Prix,2022,Suzuka,,3.0,3.0,4.0,3.0454545454545454,0.21320071635561047,,0,0,27,False
ALO,14,Alpine,Japanese Grand Prix,2022,Suzuka,,8.0,5.0,8.0,7.0,0.7947194142390263,,0,0,27,False
LEC,16,Ferrari,Japanese Grand Prix,2022,Suzuka,,2.0,2.0,2.0,2.0,0.0,,0,0,27,False
STR,18,Aston Martin,Japanese Grand Prix,2022,Suzuka,,12.0,11.0,15.0,12.35,0.9880869341680842,,0,0,27,False
MAG,20,Haas,Japanese Grand Prix,2022,Suzuka,,14.0,11.0,16.0,13.5,1.224744871391589,,0,0,27,False
TSU,22,Racing Bulls,Japanese Grand Prix,2022,Suzuka,,13.0,9.0,16.0,11.5,2.064741604835056,,0,0,27,False
ZHO,24,Kick Sauber,Japanese Grand Prix,2022,Suzuka,,16.0,6.0,18.0,15.8,2.6675437154214006,,0,0,27,False
RIC,3,McLaren,Japanese Grand Prix,2022,Suzuka,,11.0,8.0,14.0,11.5,1.970013294613105,,0,0,27,False
OCO,31,Alpine,Japanese Grand Prix,2022,Suzuka,,4.0,4.0,5.0,4.045454545454546,0.21320071635561044,,0,0,27,False
NOR,4,McLaren,Japanese Grand Prix,2022,Suzuka,,10.0,9.0,13.0,10.227272727272727,1.109775532079227,,0,0,27,False
HAM,44,Mercedes,Japanese Grand Prix,2022,Suzuka,,5.0,5.0,6.0,5.045454545454546,0.21320071635561044,,0,0,27,False
MSC,47,Haas,Japanese Grand Prix,2022,Suzuka,,18.0,2.0,18.0,13.954545454545455,5.241567129592635,,0,0,27,False
VET,5,Aston Martin,Japanese Grand Prix,2022,Suzuka,,6.0,6.0,16.0,7.181818181818182,2.8558438605505296,,0,0,27,False
LAT,6,Williams,Japanese Grand Prix,2022,Suzuka,,9.0,8.0,16.0,9.272727272727273,2.1642510676866222,,0,0,27,False
RUS,63,Mercedes,Japanese Grand Prix,2022,Suzuka,,7.0,7.0,13.0,8.818181818181818,1.8932552877030568,,0,0,27,False
BOT,77,Kick Sauber,Japanese Grand Prix,2022,Suzuka,,15.0,13.0,17.0,14.818181818181818,0.9579921282290984,,0,0,27,False
VER,1,Red Bull Racing,United States Grand Prix,2022,Austin,,1.0,1.0,5.0,1.5238095238095237,0.9935915448290938,,29,0,55,False
GAS,10,Racing Bulls,United States Grand Prix,2022,Austin,,11.0,7.0,17.0,11.487804878048781,3.2103111314910913,,0,0,55,False
PER,11,Red Bull Racing,United States Grand Prix,2022,Austin,,4.0,1.0,6.0,3.9523809523809526,0.9615125521390877,,2,0,55,False
ALO,14,Alpine,United States Grand Prix,2022,Austin,,7.0,6.0,16.0,9.521739130434783,3.0238983700939754,,0,0,55,False
LEC,16,Ferrari,United States Grand Prix,2022,Austin,,3.0,2.0,9.0,4.295454545454546,1.9951050034096,,0,0,55,False
STR,18,Aston Martin,United States Grand Prix,2022,Austin,,8.0,3.0,8.0,4.571428571428571,1.283881477532739,,0,0,17,True
MAG,20,Haas,United States Grand Prix,2022,Austin,,8.0,6.0,19.0,10.577777777777778,4.255952456634274,,0,0,55,False
TSU,22,Racing Bulls,United States Grand Prix,2022,Austin,,10.0,8.0,16.0,11.878048780487806,2.3366120982227616,,0,0,55,False
ALB,23,Williams,United States Grand Prix,2022,Austin,,12.0,9.0,16.0,11.511627906976743,2.142229513105845,,0,0,55,False
ZHO,24,Kick Sauber,United States Grand Prix,2022,Austin,,14.0,10.0,17.0,13.744186046511627,2.7000266599725586,,0,0,55,False
RIC,3,McLaren,United States Grand Prix,2022,Austin,,16.0,12.0,18.0,15.682926829268293,1.7809972542124246,,0,0,55,False
OCO,31,Alpine,United States Grand Prix,2022,Austin,,13.0,8.0,19.0,12.295454545454545,3.3728019230069415,,0,0,55,False
NOR,4,McLaren,United States Grand Prix,2022,Austin,,6.0,6.0,14.0,9.097560975609756,2.154122536542205,,0,0,55,False
HAM,44,Mercedes,United States Grand Prix,2022,Austin,,2.0,1.0,6.0,2.0952380952380953,1.0075210779014976,,9,0,55,False
MSC,47,Haas,United States Grand Prix,2022,Austin,,15.0,9.0,17.0,13.545454545454545,2.5007398482416177,,0,0,55,False
VET,5,Aston Martin,United States Grand Prix,2022,Austin,,9.0,1.0,13.0,6.704545454545454,3.077144141513894,,2,0,55,False
LAT,6,Williams,United States Grand Prix,2022,Austin,,17.0,13.0,19.0,16.441860465116278,1.6804523991415914,,0,0,55,False
RUS,63,Mercedes,United States Grand Prix,2022,Austin,,5.0,3.0,8.0,4.725,1.1091114484704434,,0,0,53,False
BOT,77,Kick Sauber,United States Grand Prix,2022,Austin,,13.0,10.0,14.0,11.538461538461538,1.7614096918559585,,0,0,16,True
VER,1,Red Bull Racing,Mexico City Grand Prix,2022,Mexico City,1.0,1.0,1.0,3.0,1.1666666666666667,0.48304589153964794,0.0,58,0,70,False
GAS,10,Racing Bulls,Mexico City Grand Prix,2022,Mexico City,16.0,11.0,11.0,16.0,14.242424242424242,1.5095654602526778,5.0,0,0,69,False
PER,11,Red Bull Racing,Mexico City Grand Prix,2022,Mexico City,3.0,3.0,3.0,6.0,3.242424242424242,0.6577492171291673,0.0,0,0,70,False
ALO,14,Alpine,Mexico City Grand Prix,2022,Mexico City,7.0,9.0,5.0,9.0,6.819672131147541,0.9748195853816828,-2.0,0,0,63,True
LEC,16,Ferrari,Mexico City Grand Prix,2022,Mexico City,6.0,6.0,5.0,11.0,6.333333333333333,1.0278182020232258,0.0,0,0,70,False
STR,18,Aston Martin,Mexico City Grand Prix,2022,Mexico City,15.0,15.0,15.0,20.0,16.714285714285715,1.5494907740887571,0.0,0,0,69,False
MAG,20,Haas,Mexico City Grand Prix,2022,Mexico City,18.0,17.0,17.0,20.0,18.4,1.0124228365658294,1.0,0,0,69,False
TSU,22,Racing Bulls,Mexico City Grand Prix,2022,Mexico City,11.0,11.0,11.0,16.0,12.127659574468085,1.8721879931222505,0.0,0,0,49,True
ALB,23,Williams,Mexico City Grand Prix,2022,Mexico City,19.0,12.0,11.0,19.0,14.848484848484848,2.302122259952086,7.0,0,0,69,False
ZHO,24,Kick Sauber,Mexico City Grand Prix,2022,Mexico City,12.0,13.0,9.0,16.0,12.646153846153846,1.7891231199840716,-1.0,0,0,69,False
RIC,3,McLaren,Mexico City Grand Prix,2022,Mexico City,13.0,7.0,7.0,13.0,10.538461538461538,2.023895710295826,6.0,0,0,69,False
OCO,31,Alpine,Mexico City Grand Prix,2022,Mexico City,9.0,8.0,7.0,13.0,8.861538461538462,1.2609138932353177,1.0,0,0,69,False
NOR,4,McLaren,Mexico City Grand Prix,2022,Mexico City,10.0,9.0,8.0,15.0,10.676923076923076,1.5722962140180154,1.0,0,0,69,False
HAM,44,Mercedes,Mexico City Grand Prix,2022,Mexico City,2.0,2.0,1.0,3.0,2.0,0.35082320772281167,0.0,4,0,70,False
MSC,47,Haas,Mexico City Grand Prix,2022,Mexico City,17.0,16.0,16.0,19.0,17.49230769230769,0.9035187623099776,1.0,0,0,69,False
VET,5,Aston Martin,Mexico City Grand Prix,2022,Mexico City,14.0,14.0,11.0,15.0,13.707692307692307,0.9474155127747032,0.0,0,0,69,False
SAI,55,Ferrari,Mexico City Grand Prix,2022,Mexico City,5.0,5.0,4.0,8.0,5.196969696969697,0.8080307871076157,0.0,0,0,70,False
LAT,6,Williams,Mexico City Grand Prix,2022,Mexico City,20.0,18.0,18.0,20.0,19.349206349206348,0.7439807957704059,2.0,0,0,68,False
RUS,63,Mercedes,Mexico City Grand Prix,2022,Mexico City,4.0,4.0,1.0,4.0,3.640625,0.861287104391141,0.0,4,0,68,False
BOT,77,Kick Sauber,Mexico City Grand Prix,2022,Mexico City,8.0,10.0,6.0,11.0,8.430769230769231,1.3342745075652391,-2.0,0,0,69,False
VER,1,Red Bull Racing,São Paulo Grand Prix,2022,São Paulo,,6.0,6.0,17.0,12.183673469387756,4.050069286381382,,0,0,70,False
GAS,10,Racing Bulls,São Paulo Grand Prix,2022,São Paulo,,12.0,6.0,17.0,10.96,3.168467085748152,,0,0,70,False
PER,11,Red Bull Racing,São Paulo Grand Prix,2022,São Paulo,,7.0,2.0,7.0,2.980392156862745,1.5555088695141712,,0,0,70,False
ALO,14,Alpine,São Paulo Grand Prix,2022,São Paulo,,5.0,5.0,17.0,9.03921568627451,3.9342637649945407,,0,0,70,False
LEC,16,Ferrari,São Paulo Grand Prix,2022,São Paulo,,4.0,4.0,18.0,11.510204081632653,5.054381139910503,,0,0,70,False
STR,18,Aston Martin,São Paulo Grand Prix,2022,São Paulo,,10.0,5.0,15.0,10.8,2.356060357495806,,0,0,70,False
TSU,22,Racing Bulls,São Paulo Grand Prix,2022,São Paulo,,17.0,13.0,17.0,15.48,1.3437686875776969,,0,0,69,False
ALB,23,Williams,São Paulo Grand Prix,2022,São Paulo,,15.0,11.0,17.0,14.78,1.7875990053928852,,0,0,70,False
ZHO,24,Kick Sauber,São Paulo Grand Prix,2022,São Paulo,,13.0,9.0,18.0,13.14,2.294714423564354,,0,0,70,False
OCO,31,Alpine,São Paulo Grand Prix,2022,São Paulo,,8.0,5.0,11.0,8.34,1.4929767552901603,,0,0,70,False
NOR,4,McLaren,São Paulo Grand Prix,2022,São Paulo,,12.0,3.0,14.0,7.794871794871795,3.1387182028361695,,0,0,50,True
HAM,44,Mercedes,São Paulo Grand Prix,2022,São Paulo,,2.0,1.0,8.0,3.1176470588235294,1.4919391250788943,,4,0,70,False
MSC,47,Haas,São Paulo Grand Prix,2022,São Paulo,,14.0,7.0,15.0,11.12,2.273539001608887,,0,0,70,False
VET,5,Aston Martin,São Paulo Grand Prix,2022,São Paulo,,11.0,3.0,11.0,6.86,2.3990644435032653,,0,0,70,False
SAI,55,Ferrari,São Paulo Grand Prix,2022,São Paulo,,3.0,2.0,11.0,3.9411764705882355,1.7822655773580138,,0,0,70,False
LAT,6,Williams,São Paulo Grand Prix,2022,São Paulo,,16.0,14.0,18.0,16.78,1.4609194756336552,,0,0,70,False
RUS,63,Mercedes,São Paulo Grand Prix,2022,São Paulo,,1.0,1.0,2.0,1.0784313725490196,0.2715243823233531,,47,0,70,False
BOT,77,Kick Sauber,São Paulo Grand Prix,2022,São Paulo,,9.0,5.0,10.0,7.18,1.7342880677790573,,0,0,70,False
VER,1,Red Bull Racing,Abu Dhabi Grand Prix,2022,Yas Marina,1.0,1.0,1.0,1.0,1.0,0.0,0.0,54,0,57,False
LEC,16,Ferrari,Abu Dhabi Grand Prix,2022,Yas Marina,3.0,2.0,2.0,3.0,2.4444444444444446,0.5015698625755192,1.0,0,0,57,False
PER,11,Red Bull Racing,Abu Dhabi Grand Prix,2022,Yas Marina,2.0,3.0,2.0,6.0,2.8627450980392157,1.1139049841550626,-1.0,0,0,57,False
SAI,55,Ferrari,Abu Dhabi Grand Prix,2022,Yas Marina,5.0,4.0,3.0,5.0,4.283018867924528,0.6615063954155068,1.0,0,0,57,False
RUS,63,Mercedes,Abu Dhabi Grand Prix,2022,Yas Marina,7.0,5.0,4.0,9.0,5.60377358490566,1.0065100145000172,2.0,0,0,57,False
NOR,4,McLaren,Abu Dhabi Grand Prix,2022,Yas Marina,6.0,6.0,6.0,11.0,7.096153846153846,0.9550611392936257,0.0,0,0,57,False
OCO,31,Alpine,Abu Dhabi Grand Prix,2022,Yas Marina,8.0,7.0,7.0,13.0,8.365384615384615,1.299001821216344,1.0,0,0,57,False
STR,18,Aston Martin,Abu Dhabi Grand Prix,2022,Yas Marina,12.0,8.0,8.0,15.0,10.596153846153847,1.7630145238089752,4.0,0,0,57,False
RIC,3,McLaren,Abu Dhabi Grand Prix,2022,Yas Marina,14.0,9.0,8.0,18.0,11.62962962962963,2.5572412633745616,5.0,0,0,57,False
VET,5,Aston Martin,Abu Dhabi Grand Prix,2022,Yas Marina,9.0,10.0,4.0,18.0,10.24074074074074,3.052590518709093,-1.0,0,0,57,False
TSU,22,Racing Bulls,Abu Dhabi Grand Prix,2022,Yas Marina,11.0,11.0,10.0,15.0,11.660377358490566,1.3997719076062562,0.0,0,0,57,False
ZHO,24,Kick Sauber,Abu Dhabi Grand Prix,2022,Yas Marina,15.0,13.0,10.0,17.0,13.980392156862745,1.726154061240553,2.0,0,0,56,False
ALB,23,Williams,Abu Dhabi Grand Prix,2022,Yas Marina,17.0,12.0,11.0,20.0,14.117647058823529,1.9559862864910829,5.0,0,0,56,False
GAS,10,Racing Bulls,Abu Dhabi Grand Prix,2022,Yas Marina,18.0,14.0,13.0,19.0,16.037735849056602,2.0471581066194724,4.0,0,0,56,False
BOT,77,Kick Sauber,Abu Dhabi Grand Prix,2022,Yas Marina,20.0,15.0,10.0,20.0,16.433962264150942,2.72812582866153,5.0,0,0,56,False
MSC,47,Haas,Abu Dhabi Grand Prix,2022,Yas Marina,13.0,16.0,13.0,18.0,15.92156862745098,1.2624284099290852,-3.0,0,0,56,False
MAG,20,Haas,Abu Dhabi Grand Prix,2022,Yas Marina,16.0,17.0,10.0,19.0,16.9811320754717,2.437610479056328,-1.0,0,0,56,False
HAM,44,Mercedes,Abu Dhabi Grand Prix,2022,Yas Marina,4.0,4.0,3.0,7.0,4.901960784313726,1.1875167697474305,0.0,0,0,54,True
LAT,6,Williams,Abu Dhabi Grand Prix,2022,Yas Marina,19.0,19.0,16.0,20.0,18.9,1.1111677990074318,0.0,0,0,54,True
ALO,14,Alpine,Abu Dhabi Grand Prix,2022,Yas Marina,10.0,10.0,6.0,14.0,9.958333333333334,1.7062332443303203,0.0,0,0,26,True
VER,1,Red Bull Racing,Bahrain Grand Prix,2023,Sakhir,,1.0,1.0,2.0,1.0416666666666667,0.20194093652345887,,46,0,56,False
GAS,10,Alpine,Bahrain Grand Prix,2023,Sakhir,,9.0,9.0,19.0,12.208333333333334,3.1281721488607053,,0,0,56,False
PER,11,Red Bull Racing,Bahrain Grand Prix,2023,Sakhir,,2.0,1.0,3.0,2.3125,0.5518344648495096,,2,0,56,False
ALO,14,Aston Martin,Bahrain Grand Prix,2023,Sakhir,,3.0,3.0,7.0,5.145833333333333,1.5157272439374387,,0,0,56,False
LEC,16,Ferrari,Bahrain Grand Prix,2023,Sakhir,,3.0,2.0,3.0,2.4545454545454546,0.5056498968474316,,0,0,39,True
STR,18,Aston Martin,Bahrain Grand Prix,2023,Sakhir,,6.0,3.0,9.0,7.166666666666667,1.2087153956996735,,0,0,56,False
SAR,2,Williams,Bahrain Grand Prix,2023,Sakhir,,12.0,10.0,15.0,12.680851063829786,1.023769313747283,,0,0,55,False
MAG,20,Haas,Bahrain Grand Prix,2023,Sakhir,,13.0,9.0,20.0,15.914893617021276,2.5608234683911193,,0,0,55,False
DEV,21,Racing Bulls,Bahrain Grand Prix,2023,Sakhir,,14.0,12.0,19.0,15.191489361702128,1.9069472288398595,,0,0,55,False
TSU,22,Racing Bulls,Bahrain Grand Prix,2023,Sakhir,,11.0,11.0,16.0,12.125,1.4531696830238288,,0,0,56,False
ALB,23,Williams,Bahrain Grand Prix,2023,Sakhir,,10.0,10.0,13.0,10.416666666666666,0.7096098218674683,,0,0,56,False
ZHO,24,Kick Sauber,Bahrain Grand Prix,2023,Sakhir,,13.0,9.0,19.0,14.377777777777778,2.3768666242544927,,0,0,53,True
HUL,27,Haas,Bahrain Grand Prix,2023,Sakhir,,15.0,14.0,19.0,16.27659574468085,1.0363423905333033,,0,0,55,False
OCO,31,Alpine,Bahrain Grand Prix,2023,Sakhir,,18.0,10.0,19.0,15.533333333333333,3.866151372719595,,0,0,38,True
NOR,4,McLaren,Bahrain Grand Prix,2023,Sakhir,,17.0,10.0,19.0,16.58974358974359,2.5414246804121166,,0,0,53,True
HAM,44,Mercedes,Bahrain Grand Prix,2023,Sakhir,,5.0,5.0,7.0,5.166666666666667,0.4294149078927831,,0,0,56,False
SAI,55,Ferrari,Bahrain Grand Prix,2023,Sakhir,,4.0,3.0,5.0,4.0,0.3572948005052482,,0,0,56,False
RUS,63,Mercedes,Bahrain Grand Prix,2023,Sakhir,,7.0,5.0,9.0,7.0,0.74376843799781,,0,0,56,False
BOT,77,Kick Sauber,Bahrain Grand Prix,2023,Sakhir,,8.0,6.0,10.0,8.479166666666666,0.7434703941317061,,0,0,56,False
PIA,81,McLaren,Bahrain Grand Prix,2023,Sakhir,,11.0,11.0,16.0,15.2,1.7511900715418263,,0,0,12,True
VER,1,Red Bull Racing,Saudi Arabian Grand Prix,2023,Jeddah,13.0,2.0,2.0,13.0,4.822222222222222,3.921322184769785,11.0,0,0,49,False
GAS,10,Alpine,Saudi Arabian Grand Prix,2023,Jeddah,8.0,9.0,8.0,14.0,9.186046511627907,0.9575716796118631,-1.0,0,0,49,False
PER,11,Red Bull Racing,Saudi Arabian Grand Prix,2023,Jeddah,2.0,1.0,1.0,2.0,1.0666666666666667,0.2522624895547565,1.0,42,0,49,False
ALO,14,Aston Martin,Saudi Arabian Grand Prix,2023,Jeddah,1.0,3.0,1.0,3.0,2.488888888888889,0.6260344973874776,-2.0,3,0,49,False
LEC,16,Ferrari,Saudi Arabian Grand Prix,2023,Jeddah,9.0,7.0,5.0,9.0,7.204545454545454,0.8781467127129874,2.0,0,0,49,False
STR,18,Aston Martin,Saudi Arabian Grand Prix,2023,Jeddah,4.0,10.0,4.0,10.0,4.857142857142857,2.1788191176076888,-6.0,0,0,16,True
SAR,2,Williams,Saudi Arabian Grand Prix,2023,Jeddah,20.0,15.0,13.0,20.0,14.666666666666666,1.6787441193290353,5.0,0,0,49,False
MAG,20,Haas,Saudi Arabian Grand Prix,2023,Jeddah,11.0,10.0,10.0,17.0,11.744186046511627,1.8399407761666309,1.0,0,0,49,False
DEV,21,Racing Bulls,Saudi Arabian Grand Prix,2023,Jeddah,18.0,14.0,12.0,18.0,15.133333333333333,1.575378742340451,4.0,0,0,49,False
TSU,22,Racing Bulls,Saudi Arabian Grand Prix,2023,Jeddah,14.0,11.0,8.0,14.0,10.8,1.7786613965666322,3.0,0,0,49,False
ALB,23,Williams,Saudi Arabian Grand Prix,2023,Jeddah,16.0,15.0,11.0,16.0,13.954545454545455,1.7587136188344008,1.0,0,0,26,True
ZHO,24,Kick Sauber,Saudi Arabian Grand Prix,2023,Jeddah,10.0,13.0,10.0,16.0,13.209302325581396,1.896841228073207,-3.0,0,0,49,False
HUL,27,Haas,Saudi Arabian Grand Prix,2023,Jeddah,12.0,12.0,12.0,17.0,12.511627906976743,1.4698897435693186,0.0,0,0,49,False
OCO,31,Alpine,Saudi Arabian Grand Prix,2023,Jeddah,6.0,8.0,6.0,9.0,7.454545454545454,0.9753841331435327,-2.0,0,0,49,False
NOR,4,McLaren,Saudi Arabian Grand Prix,2023,Jeddah,17.0,17.0,15.0,20.0,17.53488372093023,1.7908342989113353,0.0,0,0,49,False
HAM,44,Mercedes,Saudi Arabian Grand Prix,2023,Jeddah,7.0,5.0,5.0,9.0,5.911111111111111,1.2937300235123916,2.0,0,0,49,False
SAI,55,Ferrari,Saudi Arabian Grand Prix,2023,Jeddah,5.0,6.0,4.0,6.0,5.604651162790698,0.5830761970838448,-1.0,0,0,49,False
RUS,63,Mercedes,Saudi Arabian Grand Prix,2023,Jeddah,3.0,4.0,3.0,4.0,3.6,0.4954336943068623,-1.0,0,0,49,False
BOT,77,Kick Sauber,Saudi Arabian Grand Prix,2023,Jeddah,15.0,18.0,15.0,19.0,17.7,1.38119234999775,-3.0,0,0,48,False
PIA,81,McLaren,Saudi Arabian Grand Prix,2023,Jeddah,,16.0,16.0,19.0,17.46511627906977,0.8549251487509169,,0,0,49,False
VER,1,Red Bull Racing,Australian Grand Prix,2023,Melbourne,,1.0,1.0,3.0,1.1818181818181819,0.5401432743921153,,39,0,52,False
GAS,10,Alpine,Australian Grand Prix,2023,Melbourne,,5.0,4.0,8.0,5.0,0.914991421995628,,0,0,52,False
PER,11,Red Bull Racing,Australian Grand Prix,2023,Melbourne,,7.0,7.0,17.0,10.25,3.1558362323766733,,0,0,52,False
ALO,14,Aston Martin,Australian Grand Prix,2023,Melbourne,,3.0,3.0,5.0,3.1363636363636362,0.5099434118587054,,0,0,52,False
STR,18,Aston Martin,Australian Grand Prix,2023,Melbourne,,6.0,6.0,7.0,6.113636363636363,0.32103822064055043,,0,0,52,False
SAR,2,Williams,Australian Grand Prix,2023,Melbourne,,16.0,15.0,19.0,15.951219512195122,1.139105339997033,,0,0,51,False
MAG,20,Haas,Australian Grand Prix,2023,Melbourne,,12.0,12.0,15.0,13.136363636363637,1.0909971775571337,,0,0,52,False
DEV,21,Racing Bulls,Australian Grand Prix,2023,Melbourne,,17.0,14.0,17.0,16.390243902439025,0.833008066602233,,0,0,51,False
TSU,22,Racing Bulls,Australian Grand Prix,2023,Melbourne,,14.0,8.0,14.0,11.727272727272727,2.1389373188858576,,0,0,52,False
ALB,23,Williams,Australian Grand Prix,2023,Melbourne,,6.0,6.0,6.0,6.0,0.0,,0,0,6,True
ZHO,24,Kick Sauber,Australian Grand Prix,2023,Melbourne,,13.0,12.0,17.0,13.090909090909092,0.984016019395549,,0,0,52,False
HUL,27,Haas,Australian Grand Prix,2023,Melbourne,,9.0,7.0,9.0,7.454545454545454,0.6973219687622019,,0,0,52,False
OCO,31,Alpine,Australian Grand Prix,2023,Melbourne,,10.0,10.0,15.0,11.090909090909092,1.5524651337609296,,0,0,52,False
NOR,4,McLaren,Australian Grand Prix,2023,Melbourne,,8.0,8.0,11.0,8.613636363636363,0.8948407443320303,,0,0,52,False
HAM,44,Mercedes,Australian Grand Prix,2023,Melbourne,,2.0,1.0,2.0,1.9545454545454546,0.21070705494148548,,2,0,52,False
SAI,55,Ferrari,Australian Grand Prix,2023,Melbourne,,4.0,4.0,10.0,4.7272727272727275,1.4684850026336091,,0,0,52,False
RUS,63,Mercedes,Australian Grand Prix,2023,Melbourne,,14.0,1.0,14.0,4.363636363636363,3.585323619221207,,3,0,17,True
BOT,77,Kick Sauber,Australian Grand Prix,2023,Melbourne,,15.0,15.0,18.0,16.25,1.2412484338030823,,0,0,52,False
PIA,81,McLaren,Australian Grand Prix,2023,Melbourne,,11.0,10.0,13.0,11.136363636363637,0.6321211648244562,,0,0,52,False
VER,1,Red Bull Racing,Azerbaijan Grand Prix,2023,Baku,,2.0,1.0,2.0,1.8372093023255813,0.37354368381881425,,7,0,50,False
GAS,10,Alpine,Azerbaijan Grand Prix,2023,Baku,,15.0,15.0,19.0,16.82051282051282,1.6201331146056595,,0,0,50,False
PER,11,Red Bull Racing,Azerbaijan Grand Prix,2023,Baku,,1.0,1.0,3.0,1.2790697674418605,0.6296477244629517,,35,0,50,False
ALO,14,Aston Martin,Azerbaijan Grand Prix,2023,Baku,,4.0,4.0,6.0,4.348837209302325,0.7522575841214346,,0,0,50,False
LEC,16,Ferrari,Azerbaijan Grand Prix,2023,Baku,,3.0,1.0,3.0,2.883720930232558,0.39092700119815305,,1,0,50,False
STR,18,Aston Martin,Azerbaijan Grand Prix,2023,Baku,,7.0,6.0,7.0,6.883720930232558,0.32435300622428814,,0,0,50,False
SAR,2,Williams,Azerbaijan Grand Prix,2023,Baku,,16.0,13.0,18.0,16.5609756097561,1.3237971991170867,,0,0,50,False
MAG,20,Haas,Azerbaijan Grand Prix,2023,Baku,,14.0,10.0,17.0,14.720930232558139,1.452839279207128,,0,0,50,False
DEV,21,Racing Bulls,Azerbaijan Grand Prix,2023,Baku,,12.0,12.0,17.0,15.625,1.7677669529663689,,0,0,9,True
TSU,22,Racing Bulls,Azerbaijan Grand Prix,2023,Baku,,11.0,10.0,12.0,11.609756097560975,0.7374974162831963,,0,0,50,False
ALB,23,Williams,Azerbaijan Grand Prix,2023,Baku,,13.0,12.0,17.0,13.78048780487805,0.8518273041512351,,0,0,50,False
ZHO,24,Kick Sauber,Azerbaijan Grand Prix,2023,Baku,,16.0,11.0,17.0,15.793103448275861,1.2065094382683217,,0,0,35,True
HUL,27,Haas,Azerbaijan Grand Prix,2023,Baku,,12.0,10.0,20.0,11.731707317073171,3.413388274456207,,0,0,47,True
OCO,31,Alpine,Azerbaijan Grand Prix,2023,Baku,,9.0,9.0,19.0,10.547619047619047,3.351027370330107,,0,0,49,False
NOR,4,McLaren,Azerbaijan Grand Prix,2023,Baku,,9.0,8.0,11.0,10.357142857142858,1.1438366882286906,,0,0,50,False
HAM,44,Mercedes,Azerbaijan Grand Prix,2023,Baku,,6.0,5.0,8.0,5.9523809523809526,0.5823577373595078,,0,0,50,False
SAI,55,Ferrari,Azerbaijan Grand Prix,2023,Baku,,5.0,4.0,5.0,4.813953488372093,0.39374961547907894,,0,0,50,False
RUS,63,Mercedes,Azerbaijan Grand Prix,2023,Baku,,8.0,7.0,9.0,8.142857142857142,0.41739193556484105,,0,0,48,False
BOT,77,Kick Sauber,Azerbaijan Grand Prix,2023,Baku,,18.0,17.0,20.0,18.36842105263158,0.6333545453261928,,0,0,49,False
PIA,81,McLaren,Azerbaijan Grand Prix,2023,Baku,,12.0,11.0,13.0,12.658536585365853,0.7283459376409321,,0,0,50,False
VER,1,Red Bull Racing,Miami Grand Prix,2023,Miami,9.0,1.0,1.0,9.0,2.2777777777777777,2.1493014807946116,8.0,34,0,56,False
PER,11,Red Bull Racing,Miami Grand Prix,2023,Miami,1.0,2.0,1.0,3.0,1.6666666666666667,0.5827715174143585,-1.0,21,0,56,False
ALO,14,Aston Martin,Miami Grand Prix,2023,Miami,2.0,3.0,2.0,5.0,2.740740740740741,0.6199569426675576,-1.0,0,0,56,False
RUS,63,Mercedes,Miami Grand Prix,2023,Miami,5.0,4.0,4.0,12.0,5.685185185185185,2.117528588602752,1.0,0,0,56,False
SAI,55,Ferrari,Miami Grand Prix,2023,Miami,3.0,5.0,3.0,6.0,4.314814814814815,0.8649151790471662,-2.0,0,0,56,False
HAM,44,Mercedes,Miami Grand Prix,2023,Miami,13.0,6.0,6.0,13.0,8.925925925925926,2.7324179067359027,7.0,0,0,56,False
LEC,16,Ferrari,Miami Grand Prix,2023,Miami,6.0,7.0,6.0,15.0,9.38888888888889,3.0493838948818466,-1.0,0,0,56,False
GAS,10,Alpine,Miami Grand Prix,2023,Miami,4.0,8.0,4.0,14.0,7.648148148148148,2.7551489183969124,-4.0,0,0,56,False
OCO,31,Alpine,Miami Grand Prix,2023,Miami,10.0,9.0,3.0,11.0,7.2592592592592595,2.5637913050879795,1.0,0,0,56,False
MAG,20,Haas,Miami Grand Prix,2023,Miami,7.0,10.0,7.0,15.0,10.11111111111111,2.408057752290169,-3.0,0,0,56,False
TSU,22,Racing Bulls,Miami Grand Prix,2023,Miami,15.0,11.0,8.0,15.0,11.537037037037036,2.4395558129790986,4.0,0,0,56,False
STR,18,Aston Martin,Miami Grand Prix,2023,Miami,17.0,12.0,7.0,17.0,12.481481481481481,2.8991914340637646,5.0,0,0,56,False
BOT,77,Kick Sauber,Miami Grand Prix,2023,Miami,8.0,13.0,8.0,16.0,12.38888888888889,2.2854475360969393,-5.0,0,0,56,False
ALB,23,Williams,Miami Grand Prix,2023,Miami,12.0,14.0,8.0,17.0,12.925925925925926,2.153118421686492,-2.0,0,0,56,False
HUL,27,Haas,Miami Grand Prix,2023,Miami,11.0,15.0,5.0,16.0,11.277777777777779,3.455466910900327,-4.0,0,0,56,False
ZHO,24,Kick Sauber,Miami Grand Prix,2023,Miami,16.0,16.0,10.0,17.0,15.074074074074074,1.8819084236923485,0.0,0,0,56,False
NOR,4,McLaren,Miami Grand Prix,2023,Miami,19.0,17.0,15.0,19.0,16.962962962962962,1.115296101862098,2.0,0,0,56,False
DEV,21,Racing Bulls,Miami Grand Prix,2023,Miami,20.0,18.0,17.0,20.0,18.12962962962963,0.7280445843774748,2.0,0,0,56,False
PIA,81,McLaren,Miami Grand Prix,2023,Miami,14.0,19.0,14.0,19.0,18.245283018867923,1.3142072834011223,-5.0,0,0,55,False
SAR,2,Williams,Miami Grand Prix,2023,Miami,18.0,20.0,18.0,20.0,19.962264150943398,0.27472112789737807,-2.0,0,0,55,False
VER,1,Red Bull Racing,Monaco Grand Prix,2023,Monaco,,1.0,1.0,1.0,1.0,0.0,,65,0,77,False
GAS,10,Alpine,Monaco Grand Prix,2023,Monaco,,7.0,3.0,8.0,6.317460317460317,1.4348810991023573,,0,0,77,False
PER,11,Red Bull Racing,Monaco Grand Prix,2023,Monaco,,17.0,15.0,19.0,17.228070175438596,1.3498352261830373,,0,0,75,False
ALO,14,Aston Martin,Monaco Grand Prix,2023,Monaco,,2.0,2.0,2.0,2.0,0.0,,0,0,77,False
LEC,16,Ferrari,Monaco Grand Prix,2023,Monaco,,6.0,3.0,8.0,5.5625,1.319872528717638,,0,0,77,False
STR,18,Aston Martin,Monaco Grand Prix,2023,Monaco,,16.0,15.0,17.0,15.595744680851064,0.8762463041684787,,0,0,53,True
SAR,2,Williams,Monaco Grand Prix,2023,Monaco,,18.0,15.0,20.0,18.338983050847457,1.9263165626936225,,0,0,75,False
MAG,20,Haas,Monaco Grand Prix,2023,Monaco,,19.0,12.0,19.0,15.203389830508474,1.9456375696178854,,0,0,70,True
DEV,21,Racing Bulls,Monaco Grand Prix,2023,Monaco,,12.0,12.0,13.0,12.125,0.3333333333333333,,0,0,76,False
TSU,22,Racing Bulls,Monaco Grand Prix,2023,Monaco,,15.0,9.0,15.0,9.671875,1.8860783829593792,,0,0,75,False
ALB,23,Williams,Monaco Grand Prix,2023,Monaco,,14.0,13.0,19.0,16.233333333333334,2.424218669631948,,0,0,76,False
ZHO,24,Kick Sauber,Monaco Grand Prix,2023,Monaco,,13.0,13.0,19.0,16.770491803278688,2.0768039758480725,,0,0,76,False
HUL,27,Haas,Monaco Grand Prix,2023,Monaco,,16.0,14.0,20.0,17.096774193548388,1.6267202991854888,,0,0,75,False
OCO,31,Alpine,Monaco Grand Prix,2023,Monaco,,3.0,3.0,6.0,3.671875,1.127642399412323,,0,0,77,False
NOR,4,McLaren,Monaco Grand Prix,2023,Monaco,,9.0,9.0,11.0,9.890625,0.40305135755309995,,0,0,76,False
HAM,44,Mercedes,Monaco Grand Prix,2023,Monaco,,4.0,4.0,8.0,5.46875,1.379771662728961,,0,0,77,False
SAI,55,Ferrari,Monaco Grand Prix,2023,Monaco,,8.0,3.0,8.0,5.53125,1.7454589608830635,,0,0,77,False
RUS,63,Mercedes,Monaco Grand Prix,2023,Monaco,,5.0,3.0,8.0,6.015151515151516,1.8016439009750917,,0,0,77,False
BOT,77,Kick Sauber,Monaco Grand Prix,2023,Monaco,,11.0,11.0,15.0,12.857142857142858,0.9479543826159239,,0,0,76,False
PIA,81,McLaren,Monaco Grand Prix,2023,Monaco,,10.0,9.0,11.0,10.787878787878787,0.44773452007434095,,0,0,76,False
VER,1,Red Bull Racing,Spanish Grand Prix,2023,Barcelona,1.0,1.0,1.0,1.0,1.0,0.0,0.0,61,0,65,False
HAM,44,Mercedes,Spanish Grand Prix,2023,Barcelona,4.0,2.0,2.0,4.0,2.3934426229508197,0.713645302294031,2.0,0,0,65,False
RUS,63,Mercedes,Spanish Grand Prix,2023,Barcelona,7.0,3.0,3.0,7.0,3.9508196721311477,1.3592427978865869,4.0,0,0,65,False
PER,11,Red Bull Racing,Spanish Grand Prix,2023,Barcelona,11.0,4.0,2.0,11.0,5.557377049180328,2.298728562806945,7.0,0,0,65,False
SAI,55,Ferrari,Spanish Grand Prix,2023,Barcelona,2.0,5.0,2.0,7.0,3.9672131147540983,1.4255667073688518,-3.0,0,0,65,False
STR,18,Aston Martin,Spanish Grand Prix,2023,Barcelona,3.0,6.0,3.0,12.0,5.918032786885246,1.9518801360672153,-3.0,0,0,65,False
ALO,14,Aston Martin,Spanish Grand Prix,2023,Barcelona,6.0,7.0,4.0,10.0,7.065573770491803,1.424416283476807,-1.0,0,0,65,False
OCO,31,Alpine,Spanish Grand Prix,2023,Barcelona,5.0,8.0,5.0,13.0,7.409836065573771,1.874184704347714,-3.0,0,0,65,False
ZHO,24,Kick Sauber,Spanish Grand Prix,2023,Barcelona,9.0,10.0,8.0,16.0,10.524590163934427,1.996718619611096,-1.0,0,0,65,False
GAS,10,Alpine,Spanish Grand Prix,2023,Barcelona,15.0,11.0,6.0,15.0,11.475409836065573,2.054317059081916,4.0,0,0,65,False
LEC,16,Ferrari,Spanish Grand Prix,2023,Barcelona,,12.0,7.0,19.0,13.033333333333333,2.517509306307453,,0,0,65,False
TSU,22,Racing Bulls,Spanish Grand Prix,2023,Barcelona,12.0,9.0,7.0,16.0,9.655737704918034,2.0967057169254764,3.0,0,0,65,False
PIA,81,McLaren,Spanish Grand Prix,2023,Barcelona,10.0,13.0,6.0,13.0,11.1,1.810515424318422,-3.0,0,0,64,False
DEV,21,Racing Bulls,Spanish Grand Prix,2023,Barcelona,16.0,14.0,10.0,19.0,14.633333333333333,1.6464308255365105,2.0,0,0,64,False
HUL,27,Haas,Spanish Grand Prix,2023,Barcelona,8.0,15.0,8.0,18.0,13.810344827586206,2.5986291700083703,-7.0,0,0,64,False
ALB,23,Williams,Spanish Grand Prix,2023,Barcelona,17.0,16.0,10.0,19.0,16.3,1.862202086286419,1.0,0,0,64,False
NOR,4,McLaren,Spanish Grand Prix,2023,Barcelona,,17.0,15.0,20.0,18.517241379310345,1.7192550335940318,,0,0,64,False
MAG,20,Haas,Spanish Grand Prix,2023,Barcelona,13.0,18.0,12.0,19.0,16.396551724137932,2.316528370268781,-5.0,0,0,64,False
BOT,77,Kick Sauber,Spanish Grand Prix,2023,Barcelona,18.0,19.0,15.0,20.0,17.916666666666668,1.8066887650575876,-1.0,0,0,64,False
SAR,2,Williams,Spanish Grand Prix,2023,Barcelona,,20.0,12.0,20.0,17.915254237288135,2.086806961920039,,0,0,64,False
VER,1,Red Bull Racing,Canadian Grand Prix,2023,Montréal,1.0,1.0,1.0,1.0,1.0,0.0,0.0,57,0,69,False
GAS,10,Alpine,Canadian Grand Prix,2023,Montréal,13.0,13.0,13.0,18.0,14.660714285714286,1.8904235765302173,0.0,0,0,69,False
PER,11,Red Bull Racing,Canadian Grand Prix,2023,Montréal,12.0,6.0,6.0,12.0,6.963636363636364,2.2023862173799236,6.0,0,0,67,False
ALO,14,Aston Martin,Canadian Grand Prix,2023,Montréal,3.0,2.0,2.0,3.0,2.245614035087719,0.4342769752451426,1.0,0,0,69,False
LEC,16,Ferrari,Canadian Grand Prix,2023,Montréal,9.0,4.0,4.0,9.0,4.771929824561403,1.8029494076141013,5.0,0,0,69,False
STR,18,Aston Martin,Canadian Grand Prix,2023,Montréal,14.0,11.0,11.0,19.0,13.258620689655173,2.2831214768734753,3.0,0,0,69,False
SAR,2,Williams,Canadian Grand Prix,2023,Montréal,18.0,18.0,18.0,18.0,18.0,0.0,0.0,0,0,6,True
MAG,20,Haas,Canadian Grand Prix,2023,Montréal,15.0,17.0,7.0,19.0,15.0,3.5161962919661303,-2.0,0,0,68,False
DEV,21,Racing Bulls,Canadian Grand Prix,2023,Montréal,17.0,18.0,13.0,19.0,17.428571428571427,1.277172201063283,-1.0,0,0,68,False
TSU,22,Racing Bulls,Canadian Grand Prix,2023,Montréal,,14.0,13.0,20.0,14.87719298245614,1.9645989725150061,,0,0,69,False
ALB,23,Williams,Canadian Grand Prix,2023,Montréal,10.0,7.0,6.0,12.0,8.711864406779661,2.0682396934527074,3.0,0,0,69,False
ZHO,24,Kick Sauber,Canadian Grand Prix,2023,Montréal,19.0,16.0,14.0,19.0,16.178571428571427,1.5737291306395065,3.0,0,0,68,False
HUL,27,Haas,Canadian Grand Prix,2023,Montréal,6.0,15.0,6.0,17.0,13.803571428571429,3.170429525572738,-9.0,0,0,68,False
OCO,31,Alpine,Canadian Grand Prix,2023,Montréal,5.0,8.0,5.0,9.0,7.620689655172414,1.3614696162718647,-3.0,0,0,69,False
NOR,4,McLaren,Canadian Grand Prix,2023,Montréal,8.0,9.0,7.0,11.0,9.655172413793103,1.116883573663964,-1.0,0,0,69,False
HAM,44,Mercedes,Canadian Grand Prix,2023,Montréal,2.0,3.0,2.0,3.0,2.754385964912281,0.4342769752451426,-1.0,0,0,69,False
SAI,55,Ferrari,Canadian Grand Prix,2023,Montréal,11.0,5.0,5.0,11.0,5.9298245614035086,2.170085985152983,6.0,0,0,69,False
RUS,63,Mercedes,Canadian Grand Prix,2023,Montréal,4.0,8.0,4.0,19.0,11.068181818181818,5.848465222136953,-4.0,0,0,53,True
BOT,77,Kick Sauber,Canadian Grand Prix,2023,Montréal,16.0,10.0,8.0,16.0,10.155172413793103,2.5047444393778124,6.0,0,0,69,False
PIA,81,McLaren,Canadian Grand Prix,2023,Montréal,7.0,12.0,6.0,13.0,11.017543859649123,2.1670522116969284,-5.0,0,0,69,False
VER,1,Red Bull Racing,Austrian Grand Prix,2023,Spielberg,,1.0,1.0,2.0,1.1578947368421053,0.36788360369097944,,48,0,68,False
GAS,10,Alpine,Austrian Grand Prix,2023,Spielberg,,9.0,6.0,10.0,8.491803278688524,0.9595650198513933,,0,0,70,False
PER,11,Red Bull Racing,Austrian Grand Prix,2023,Spielberg,,3.0,2.0,13.0,5.796610169491525,3.0893569301658497,,0,0,70,False
ALO,14,Aston Martin,Austrian Grand Prix,2023,Spielberg,,6.0,5.0,7.0,6.098360655737705,0.43607789949300285,,0,0,70,False
LEC,16,Ferrari,Austrian Grand Prix,2023,Spielberg,,2.0,1.0,3.0,1.8688524590163935,0.42721617619442487,,10,0,70,False
STR,18,Aston Martin,Austrian Grand Prix,2023,Spielberg,,10.0,7.0,15.0,10.610169491525424,2.0087476725952005,,0,0,70,False
SAR,2,Williams,Austrian Grand Prix,2023,Spielberg,,13.0,9.0,17.0,13.62295081967213,1.5723012267186542,,0,0,69,False
MAG,20,Haas,Austrian Grand Prix,2023,Spielberg,,19.0,9.0,20.0,16.19672131147541,2.4753428862223483,,0,0,69,False
DEV,21,Racing Bulls,Austrian Grand Prix,2023,Spielberg,,15.0,15.0,19.0,16.3,1.5870236506733635,,0,0,69,False
TSU,22,Racing Bulls,Austrian Grand Prix,2023,Spielberg,,17.0,8.0,18.0,16.224137931034484,2.4782782892336512,,0,0,69,False
ALB,23,Williams,Austrian Grand Prix,2023,Spielberg,,11.0,9.0,13.0,10.46774193548387,0.7403530822582607,,0,0,70,False
ZHO,24,Kick Sauber,Austrian Grand Prix,2023,Spielberg,,14.0,13.0,20.0,14.915254237288135,1.734916629152838,,0,0,69,False
HUL,27,Haas,Austrian Grand Prix,2023,Spielberg,,8.0,7.0,8.0,7.428571428571429,0.5345224838248488,,0,0,10,True
OCO,31,Alpine,Austrian Grand Prix,2023,Spielberg,,12.0,11.0,14.0,11.934426229508198,0.813815139922583,,0,0,69,False
NOR,4,McLaren,Austrian Grand Prix,2023,Spielberg,,5.0,4.0,7.0,4.885245901639344,0.7094213758582344,,0,0,70,False
HAM,44,Mercedes,Austrian Grand Prix,2023,Spielberg,,7.0,4.0,8.0,5.655737704918033,1.3023727820359186,,0,0,70,False
SAI,55,Ferrari,Austrian Grand Prix,2023,Spielberg,,4.0,2.0,5.0,3.2950819672131146,0.5580998206737443,,0,0,70,False
RUS,63,Mercedes,Austrian Grand Prix,2023,Spielberg,,8.0,8.0,12.0,8.935483870967742,1.1855823462482855,,0,0,70,False
BOT,77,Kick Sauber,Austrian Grand Prix,2023,Spielberg,,16.0,13.0,19.0,17.051724137931036,1.066596715794672,,0,0,69,False
PIA,81,McLaren,Austrian Grand Prix,2023,Spielberg,,18.0,13.0,19.0,17.71186440677966,1.8481197104235718,,0,0,69,False
VER,1,Red Bull Racing,British Grand Prix,2023,Silverstone,2.0,1.0,1.0,2.0,1.0888888888888888,0.28779903201415186,1.0,41,0,51,False
GAS,10,Alpine,British Grand Prix,2023,Silverstone,9.0,15.0,5.0,15.0,9.108108108108109,1.867615588922942,-6.0,0,0,45,True
PER,11,Red Bull Racing,British Grand Prix,2023,Silverstone,16.0,6.0,6.0,16.0,9.952380952380953,2.8537726929527816,10.0,0,0,51,False
ALO,14,Aston Martin,British Grand Prix,2023,Silverstone,7.0,7.0,4.0,8.0,6.886363636363637,0.9933712646058415,0.0,0,0,51,False
LEC,16,Ferrari,British Grand Prix,2023,Silverstone,4.0,9.0,4.0,12.0,7.5476190476190474,3.117240657175876,-5.0,0,0,51,False
STR,18,Aston Martin,British Grand Prix,2023,Silverstone,11.0,11.0,10.0,12.0,11.209302325581396,0.4658908279478053,0.0,0,0,51,False
SAR,2,Williams,British Grand Prix,2023,Silverstone,15.0,12.0,12.0,16.0,13.523809523809524,1.254029509865857,3.0,0,0,51,False
MAG,20,Haas,British Grand Prix,2023,Silverstone,20.0,14.0,14.0,20.0,17.548387096774192,1.7858463852828879,6.0,0,0,31,True
DEV,21,Racing Bulls,British Grand Prix,2023,Silverstone,17.0,17.0,14.0,18.0,15.904761904761905,1.4109246891713803,0.0,0,0,51,False
TSU,22,Racing Bulls,British Grand Prix,2023,Silverstone,13.0,16.0,13.0,18.0,15.452380952380953,1.7970488131104037,-3.0,0,0,51,False
ALB,23,Williams,British Grand Prix,2023,Silverstone,10.0,8.0,7.0,11.0,9.340909090909092,1.0771016625849856,2.0,0,0,51,False
ZHO,24,Kick Sauber,British Grand Prix,2023,Silverstone,19.0,15.0,15.0,19.0,16.738095238095237,1.2889686519967931,4.0,0,0,51,False
HUL,27,Haas,British Grand Prix,2023,Silverstone,14.0,14.0,14.0,20.0,17.023809523809526,2.311034983409215,0.0,0,0,51,False
OCO,31,Alpine,British Grand Prix,2023,Silverstone,12.0,12.0,12.0,12.0,12.0,0.0,0.0,0,0,8,True
NOR,4,McLaren,British Grand Prix,2023,Silverstone,1.0,2.0,1.0,2.0,1.9111111111111112,0.28779903201415186,-1.0,4,0,51,False
HAM,44,Mercedes,British Grand Prix,2023,Silverstone,8.0,3.0,3.0,8.0,5.431818181818182,1.9457494194738088,5.0,0,0,51,False
SAI,55,Ferrari,British Grand Prix,2023,Silverstone,6.0,10.0,5.0,12.0,7.190476190476191,2.0746800545355355,-4.0,0,0,51,False
RUS,63,Mercedes,British Grand Prix,2023,Silverstone,5.0,5.0,4.0,9.0,4.9523809523809526,0.9093653898798139,0.0,0,0,51,False
BOT,77,Kick Sauber,British Grand Prix,2023,Silverstone,18.0,13.0,13.0,19.0,15.613636363636363,2.048435694603568,5.0,0,0,51,False
PIA,81,McLaren,British Grand Prix,2023,Silverstone,3.0,4.0,3.0,5.0,3.357142857142857,0.5328903502931349,-1.0,0,0,51,False
VER,1,Red Bull Racing,Hungarian Grand Prix,2023,Budapest,,1.0,1.0,1.0,1.0,0.0,,63,0,68,False
NOR,4,McLaren,Hungarian Grand Prix,2023,Budapest,,2.0,2.0,4.0,2.380952380952381,0.5214301496093785,,0,0,69,False
PER,11,Red Bull Racing,Hungarian Grand Prix,2023,Budapest,,3.0,2.0,8.0,4.666666666666667,1.840406687173666,,0,0,69,False
HAM,44,Mercedes,Hungarian Grand Prix,2023,Budapest,,4.0,2.0,7.0,4.2063492063492065,1.0185177427109953,,0,0,69,False
PIA,81,McLaren,Hungarian Grand Prix,2023,Budapest,,5.0,2.0,5.0,3.4761904761904763,1.1338934190276815,,0,0,69,False
RUS,63,Mercedes,Hungarian Grand Prix,2023,Budapest,,7.0,5.0,13.0,8.619047619047619,2.3170376765322667,,0,0,69,False
LEC,16,Ferrari,Hungarian Grand Prix,2023,Budapest,,6.0,5.0,10.0,6.365079365079365,1.1115462537585885,,0,0,69,False
SAI,55,Ferrari,Hungarian Grand Prix,2023,Budapest,,8.0,4.0,10.0,6.650793650793651,0.8827875599984799,,0,0,69,False
ALO,14,Aston Martin,Hungarian Grand Prix,2023,Budapest,,9.0,3.0,10.0,8.317460317460318,1.2549951397592156,,0,0,69,False
STR,18,Aston Martin,Hungarian Grand Prix,2023,Budapest,,10.0,9.0,14.0,10.37704918032787,1.4278647744823914,,0,0,66,True
ALB,23,Williams,Hungarian Grand Prix,2023,Budapest,,11.0,11.0,17.0,12.741935483870968,2.0076532574941353,,0,0,68,False
BOT,77,Kick Sauber,Hungarian Grand Prix,2023,Budapest,,12.0,10.0,15.0,11.725806451612904,1.2034016654809334,,0,0,68,False
RIC,3,Racing Bulls,Hungarian Grand Prix,2023,Budapest,,13.0,9.0,18.0,14.870967741935484,2.582944507110289,,0,0,68,False
HUL,27,Haas,Hungarian Grand Prix,2023,Budapest,,14.0,9.0,16.0,12.82258064516129,2.1768091669063336,,0,0,68,False
TSU,22,Racing Bulls,Hungarian Grand Prix,2023,Budapest,,15.0,10.0,17.0,13.758064516129032,2.2300884630764055,,0,0,68,False
ZHO,24,Kick Sauber,Hungarian Grand Prix,2023,Budapest,,16.0,13.0,18.0,16.06451612903226,1.2528128056358212,,0,0,68,False
MAG,20,Haas,Hungarian Grand Prix,2023,Budapest,,17.0,11.0,18.0,16.080645161290324,2.026855653281333,,0,0,68,False
SAR,2,Williams,Hungarian Grand Prix,2023,Budapest,,15.0,12.0,18.0,16.016393442622952,1.4082116706268335,,0,0,66,True
VER,1,Red Bull Racing,Belgian Grand Prix,2023,Spa-Francorchamps,4.0,1.0,1.0,4.0,1.5405405405405406,0.9601676530283251,3.0,26,0,43,False
PER,11,Red Bull Racing,Belgian Grand Prix,2023,Spa-Francorchamps,1.0,2.0,1.0,2.0,1.6756756756756757,0.4745789978762495,-1.0,12,0,43,False
LEC,16,Ferrari,Belgian Grand Prix,2023,Spa-Francorchamps,2.0,3.0,2.0,3.0,2.8378378378378377,0.37368387661182234,-1.0,0,0,43,False
HAM,44,Mercedes,Belgian Grand Prix,2023,Spa-Francorchamps,3.0,4.0,3.0,4.0,3.914285714285714,0.2840286409986905,-1.0,0,0,41,False
ALO,14,Aston Martin,Belgian Grand Prix,2023,Spa-Francorchamps,6.0,5.0,4.0,8.0,5.27027027027027,0.8707802583076044,1.0,0,0,43,False
RUS,63,Mercedes,Belgian Grand Prix,2023,Spa-Francorchamps,11.0,6.0,6.0,11.0,6.794871794871795,1.472189332422744,5.0,0,0,43,False
NOR,4,McLaren,Belgian Grand Prix,2023,Spa-Francorchamps,7.0,7.0,7.0,18.0,10.567567567567568,4.180248135514742,0.0,0,0,43,False
OCO,31,Alpine,Belgian Grand Prix,2023,Spa-Francorchamps,13.0,8.0,7.0,14.0,10.243243243243244,1.6056394607999889,5.0,0,0,43,False
STR,18,Aston Martin,Belgian Grand Prix,2023,Spa-Francorchamps,9.0,9.0,5.0,18.0,8.23076923076923,2.728615790021501,0.0,0,0,43,False
TSU,22,Racing Bulls,Belgian Grand Prix,2023,Spa-Francorchamps,8.0,10.0,6.0,10.0,8.594594594594595,1.257410466427364,-2.0,0,0,43,False
GAS,10,Alpine,Belgian Grand Prix,2023,Spa-Francorchamps,16.0,11.0,6.0,16.0,10.153846153846153,2.4552678226563507,5.0,0,0,43,False
BOT,77,Kick Sauber,Belgian Grand Prix,2023,Spa-Francorchamps,12.0,12.0,11.0,17.0,13.297297297297296,1.4694077579620843,0.0,0,0,43,False
ZHO,24,Kick Sauber,Belgian Grand Prix,2023,Spa-Francorchamps,14.0,13.0,12.0,18.0,15.594594594594595,1.739403784497874,1.0,0,0,43,False
ALB,23,Williams,Belgian Grand Prix,2023,Spa-Francorchamps,10.0,14.0,7.0,17.0,11.6,2.8512123324484064,-4.0,0,0,43,False
MAG,20,Haas,Belgian Grand Prix,2023,Spa-Francorchamps,18.0,15.0,8.0,18.0,12.972972972972974,1.878038079227103,3.0,0,0,43,False
RIC,3,Racing Bulls,Belgian Grand Prix,2023,Spa-Francorchamps,19.0,16.0,12.0,19.0,15.243243243243244,1.77020722900841,3.0,0,0,43,False
SAR,2,Williams,Belgian Grand Prix,2023,Spa-Francorchamps,15.0,17.0,10.0,19.0,16.714285714285715,2.122310458126301,-2.0,0,0,43,False
HUL,27,Haas,Belgian Grand Prix,2023,Spa-Francorchamps,,18.0,8.0,19.0,14.694444444444445,2.572596736422941,,0,0,43,False
SAI,55,Ferrari,Belgian Grand Prix,2023,Spa-Francorchamps,5.0,19.0,5.0,19.0,15.666666666666666,4.789694820193478,-14.0,0,0,22,True
VER,1,Red Bull Racing,Dutch Grand Prix,2023,Zandvoort,1.0,1.0,1.0,4.0,1.2264150943396226,0.6691415118229493,0.0,46,0,71,False
GAS,10,Alpine,Dutch Grand Prix,2023,Zandvoort,,4.0,3.0,6.0,4.211538461538462,0.6050940118672359,,0,0,71,False
PER,11,Red Bull Racing,Dutch Grand Prix,2023,Zandvoort,,3.0,1.0,3.0,1.9622641509433962,0.5533903946423702,,9,0,71,False
ALO,14,Aston Martin,Dutch Grand Prix,2023,Zandvoort,3.0,2.0,2.0,6.0,3.169811320754717,0.8930468386502591,1.0,0,0,71,False
LEC,16,Ferrari,Dutch Grand Prix,2023,Zandvoort,,16.0,5.0,16.0,11.827586206896552,3.9011808241428776,,0,0,40,True
STR,18,Aston Martin,Dutch Grand Prix,2023,Zandvoort,8.0,11.0,7.0,19.0,15.764705882352942,2.977168018732686,-3.0,0,0,71,False
SAR,2,Williams,Dutch Grand Prix,2023,Zandvoort,14.0,20.0,13.0,20.0,19.0,2.3533936216582085,-6.0,0,0,14,True
MAG,20,Haas,Dutch Grand Prix,2023,Zandvoort,,15.0,7.0,18.0,13.288461538461538,3.7643140586068315,,0,0,71,False
TSU,22,Racing Bulls,Dutch Grand Prix,2023,Zandvoort,,13.0,4.0,13.0,8.796296296296296,2.309779288889363,,0,0,71,False
ALB,23,Williams,Dutch Grand Prix,2023,Zandvoort,4.0,8.0,3.0,15.0,7.824561403508772,2.99477406146073,-4.0,0,0,71,False
ZHO,24,Kick Sauber,Dutch Grand Prix,2023,Zandvoort,,13.0,2.0,17.0,10.0,4.629771334385279,,0,0,59,True
HUL,27,Haas,Dutch Grand Prix,2023,Zandvoort,10.0,12.0,10.0,19.0,14.290909090909091,2.4165534630400045,-2.0,0,0,71,False
OCO,31,Alpine,Dutch Grand Prix,2023,Zandvoort,12.0,10.0,6.0,12.0,8.50943396226415,1.4494381074354024,2.0,0,0,71,False
NOR,4,McLaren,Dutch Grand Prix,2023,Zandvoort,2.0,7.0,1.0,14.0,9.788461538461538,2.278084321302066,-5.0,1,0,71,False
LAW,40,Racing Bulls,Dutch Grand Prix,2023,Zandvoort,,14.0,11.0,18.0,16.215686274509803,2.300554067960117,,0,0,71,False
HAM,44,Mercedes,Dutch Grand Prix,2023,Zandvoort,11.0,6.0,6.0,16.0,10.666666666666666,2.6280537792569363,5.0,0,0,71,False
SAI,55,Ferrari,Dutch Grand Prix,2023,Zandvoort,5.0,5.0,3.0,10.0,5.153846153846154,1.3043609416351551,0.0,0,0,71,False
RUS,63,Mercedes,Dutch Grand Prix,2023,Zandvoort,6.0,17.0,3.0,19.0,13.058823529411764,5.025581616911151,-11.0,0,0,71,False
BOT,77,Kick Sauber,Dutch Grand Prix,2023,Zandvoort,9.0,16.0,9.0,17.0,15.290909090909091,1.7708830949633396,-7.0,0,0,71,False
PIA,81,McLaren,Dutch Grand Prix,2023,Zandvoort,7.0,9.0,6.0,16.0,11.4,2.5136663498798955,-2.0,0,0,71,False
VER,1,Red Bull Racing,Italian Grand Prix,2023,Monza,2.0,1.0,1.0,3.0,1.375,0.5309565835518204,1.0,31,0,50,False
GAS,10,Alpine,Italian Grand Prix,2023,Monza,17.0,15.0,15.0,19.0,16.869565217391305,1.1077243068997893,2.0,0,0,50,False
PER,11,Red Bull Racing,Italian Grand Prix,2023,Monza,5.0,2.0,2.0,6.0,3.8541666666666665,1.1296691915200234,3.0,0,0,50,False
ALO,14,Aston Martin,Italian Grand Prix,2023,Monza,11.0,9.0,7.0,12.0,9.854166666666666,0.8749366745068828,2.0,0,0,50,False
LEC,16,Ferrari,Italian Grand Prix,2023,Monza,3.0,4.0,2.0,6.0,3.5416666666666665,0.682870453847279,-1.0,0,0,50,False
STR,18,Aston Martin,Italian Grand Prix,2023,Monza,19.0,16.0,12.0,19.0,15.416666666666666,2.2769271317107553,3.0,0,0,50,False
SAR,2,Williams,Italian Grand Prix,2023,Monza,13.0,13.0,10.0,16.0,12.75,1.6821971448205926,0.0,0,0,50,False
MAG,20,Haas,Italian Grand Prix,2023,Monza,18.0,18.0,17.0,19.0,18.47826086956522,0.5472813793767887,0.0,0,0,50,False
ALB,23,Williams,Italian Grand Prix,2023,Monza,7.0,7.0,6.0,13.0,7.0625,2.11786976474606,0.0,0,0,50,False
ZHO,24,Kick Sauber,Italian Grand Prix,2023,Monza,15.0,14.0,12.0,17.0,14.673913043478262,1.4306851167820411,1.0,0,0,50,False
HUL,27,Haas,Italian Grand Prix,2023,Monza,10.0,17.0,10.0,17.0,14.130434782608695,2.6550471487939427,-7.0,0,0,50,False
OCO,31,Alpine,Italian Grand Prix,2023,Monza,16.0,15.0,10.0,19.0,14.944444444444445,2.848001248439177,1.0,0,0,38,True
NOR,4,McLaren,Italian Grand Prix,2023,Monza,8.0,8.0,3.0,9.0,7.395833333333333,0.9165054661613024,0.0,0,0,50,False
LAW,40,Racing Bulls,Italian Grand Prix,2023,Monza,12.0,12.0,11.0,16.0,12.73913043478261,1.4519685121883577,0.0,0,0,50,False
HAM,44,Mercedes,Italian Grand Prix,2023,Monza,9.0,6.0,1.0,9.0,7.541666666666667,2.3516253621637166,3.0,2,0,50,False
SAI,55,Ferrari,Italian Grand Prix,2023,Monza,1.0,3.0,1.0,7.0,2.0833333333333335,1.1267224796280984,-2.0,14,0,50,False
RUS,63,Mercedes,Italian Grand Prix,2023,Monza,4.0,5.0,4.0,9.0,4.958333333333333,1.0097046826172942,-1.0,0,0,50,False
BOT,77,Kick Sauber,Italian Grand Prix,2023,Monza,14.0,10.0,7.0,16.0,12.083333333333334,2.2862524695689075,4.0,0,0,50,False
PIA,81,McLaren,Italian Grand Prix,2023,Monza,6.0,11.0,1.0,14.0,8.021739130434783,2.752688628593931,-5.0,1,0,50,False
VER,1,Red Bull Racing,Singapore Grand Prix,2023,Singapore,,6.0,3.0,15.0,7.173913043478261,1.981069832479264,,0,0,61,False
GAS,10,Alpine,Singapore Grand Prix,2023,Singapore,,7.0,6.0,11.0,9.541666666666666,2.0624126888891032,,0,0,61,False
PER,11,Red Bull Racing,Singapore Grand Prix,2023,Singapore,,9.0,5.0,17.0,10.44186046511628,3.0574057286513763,,0,0,60,False
ALO,14,Aston Martin,Singapore Grand Prix,2023,Singapore,,16.0,6.0,17.0,9.4375,4.181551427451961,,0,0,60,False
LEC,16,Ferrari,Singapore Grand Prix,2023,Singapore,,5.0,2.0,7.0,3.9183673469387754,1.592125606093386,,0,0,61,False
SAR,2,Williams,Singapore Grand Prix,2023,Singapore,,15.0,15.0,18.0,16.604166666666668,1.124950747542826,,0,0,60,False
MAG,20,Haas,Singapore Grand Prix,2023,Singapore,,11.0,8.0,16.0,11.326530612244898,2.585115689722938,,0,0,60,False
ALB,23,Williams,Singapore Grand Prix,2023,Singapore,,12.0,10.0,16.0,13.934782608695652,1.6786525537273236,,0,0,60,False
ZHO,24,Kick Sauber,Singapore Grand Prix,2023,Singapore,,14.0,10.0,18.0,15.425531914893616,2.393330232588091,,0,0,60,False
HUL,27,Haas,Singapore Grand Prix,2023,Singapore,,13.0,9.0,15.0,11.680851063829786,1.7949976744410683,,0,0,60,False
OCO,31,Alpine,Singapore Grand Prix,2023,Singapore,,6.0,6.0,9.0,7.777777777777778,1.0450184170929677,,0,0,42,True
NOR,4,McLaren,Singapore Grand Prix,2023,Singapore,,2.0,2.0,5.0,3.1020408163265305,0.8227215496748094,,0,0,61,False
LAW,40,Racing Bulls,Singapore Grand Prix,2023,Singapore,,10.0,8.0,14.0,11.375,1.6710934119579794,,0,0,60,False
HAM,44,Mercedes,Singapore Grand Prix,2023,Singapore,,4.0,4.0,6.0,4.530612244897959,0.5439837932759934,,0,0,61,False
SAI,55,Ferrari,Singapore Grand Prix,2023,Singapore,,1.0,1.0,1.0,1.0,0.0,,49,0,61,False
RUS,63,Mercedes,Singapore Grand Prix,2023,Singapore,,3.0,2.0,4.0,2.7142857142857144,0.67700320038633,,0,0,61,False
BOT,77,Kick Sauber,Singapore Grand Prix,2023,Singapore,,15.0,13.0,17.0,16.615384615384617,0.9065662403697469,,0,0,51,True
PIA,81,McLaren,Singapore Grand Prix,2023,Singapore,,8.0,7.0,14.0,11.270833333333334,2.5825896893517757,,0,0,61,False
VER,1,Red Bull Racing,Japanese Grand Prix,2023,Suzuka,,1.0,1.0,3.0,1.0476190476190477,0.30860669992418377,,41,0,52,False
NOR,4,McLaren,Japanese Grand Prix,2023,Suzuka,,2.0,2.0,4.0,2.3333333333333335,0.6866911354074365,,0,0,52,False
PIA,81,McLaren,Japanese Grand Prix,2023,Suzuka,,3.0,2.0,7.0,3.372093023255814,1.0915968166810772,,0,0,52,False
LEC,16,Ferrari,Japanese Grand Prix,2023,Suzuka,,4.0,3.0,6.0,4.357142857142857,0.7265497673662351,,0,0,52,False
HAM,44,Mercedes,Japanese Grand Prix,2023,Suzuka,,5.0,5.0,10.0,6.476190476190476,1.0873573971677286,,0,0,52,False
SAI,55,Ferrari,Japanese Grand Prix,2023,Suzuka,,6.0,2.0,7.0,5.404761904761905,1.307754057013515,,0,0,52,False
RUS,63,Mercedes,Japanese Grand Prix,2023,Suzuka,,7.0,2.0,8.0,5.363636363636363,2.0583455660662544,,0,0,52,False
ALO,14,Aston Martin,Japanese Grand Prix,2023,Suzuka,,8.0,6.0,11.0,8.166666666666666,1.2280594779166085,,0,0,52,False
OCO,31,Alpine,Japanese Grand Prix,2023,Suzuka,,10.0,6.0,15.0,9.69767441860465,2.2942462578094944,,0,0,52,False
GAS,10,Alpine,Japanese Grand Prix,2023,Suzuka,,9.0,7.0,14.0,9.853658536585366,1.6364744973533212,,0,0,52,False
LAW,40,Racing Bulls,Japanese Grand Prix,2023,Suzuka,,11.0,9.0,15.0,11.425,1.4121723581881815,,0,0,51,False
TSU,22,Racing Bulls,Japanese Grand Prix,2023,Suzuka,,12.0,10.0,15.0,11.425,1.2380195102228024,,0,0,51,False
ZHO,24,Kick Sauber,Japanese Grand Prix,2023,Suzuka,,13.0,11.0,17.0,13.825,1.3375733864362598,,0,0,51,False
HUL,27,Haas,Japanese Grand Prix,2023,Suzuka,,14.0,10.0,18.0,13.31578947368421,1.6125397654077676,,0,0,51,False
MAG,20,Haas,Japanese Grand Prix,2023,Suzuka,,15.0,12.0,16.0,14.619047619047619,0.9615125521390879,,0,0,51,False
ALB,23,Williams,Japanese Grand Prix,2023,Suzuka,,16.0,14.0,18.0,16.666666666666668,1.0846522890932808,,0,0,25,True
SAR,2,Williams,Japanese Grand Prix,2023,Suzuka,,18.0,18.0,19.0,18.454545454545453,0.5222329678670934,,0,0,20,True
STR,18,Aston Martin,Japanese Grand Prix,2023,Suzuka,,12.0,9.0,14.0,11.363636363636363,1.7477257950106058,,0,0,19,True
PER,11,Red Bull Racing,Japanese Grand Prix,2023,Suzuka,,13.0,13.0,17.0,15.428571428571429,1.511857892036909,,0,0,11,True
BOT,77,Kick Sauber,Japanese Grand Prix,2023,Suzuka,,20.0,20.0,20.0,20.0,,,0,0,5,True
VER,1,Red Bull Racing,Qatar Grand Prix,2023,Lusail,,1.0,1.0,1.0,1.0,0.0,,44,0,56,False
PIA,81,McLaren,Qatar Grand Prix,2023,Lusail,,2.0,2.0,9.0,2.9318181818181817,1.6621326630053257,,0,0,56,False
NOR,4,McLaren,Qatar Grand Prix,2023,Lusail,,3.0,2.0,12.0,4.659090909090909,2.2715959129086625,,0,0,56,False
RUS,63,Mercedes,Qatar Grand Prix,2023,Lusail,,4.0,2.0,15.0,6.111111111111111,4.102229007293819,,0,0,56,False
LEC,16,Ferrari,Qatar Grand Prix,2023,Lusail,,5.0,3.0,12.0,6.25,2.5346436839625333,,0,0,56,False
ALO,14,Aston Martin,Qatar Grand Prix,2023,Lusail,,6.0,3.0,14.0,5.909090909090909,2.3705379805277818,,0,0,56,False
OCO,31,Alpine,Qatar Grand Prix,2023,Lusail,,7.0,5.0,16.0,8.772727272727273,2.9638412878735623,,0,0,56,False
BOT,77,Kick Sauber,Qatar Grand Prix,2023,Lusail,,8.0,3.0,15.0,9.553191489361701,3.2290024751111326,,0,0,56,False
ZHO,24,Kick Sauber,Qatar Grand Prix,2023,Lusail,,12.0,4.0,17.0,9.363636363636363,3.7669981207106584,,0,0,56,False
PER,11,Red Bull Racing,Qatar Grand Prix,2023,Lusail,,11.0,3.0,15.0,9.931818181818182,3.4600559699245577,,0,0,56,False
STR,18,Aston Martin,Qatar Grand Prix,2023,Lusail,,9.0,5.0,17.0,10.851063829787234,3.175851295693633,,0,0,56,False
GAS,10,Alpine,Qatar Grand Prix,2023,Lusail,,10.0,6.0,17.0,10.090909090909092,2.622072514369713,,0,0,56,False
ALB,23,Williams,Qatar Grand Prix,2023,Lusail,,13.0,2.0,15.0,9.955555555555556,3.8195404028349924,,0,0,56,False
MAG,20,Haas,Qatar Grand Prix,2023,Lusail,,14.0,8.0,17.0,13.622222222222222,2.145702776257794,,0,0,55,False
TSU,22,Racing Bulls,Qatar Grand Prix,2023,Lusail,,15.0,8.0,18.0,14.613636363636363,2.24350130315353,,0,0,55,False
HUL,27,Haas,Qatar Grand Prix,2023,Lusail,,16.0,5.0,18.0,14.681818181818182,3.8019133938775425,,0,0,55,False
LAW,40,Racing Bulls,Qatar Grand Prix,2023,Lusail,,17.0,10.0,18.0,15.891304347826088,2.1419436746361953,,0,0,55,False
SAR,2,Williams,Qatar Grand Prix,2023,Lusail,,17.0,8.0,18.0,14.7,3.445636921253231,,0,0,39,True
VER,1,Red Bull Racing,United States Grand Prix,2023,Austin,5.0,1.0,1.0,6.0,2.4313725490196076,1.5780355124113565,4.0,24,0,55,False
NOR,4,McLaren,United States Grand Prix,2023,Austin,1.0,3.0,1.0,5.0,1.9803921568627452,1.067524165130352,-2.0,20,0,55,False
SAI,55,Ferrari,United States Grand Prix,2023,Austin,3.0,4.0,3.0,7.0,4.647058823529412,0.8203299192828385,-1.0,0,0,55,False
PER,11,Red Bull Racing,United States Grand Prix,2023,Austin,9.0,5.0,2.0,9.0,6.254901960784314,1.3688409294713826,4.0,0,0,55,False
RUS,63,Mercedes,United States Grand Prix,2023,Austin,8.0,7.0,3.0,8.0,6.607843137254902,1.0784884120387945,1.0,0,0,55,False
GAS,10,Alpine,United States Grand Prix,2023,Austin,10.0,8.0,7.0,10.0,8.392156862745098,0.6950807542307302,2.0,0,0,55,False
STR,18,Aston Martin,United States Grand Prix,2023,Austin,,9.0,9.0,20.0,12.54,3.411923869284882,,0,0,55,False
TSU,22,Racing Bulls,United States Grand Prix,2023,Austin,12.0,10.0,9.0,13.0,9.89795918367347,0.9184429296183767,2.0,0,0,53,False
ALB,23,Williams,United States Grand Prix,2023,Austin,14.0,11.0,11.0,15.0,12.862745098039216,1.3859236319961825,3.0,0,0,55,False
SAR,2,Williams,United States Grand Prix,2023,Austin,17.0,12.0,12.0,17.0,15.0,1.61245154965971,5.0,0,0,55,False
HUL,27,Haas,United States Grand Prix,2023,Austin,,13.0,12.0,19.0,14.84,2.452487283871421,,0,0,55,False
BOT,77,Kick Sauber,United States Grand Prix,2023,Austin,15.0,14.0,12.0,16.0,14.843137254901961,1.1379375909004472,1.0,0,0,55,False
ZHO,24,Kick Sauber,United States Grand Prix,2023,Austin,11.0,15.0,11.0,18.0,14.54,2.4007651841418713,-4.0,0,0,54,False
MAG,20,Haas,United States Grand Prix,2023,Austin,,16.0,15.0,18.0,17.183673469387756,1.0930360886798123,,0,0,54,False
RIC,3,Racing Bulls,United States Grand Prix,2023,Austin,13.0,17.0,6.0,18.0,12.68,2.7585858548117272,-4.0,0,0,54,False
ALO,14,Aston Martin,United States Grand Prix,2023,Austin,,11.0,7.0,18.0,11.30232558139535,3.0592162373246783,,0,0,48,True
PIA,81,McLaren,United States Grand Prix,2023,Austin,6.0,6.0,6.0,6.0,6.0,0.0,0.0,0,0,9,True
OCO,31,Alpine,United States Grand Prix,2023,Austin,7.0,20.0,7.0,20.0,12.2,6.300793600809345,-13.0,0,0,5,True
HAM,44,Mercedes,United States Grand Prix,2023,Austin,4.0,2.0,1.0,4.0,2.607843137254902,0.8503747732041212,2.0,4,0,55,False
LEC,16,Ferrari,United States Grand Prix,2023,Austin,2.0,6.0,1.0,6.0,3.8867924528301887,1.5274460503942593,-4.0,2,0,55,False
VER,1,Red Bull Racing,Mexico City Grand Prix,2023,Mexico City,,1.0,1.0,7.0,1.5,1.2822120716208258,,49,0,70,False
GAS,10,Alpine,Mexico City Grand Prix,2023,Mexico City,,11.0,6.0,15.0,10.706896551724139,1.873252361579544,,0,0,70,False
ALO,14,Aston Martin,Mexico City Grand Prix,2023,Mexico City,,17.0,14.0,19.0,16.22222222222222,1.2897643441699198,,0,0,46,True
LEC,16,Ferrari,Mexico City Grand Prix,2023,Mexico City,,3.0,1.0,3.0,2.3,0.7657941485582804,,11,0,70,False
STR,18,Aston Martin,Mexico City Grand Prix,2023,Mexico City,,14.0,11.0,19.0,14.592592592592593,1.6992619765209112,,0,0,65,True
SAR,2,Williams,Mexico City Grand Prix,2023,Mexico City,,12.0,12.0,19.0,15.68421052631579,1.6600117763872524,,0,0,70,False
MAG,20,Haas,Mexico City Grand Prix,2023,Mexico City,,16.0,12.0,19.0,14.32,2.4276188608044165,,0,0,31,True
TSU,22,Racing Bulls,Mexico City Grand Prix,2023,Mexico City,,14.0,8.0,19.0,14.017543859649123,3.9210568367204246,,0,0,70,False
ALB,23,Williams,Mexico City Grand Prix,2023,Mexico City,,9.0,7.0,11.0,9.383333333333333,0.9036961141150639,,0,0,70,False
ZHO,24,Kick Sauber,Mexico City Grand Prix,2023,Mexico City,,16.0,10.0,18.0,14.894736842105264,2.9135411108325346,,0,0,70,False
HUL,27,Haas,Mexico City Grand Prix,2023,Mexico City,,13.0,8.0,16.0,10.068965517241379,2.1672366507939236,,0,0,70,False
RIC,3,Racing Bulls,Mexico City Grand Prix,2023,Mexico City,,7.0,4.0,7.0,5.483333333333333,1.0332057511908195,,0,0,70,False
OCO,31,Alpine,Mexico City Grand Prix,2023,Mexico City,,10.0,10.0,19.0,13.59322033898305,3.0688571615831,,0,0,70,False
NOR,4,McLaren,Mexico City Grand Prix,2023,Mexico City,,5.0,5.0,18.0,11.413793103448276,4.271630128702956,,0,0,70,False
HAM,44,Mercedes,Mexico City Grand Prix,2023,Mexico City,,2.0,2.0,6.0,3.033333333333333,1.1784314001976322,,0,0,70,False
SAI,55,Ferrari,Mexico City Grand Prix,2023,Mexico City,,4.0,2.0,4.0,3.4166666666666665,0.7431419023347088,,0,0,70,False
RUS,63,Mercedes,Mexico City Grand Prix,2023,Mexico City,,6.0,5.0,9.0,5.916666666666667,1.0299196392325163,,0,0,70,False
BOT,77,Kick Sauber,Mexico City Grand Prix,2023,Mexico City,,15.0,9.0,15.0,12.46551724137931,1.3792385038762196,,0,0,70,False
PIA,81,McLaren,Mexico City Grand Prix,2023,Mexico City,,8.0,5.0,8.0,6.783333333333333,0.8847419745789848,,0,0,70,False
VER,1,Red Bull Racing,São Paulo Grand Prix,2023,São Paulo,,1.0,1.0,2.0,1.0317460317460319,0.17673143177130224,,61,0,70,False
NOR,4,McLaren,São Paulo Grand Prix,2023,São Paulo,,2.0,1.0,2.0,1.9682539682539681,0.17673143177130224,,2,0,70,False
ALO,14,Aston Martin,São Paulo Grand Prix,2023,São Paulo,,4.0,3.0,5.0,3.126984126984127,0.45762583293536874,,0,0,70,False
PER,11,Red Bull Racing,São Paulo Grand Prix,2023,São Paulo,,3.0,3.0,9.0,4.777777777777778,1.1701177834902534,,0,0,70,False
STR,18,Aston Martin,São Paulo Grand Prix,2023,São Paulo,,5.0,3.0,9.0,5.476190476190476,1.293371972754874,,0,0,70,False
SAI,55,Ferrari,São Paulo Grand Prix,2023,São Paulo,,6.0,4.0,8.0,6.476190476190476,1.293371972754874,,0,0,70,False
GAS,10,Alpine,São Paulo Grand Prix,2023,São Paulo,,7.0,5.0,12.0,8.126984126984127,1.396909763313564,,0,0,70,False
HAM,44,Mercedes,São Paulo Grand Prix,2023,São Paulo,,8.0,4.0,10.0,6.7936507936507935,1.7612196118739312,,0,0,70,False
TSU,22,Racing Bulls,São Paulo Grand Prix,2023,São Paulo,,9.0,5.0,13.0,9.380952380952381,1.9709877287106863,,0,0,70,False
OCO,31,Alpine,São Paulo Grand Prix,2023,São Paulo,,10.0,8.0,14.0,10.95,1.5340762140482052,,0,0,69,False
SAR,2,Williams,São Paulo Grand Prix,2023,São Paulo,,11.0,11.0,15.0,12.32258064516129,1.5016296453354927,,0,0,69,False
HUL,27,Haas,São Paulo Grand Prix,2023,São Paulo,,12.0,9.0,15.0,12.82258064516129,1.0166514232226112,,0,0,69,False
RIC,3,Racing Bulls,São Paulo Grand Prix,2023,São Paulo,,13.0,13.0,17.0,14.741935483870968,1.240511315401148,,0,0,69,False
PIA,81,McLaren,São Paulo Grand Prix,2023,São Paulo,,14.0,14.0,17.0,15.60655737704918,1.0372831263223197,,0,0,68,False
RUS,63,Mercedes,São Paulo Grand Prix,2023,São Paulo,,9.0,5.0,11.0,7.775510204081633,2.0642321627590023,,0,0,56,True
BOT,77,Kick Sauber,São Paulo Grand Prix,2023,São Paulo,,11.0,9.0,13.0,11.393939393939394,1.2484839290964547,,0,0,38,True
ZHO,24,Kick Sauber,São Paulo Grand Prix,2023,São Paulo,,14.0,12.0,15.0,13.875,0.6191391873668903,,0,0,21,True
VER,1,Red Bull Racing,Las Vegas Grand Prix,2023,Las Vegas,,1.0,1.0,9.0,2.8484848484848486,2.5015146926563827,,18,0,49,False
GAS,10,Alpine,Las Vegas Grand Prix,2023,Las Vegas,,11.0,3.0,11.0,6.21875,2.3381047604775413,,0,0,49,False
PER,11,Red Bull Racing,Las Vegas Grand Prix,2023,Las Vegas,,2.0,1.0,16.0,4.742857142857143,5.0546592201584435,,7,0,49,False
ALO,14,Aston Martin,Las Vegas Grand Prix,2023,Las Vegas,,9.0,5.0,17.0,10.771428571428572,3.473307580134314,,0,0,49,False
LEC,16,Ferrari,Las Vegas Grand Prix,2023,Las Vegas,,3.0,1.0,3.0,1.9393939393939394,0.7044232543095956,,9,0,49,False
STR,18,Aston Martin,Las Vegas Grand Prix,2023,Las Vegas,,6.0,2.0,15.0,7.6,3.986742736502924,,0,0,49,False
SAR,2,Williams,Las Vegas Grand Prix,2023,Las Vegas,,16.0,6.0,17.0,12.454545454545455,3.58024884863913,,0,0,49,False
MAG,20,Haas,Las Vegas Grand Prix,2023,Las Vegas,,13.0,7.0,17.0,13.294117647058824,2.5764600069781665,,0,0,49,False
TSU,22,Racing Bulls,Las Vegas Grand Prix,2023,Las Vegas,,18.0,11.0,19.0,17.79310344827586,2.210030871549529,,0,0,45,True
ALB,23,Williams,Las Vegas Grand Prix,2023,Las Vegas,,12.0,5.0,12.0,8.636363636363637,2.793051443070171,,0,0,49,False
ZHO,24,Kick Sauber,Las Vegas Grand Prix,2023,Las Vegas,,15.0,7.0,15.0,11.457142857142857,2.048569904948861,,0,0,49,False
HUL,27,Haas,Las Vegas Grand Prix,2023,Las Vegas,,15.0,9.0,18.0,14.96774193548387,2.2432695033178973,,0,0,45,True
RIC,3,Racing Bulls,Las Vegas Grand Prix,2023,Las Vegas,,14.0,13.0,18.0,16.125,1.497309414874216,,0,0,49,False
OCO,31,Alpine,Las Vegas Grand Prix,2023,Las Vegas,,4.0,2.0,12.0,6.0,2.412090756622109,,0,0,49,False
HAM,44,Mercedes,Las Vegas Grand Prix,2023,Las Vegas,,8.0,5.0,18.0,12.242424242424242,3.345055147436876,,0,0,49,False
SAI,55,Ferrari,Las Vegas Grand Prix,2023,Las Vegas,,7.0,4.0,18.0,9.8,4.078638757924887,,0,0,49,False
RUS,63,Mercedes,Las Vegas Grand Prix,2023,Las Vegas,,5.0,3.0,9.0,6.484848484848484,2.373304817670027,,0,0,49,False
BOT,77,Kick Sauber,Las Vegas Grand Prix,2023,Las Vegas,,17.0,12.0,19.0,17.46875,1.9004986612177137,,0,0,49,False
PIA,81,McLaren,Las Vegas Grand Prix,2023,Las Vegas,,10.0,3.0,13.0,7.033333333333333,3.2107935782760704,,0,0,49,False
VER,1,Red Bull Racing,Abu Dhabi Grand Prix,2023,Yas Marina,1.0,1.0,1.0,4.0,1.169811320754717,0.5796500620932948,0.0,48,0,57,False
LEC,16,Ferrari,Abu Dhabi Grand Prix,2023,Yas Marina,2.0,2.0,2.0,5.0,2.30188679245283,0.7228391048864024,0.0,0,0,57,False
RUS,63,Mercedes,Abu Dhabi Grand Prix,2023,Yas Marina,5.0,4.0,3.0,9.0,4.226415094339623,1.436361715665423,1.0,0,0,57,False
PER,11,Red Bull Racing,Abu Dhabi Grand Prix,2023,Yas Marina,10.0,3.0,2.0,12.0,5.849056603773585,2.769311400213017,7.0,0,0,57,False
NOR,4,McLaren,Abu Dhabi Grand Prix,2023,Yas Marina,4.0,5.0,3.0,10.0,4.943396226415095,1.854465445886088,-1.0,0,0,57,False
PIA,81,McLaren,Abu Dhabi Grand Prix,2023,Yas Marina,3.0,6.0,3.0,14.0,6.245283018867925,2.156436344254446,-3.0,0,0,57,False
ALO,14,Aston Martin,Abu Dhabi Grand Prix,2023,Yas Marina,7.0,7.0,5.0,16.0,8.339622641509434,2.156772840526176,0.0,0,0,57,False
TSU,22,Racing Bulls,Abu Dhabi Grand Prix,2023,Yas Marina,6.0,8.0,1.0,10.0,6.090909090909091,2.271177923071893,-2.0,4,0,57,False
HAM,44,Mercedes,Abu Dhabi Grand Prix,2023,Yas Marina,9.0,9.0,7.0,14.0,9.849056603773585,1.6686731995014472,0.0,0,0,57,False
STR,18,Aston Martin,Abu Dhabi Grand Prix,2023,Yas Marina,12.0,10.0,2.0,13.0,9.735849056603774,2.9557697383268384,2.0,0,0,57,False
RIC,3,Racing Bulls,Abu Dhabi Grand Prix,2023,Yas Marina,15.0,11.0,8.0,19.0,13.622641509433961,2.7472112789737806,4.0,0,0,57,False
OCO,31,Alpine,Abu Dhabi Grand Prix,2023,Yas Marina,11.0,12.0,8.0,15.0,11.472727272727273,1.4123076133097898,-1.0,0,0,57,False
GAS,10,Alpine,Abu Dhabi Grand Prix,2023,Yas Marina,8.0,13.0,5.0,17.0,12.415094339622641,3.3822725761520793,-5.0,0,0,57,False
ALB,23,Williams,Abu Dhabi Grand Prix,2023,Yas Marina,17.0,14.0,11.0,19.0,15.849056603773585,2.069896192260471,3.0,0,0,57,False
HUL,27,Haas,Abu Dhabi Grand Prix,2023,Yas Marina,13.0,16.0,13.0,19.0,15.566037735849056,1.293614999827766,-3.0,0,0,57,False
SAR,2,Williams,Abu Dhabi Grand Prix,2023,Yas Marina,20.0,17.0,14.0,20.0,18.169811320754718,1.751217697847413,3.0,0,0,57,False
ZHO,24,Kick Sauber,Abu Dhabi Grand Prix,2023,Yas Marina,18.0,18.0,14.0,20.0,17.09433962264151,1.2444360932288265,0.0,0,0,57,False
SAI,55,Ferrari,Abu Dhabi Grand Prix,2023,Yas Marina,14.0,10.0,3.0,16.0,10.60377358490566,3.0843252761809716,4.0,0,0,55,False
BOT,77,Kick Sauber,Abu Dhabi Grand Prix,2023,Yas Marina,16.0,19.0,7.0,19.0,15.666666666666666,3.4531910317685566,-3.0,0,0,56,False
MAG,20,Haas,Abu Dhabi Grand Prix,2023,Yas Marina,19.0,20.0,17.0,20.0,19.365384615384617,1.0103163192073619,-1.0,0,0,56,False
VER,1,Red Bull Racing,Bahrain Grand Prix,2024,Sakhir,,1.0,1.0,1.0,1.0,0.0,,49,0,56,False
PER,11,Red Bull Racing,Bahrain Grand Prix,2024,Sakhir,,2.0,2.0,6.0,2.36,0.8270922757788645,,0,0,56,False
SAI,55,Ferrari,Bahrain Grand Prix,2024,Sakhir,,3.0,2.0,5.0,3.34,0.8233827686279749,,0,0,56,False
LEC,16,Ferrari,Bahrain Grand Prix,2024,Sakhir,,4.0,2.0,9.0,4.58,1.1082252773268269,,0,0,56,False
RUS,63,Mercedes,Bahrain Grand Prix,2024,Sakhir,,5.0,2.0,9.0,4.14,1.3402710660953046,,0,0,56,False
NOR,4,McLaren,Bahrain Grand Prix,2024,Sakhir,,6.0,4.0,8.0,6.0,0.4948716593053935,,0,0,56,False
HAM,44,Mercedes,Bahrain Grand Prix,2024,Sakhir,,7.0,7.0,11.0,7.88,0.895339406628137,,0,0,56,False
PIA,81,McLaren,Bahrain Grand Prix,2024,Sakhir,,8.0,6.0,10.0,7.62,0.8053393251117374,,0,0,56,False
ALO,14,Aston Martin,Bahrain Grand Prix,2024,Sakhir,,9.0,3.0,11.0,8.3,1.5016997172591884,,0,0,56,False
STR,18,Aston Martin,Bahrain Grand Prix,2024,Sakhir,,10.0,9.0,19.0,12.568627450980392,3.238857217975404,,0,0,56,False
ZHO,24,Kick Sauber,Bahrain Grand Prix,2024,Sakhir,,11.0,9.0,17.0,11.64,1.7351115943644546,,0,0,55,False
MAG,20,Haas,Bahrain Grand Prix,2024,Sakhir,,12.0,11.0,16.0,12.53061224489796,1.0626625525914952,,0,0,55,False
RIC,3,Racing Bulls,Bahrain Grand Prix,2024,Sakhir,,13.0,10.0,16.0,14.244897959183673,1.2505101000008283,,0,0,55,False
TSU,22,Racing Bulls,Bahrain Grand Prix,2024,Sakhir,,14.0,5.0,15.0,11.489795918367347,1.8610307289643715,,0,0,55,False
ALB,23,Williams,Bahrain Grand Prix,2024,Sakhir,,15.0,5.0,16.0,13.040816326530612,2.4660966430902955,,0,0,55,False
HUL,27,Haas,Bahrain Grand Prix,2024,Sakhir,,16.0,12.0,20.0,17.19148936170213,2.0284744521795774,,0,0,55,False
OCO,31,Alpine,Bahrain Grand Prix,2024,Sakhir,,17.0,14.0,18.0,16.12,0.848528137423857,,0,0,55,False
GAS,10,Alpine,Bahrain Grand Prix,2024,Sakhir,,18.0,14.0,19.0,17.72340425531915,0.9487320522349927,,0,0,55,False
BOT,77,Kick Sauber,Bahrain Grand Prix,2024,Sakhir,,19.0,15.0,19.0,18.244897959183675,1.0710316725183318,,0,0,55,False
SAR,2,Williams,Bahrain Grand Prix,2024,Sakhir,,20.0,13.0,20.0,18.95744680851064,2.330865176267226,,0,0,54,False
VER,1,Red Bull Racing,Saudi Arabian Grand Prix,2024,Jeddah,1.0,1.0,1.0,2.0,1.065217391304348,0.24963741822833793,0.0,43,0,49,False
PER,11,Red Bull Racing,Saudi Arabian Grand Prix,2024,Jeddah,3.0,2.0,2.0,4.0,2.3043478260869565,0.5914037995365605,1.0,0,0,49,False
ALO,14,Aston Martin,Saudi Arabian Grand Prix,2024,Jeddah,4.0,5.0,4.0,7.0,6.2,1.013544635066817,-1.0,0,0,49,False
LEC,16,Ferrari,Saudi Arabian Grand Prix,2024,Jeddah,2.0,3.0,2.0,5.0,3.4130434782608696,0.7767764430723149,-1.0,0,0,49,False
STR,18,Aston Martin,Saudi Arabian Grand Prix,2024,Jeddah,9.0,9.0,9.0,9.0,9.0,0.0,0.0,0,0,5,True
SAR,2,Williams,Saudi Arabian Grand Prix,2024,Jeddah,18.0,15.0,15.0,18.0,16.204545454545453,0.8512520315051524,3.0,0,0,48,False
MAG,20,Haas,Saudi Arabian Grand Prix,2024,Jeddah,12.0,11.0,11.0,13.0,11.977777777777778,0.5834415484039857,1.0,0,0,49,False
TSU,22,Racing Bulls,Saudi Arabian Grand Prix,2024,Jeddah,10.0,14.0,10.0,15.0,13.159090909090908,1.5087833049549504,-4.0,0,0,48,False
ALB,23,Williams,Saudi Arabian Grand Prix,2024,Jeddah,13.0,12.0,12.0,15.0,14.066666666666666,1.1361818036340359,1.0,0,0,49,False
ZHO,24,Kick Sauber,Saudi Arabian Grand Prix,2024,Jeddah,19.0,18.0,10.0,19.0,12.69047619047619,3.5094860664545733,1.0,0,0,48,False
HUL,27,Haas,Saudi Arabian Grand Prix,2024,Jeddah,14.0,10.0,8.0,14.0,10.30232558139535,1.5816640381471998,4.0,0,0,49,False
RIC,3,Racing Bulls,Saudi Arabian Grand Prix,2024,Jeddah,15.0,16.0,15.0,18.0,16.931818181818183,0.9740284908857042,-1.0,0,0,48,False
OCO,31,Alpine,Saudi Arabian Grand Prix,2024,Jeddah,16.0,13.0,12.0,16.0,13.75,0.9674949672364745,3.0,0,0,48,False
BEA,38,Ferrari,Saudi Arabian Grand Prix,2024,Jeddah,11.0,7.0,7.0,11.0,8.977777777777778,1.4379418512849427,4.0,0,0,49,False
NOR,4,McLaren,Saudi Arabian Grand Prix,2024,Jeddah,6.0,8.0,1.0,8.0,4.604651162790698,2.3718541559969584,-2.0,3,0,49,False
HAM,44,Mercedes,Saudi Arabian Grand Prix,2024,Jeddah,8.0,9.0,3.0,9.0,6.27906976744186,2.07393783939714,-1.0,0,0,49,False
RUS,63,Mercedes,Saudi Arabian Grand Prix,2024,Jeddah,7.0,6.0,6.0,9.0,7.4222222222222225,0.9883155754958417,1.0,0,0,49,False
BOT,77,Kick Sauber,Saudi Arabian Grand Prix,2024,Jeddah,17.0,17.0,16.0,18.0,17.238095238095237,0.6917465985186606,0.0,0,0,48,False
PIA,81,McLaren,Saudi Arabian Grand Prix,2024,Jeddah,5.0,4.0,4.0,6.0,5.195652173913044,0.957300956216459,1.0,0,0,49,False
VER,1,Red Bull Racing,Australian Grand Prix,2024,Melbourne,1.0,2.0,1.0,2.0,1.6666666666666667,0.5773502691896257,-1.0,1,0,3,True
GAS,10,Alpine,Australian Grand Prix,2024,Melbourne,17.0,14.0,6.0,17.0,12.647058823529411,2.9381867157263146,3.0,0,0,55,False
PER,11,Red Bull Racing,Australian Grand Prix,2024,Melbourne,7.0,5.0,3.0,10.0,5.54,1.2811028412254493,2.0,0,0,56,False
ALO,14,Aston Martin,Australian Grand Prix,2024,Melbourne,11.0,6.0,2.0,11.0,5.9423076923076925,2.080850707805575,5.0,0,0,56,False
LEC,16,Ferrari,Australian Grand Prix,2024,Melbourne,4.0,2.0,2.0,5.0,2.64,0.9424241429983223,2.0,0,0,56,False
STR,18,Aston Martin,Australian Grand Prix,2024,Melbourne,8.0,8.0,7.0,10.0,8.14,0.728711471134677,0.0,0,0,56,False
MAG,20,Haas,Australian Grand Prix,2024,Melbourne,13.0,11.0,11.0,15.0,12.137254901960784,1.3859236319961827,2.0,0,0,56,False
TSU,22,Racing Bulls,Australian Grand Prix,2024,Melbourne,9.0,9.0,6.0,12.0,9.24,1.116846873468118,0.0,0,0,56,False
ALB,23,Williams,Australian Grand Prix,2024,Melbourne,14.0,12.0,10.0,14.0,12.16,1.3303367687797503,2.0,0,0,55,False
ZHO,24,Kick Sauber,Australian Grand Prix,2024,Melbourne,,16.0,11.0,19.0,15.4375,2.0096178317747966,,0,0,55,False
HUL,27,Haas,Australian Grand Prix,2024,Melbourne,16.0,10.0,5.0,16.0,10.384615384615385,2.442707001715364,6.0,0,0,56,False
RIC,3,Racing Bulls,Australian Grand Prix,2024,Melbourne,18.0,13.0,12.0,18.0,14.44,1.820069520986627,5.0,0,0,55,False
OCO,31,Alpine,Australian Grand Prix,2024,Melbourne,15.0,17.0,8.0,17.0,15.612244897959183,1.83503322552359,-2.0,0,0,55,False
NOR,4,McLaren,Australian Grand Prix,2024,Melbourne,3.0,3.0,2.0,5.0,2.92,0.7782764841072135,0.0,0,0,56,False
HAM,44,Mercedes,Australian Grand Prix,2024,Melbourne,10.0,11.0,9.0,12.0,10.384615384615385,0.960768922830523,-1.0,0,0,15,True
SAI,55,Ferrari,Australian Grand Prix,2024,Melbourne,2.0,1.0,1.0,2.0,1.0192307692307692,0.1386750490563073,1.0,51,0,57,False
RUS,63,Mercedes,Australian Grand Prix,2024,Melbourne,6.0,7.0,5.0,9.0,6.68,1.0961900624714787,-1.0,0,0,56,False
BOT,77,Kick Sauber,Australian Grand Prix,2024,Melbourne,12.0,15.0,10.0,18.0,15.142857142857142,1.8819316317727022,-3.0,0,0,55,False
PIA,81,McLaren,Australian Grand Prix,2024,Melbourne,5.0,4.0,3.0,7.0,3.92,0.8533248298896045,1.0,0,0,56,False
VER,1,Red Bull Racing,Japanese Grand Prix,2024,Suzuka,,1.0,1.0,2.0,1.0666666666666667,0.2522624895547565,,42,0,52,False
PER,11,Red Bull Racing,Japanese Grand Prix,2024,Suzuka,,2.0,2.0,5.0,2.4,0.7804427647758093,,0,0,52,False
SAI,55,Ferrari,Japanese Grand Prix,2024,Suzuka,,3.0,1.0,7.0,3.911111111111111,1.2399087617134321,,1,0,52,False
LEC,16,Ferrari,Japanese Grand Prix,2024,Suzuka,,4.0,1.0,7.0,4.085106382978723,1.9204821318802767,,4,0,52,False
NOR,4,McLaren,Japanese Grand Prix,2024,Suzuka,,5.0,3.0,8.0,4.6,1.436536238191144,,0,0,52,False
ALO,14,Aston Martin,Japanese Grand Prix,2024,Suzuka,,6.0,4.0,8.0,5.977777777777778,1.3397572522473968,,0,0,52,False
RUS,63,Mercedes,Japanese Grand Prix,2024,Suzuka,,8.0,3.0,10.0,7.431818181818182,1.6621326630053257,,0,0,52,False
PIA,81,McLaren,Japanese Grand Prix,2024,Suzuka,,7.0,5.0,9.0,7.2,1.3584750809104105,,0,0,52,False
HAM,44,Mercedes,Japanese Grand Prix,2024,Suzuka,,9.0,4.0,9.0,7.863636363636363,1.2312011357964503,,0,0,52,False
TSU,22,Racing Bulls,Japanese Grand Prix,2024,Suzuka,,10.0,9.0,16.0,11.44186046511628,2.038934427369861,,0,0,51,False
HUL,27,Haas,Japanese Grand Prix,2024,Suzuka,,12.0,10.0,18.0,13.704545454545455,2.529634089308731,,0,0,51,False
STR,18,Aston Martin,Japanese Grand Prix,2024,Suzuka,,11.0,10.0,16.0,12.333333333333334,1.4426714154678917,,0,0,51,False
MAG,20,Haas,Japanese Grand Prix,2024,Suzuka,,13.0,9.0,15.0,11.977777777777778,1.529837913114994,,0,0,51,False
BOT,77,Kick Sauber,Japanese Grand Prix,2024,Suzuka,,14.0,11.0,15.0,13.116279069767442,1.2948488112808014,,0,0,51,False
OCO,31,Alpine,Japanese Grand Prix,2024,Suzuka,,15.0,10.0,16.0,14.136363636363637,2.018414172480512,,0,0,51,False
GAS,10,Alpine,Japanese Grand Prix,2024,Suzuka,,16.0,13.0,17.0,15.954545454545455,1.3969159628224457,,0,0,51,False
SAR,2,Williams,Japanese Grand Prix,2024,Suzuka,,17.0,11.0,18.0,14.86046511627907,2.053816370389028,,0,0,51,False
ZHO,24,Kick Sauber,Japanese Grand Prix,2024,Suzuka,,18.0,16.0,18.0,16.666666666666668,1.0327955589886446,,0,0,10,True
VER,1,Red Bull Racing,Chinese Grand Prix,2024,Shanghai,1.0,1.0,1.0,3.0,1.119047619047619,0.39523879490023855,0.0,38,0,55,False
GAS,10,Alpine,Chinese Grand Prix,2024,Shanghai,14.0,13.0,9.0,20.0,14.948717948717949,2.5950227455520545,1.0,0,0,55,False
PER,11,Red Bull Racing,Chinese Grand Prix,2024,Shanghai,3.0,3.0,2.0,6.0,3.1707317073170733,0.8632044666355198,0.0,0,0,55,False
ALO,14,Aston Martin,Chinese Grand Prix,2024,Shanghai,2.0,7.0,2.0,11.0,5.589743589743589,2.1608715190860615,-5.0,0,0,55,False
LEC,16,Ferrari,Chinese Grand Prix,2024,Shanghai,7.0,4.0,2.0,7.0,4.3023255813953485,1.504515168242869,3.0,0,0,55,False
STR,18,Aston Martin,Chinese Grand Prix,2024,Shanghai,10.0,16.0,8.0,18.0,13.692307692307692,3.8672297044582877,-6.0,0,0,55,False
SAR,2,Williams,Chinese Grand Prix,2024,Shanghai,,17.0,12.0,20.0,15.875,2.6620553077534774,,0,0,55,False
MAG,20,Haas,Chinese Grand Prix,2024,Shanghai,18.0,15.0,8.0,20.0,14.390243902439025,2.791756156798869,3.0,0,0,55,False
TSU,22,Racing Bulls,Chinese Grand Prix,2024,Shanghai,16.0,15.0,14.0,17.0,15.764705882352942,0.7524469885568252,1.0,0,0,19,True
ALB,23,Williams,Chinese Grand Prix,2024,Shanghai,13.0,12.0,11.0,19.0,13.24390243902439,2.058889115577598,1.0,0,0,55,False
ZHO,24,Kick Sauber,Chinese Grand Prix,2024,Shanghai,17.0,14.0,13.0,20.0,16.46153846153846,1.9309958413397101,3.0,0,0,55,False
HUL,27,Haas,Chinese Grand Prix,2024,Shanghai,8.0,10.0,8.0,14.0,10.097560975609756,1.300093805246,-2.0,0,0,55,False
RIC,3,Racing Bulls,Chinese Grand Prix,2024,Shanghai,15.0,12.0,7.0,17.0,13.222222222222221,3.040037839461785,3.0,0,0,32,True
OCO,31,Alpine,Chinese Grand Prix,2024,Shanghai,12.0,11.0,10.0,16.0,11.658536585365853,1.2371288554059552,1.0,0,0,55,False
NOR,4,McLaren,Chinese Grand Prix,2024,Shanghai,4.0,2.0,1.0,4.0,2.2954545454545454,0.8512520315051525,2.0,5,0,55,False
HAM,44,Mercedes,Chinese Grand Prix,2024,Shanghai,19.0,9.0,8.0,19.0,12.0,3.6945906403822333,10.0,0,0,55,False
SAI,55,Ferrari,Chinese Grand Prix,2024,Shanghai,9.0,5.0,4.0,9.0,6.170731707317073,1.3398216117153479,4.0,0,0,55,False
RUS,63,Mercedes,Chinese Grand Prix,2024,Shanghai,6.0,6.0,6.0,9.0,6.560975609756097,0.743262419600402,0.0,0,0,55,False
BOT,77,Kick Sauber,Chinese Grand Prix,2024,Shanghai,11.0,11.0,10.0,15.0,11.647058823529411,1.3666188418222285,0.0,0,0,19,True
PIA,81,McLaren,Chinese Grand Prix,2024,Shanghai,5.0,8.0,4.0,8.0,6.682926829268292,1.4566918752818645,-3.0,0,0,55,False
VER,1,Red Bull Racing,Miami Grand Prix,2024,Miami,1.0,2.0,1.0,4.0,1.6734693877551021,0.7742672638813857,-1.0,22,0,56,False
GAS,10,Alpine,Miami Grand Prix,2024,Miami,13.0,12.0,11.0,16.0,12.808510638297872,1.7148747941663187,1.0,0,0,56,False
PER,11,Red Bull Racing,Miami Grand Prix,2024,Miami,5.0,5.0,5.0,9.0,5.531914893617022,1.0601694661455172,0.0,0,0,56,False
ALO,14,Aston Martin,Miami Grand Prix,2024,Miami,12.0,9.0,9.0,14.0,11.061224489795919,1.463559634152667,3.0,0,0,56,False
LEC,16,Ferrari,Miami Grand Prix,2024,Miami,2.0,3.0,2.0,5.0,3.1875,0.7338690821851225,-1.0,0,0,56,False
STR,18,Aston Martin,Miami Grand Prix,2024,Miami,11.0,13.0,11.0,17.0,14.74468085106383,2.36338082366529,-2.0,0,0,56,False
SAR,2,Williams,Miami Grand Prix,2024,Miami,16.0,18.0,15.0,19.0,17.47826086956522,1.473078570310593,-2.0,0,0,27,True
MAG,20,Haas,Miami Grand Prix,2024,Miami,17.0,18.0,13.0,19.0,17.551020408163264,2.300916705809845,-1.0,0,0,56,False
TSU,22,Racing Bulls,Miami Grand Prix,2024,Miami,9.0,7.0,7.0,10.0,8.10204081632653,1.0848367380851922,2.0,0,0,56,False
ALB,23,Williams,Miami Grand Prix,2024,Miami,15.0,19.0,13.0,19.0,15.0,2.2462089273828796,-4.0,0,0,56,False
ZHO,24,Kick Sauber,Miami Grand Prix,2024,Miami,18.0,14.0,8.0,18.0,13.938775510204081,2.2211874007808876,4.0,0,0,56,False
HUL,27,Haas,Miami Grand Prix,2024,Miami,8.0,11.0,7.0,16.0,11.851063829787234,3.028694103751328,-3.0,0,0,56,False
RIC,3,Racing Bulls,Miami Grand Prix,2024,Miami,20.0,16.0,10.0,20.0,15.918367346938776,2.612763022595983,4.0,0,0,56,False
OCO,31,Alpine,Miami Grand Prix,2024,Miami,14.0,10.0,9.0,15.0,11.0,2.111476576553321,4.0,0,0,56,False
NOR,4,McLaren,Miami Grand Prix,2024,Miami,6.0,1.0,1.0,6.0,3.14,2.2947144235643537,5.0,25,0,56,False
HAM,44,Mercedes,Miami Grand Prix,2024,Miami,7.0,6.0,5.0,8.0,6.666666666666667,0.8077637460938353,1.0,0,0,56,False
SAI,55,Ferrari,Miami Grand Prix,2024,Miami,4.0,4.0,2.0,5.0,3.9183673469387754,0.6719602757938136,0.0,0,0,56,False
RUS,63,Mercedes,Miami Grand Prix,2024,Miami,10.0,8.0,7.0,11.0,8.48936170212766,0.8815090920523468,2.0,0,0,56,False
BOT,77,Kick Sauber,Miami Grand Prix,2024,Miami,19.0,17.0,17.0,20.0,18.319148936170212,1.1441036548267705,2.0,0,0,56,False
PIA,81,McLaren,Miami Grand Prix,2024,Miami,3.0,15.0,1.0,19.0,7.170212765957447,7.03815424462535,-12.0,3,0,56,False
VER,1,Red Bull Racing,Emilia Romagna Grand Prix,2024,Imola,1.0,1.0,1.0,3.0,1.05,0.28671133537149956,0.0,58,0,62,False
NOR,4,McLaren,Emilia Romagna Grand Prix,2024,Imola,2.0,2.0,2.0,5.0,2.1666666666666665,0.6422066478409216,0.0,0,0,62,False
LEC,16,Ferrari,Emilia Romagna Grand Prix,2024,Imola,3.0,3.0,2.0,5.0,2.9833333333333334,0.34403718101522685,0.0,0,0,62,False
PIA,81,McLaren,Emilia Romagna Grand Prix,2024,Imola,5.0,4.0,4.0,7.0,4.5,0.7010887416930995,1.0,0,0,62,False
SAI,55,Ferrari,Emilia Romagna Grand Prix,2024,Imola,4.0,5.0,1.0,6.0,4.45,0.8718769933456347,-1.0,2,0,62,False
HAM,44,Mercedes,Emilia Romagna Grand Prix,2024,Imola,7.0,6.0,2.0,9.0,6.716666666666667,1.1363287103004605,1.0,0,0,62,False
RUS,63,Mercedes,Emilia Romagna Grand Prix,2024,Imola,6.0,7.0,6.0,9.0,6.448275862068965,0.841310877583591,-1.0,0,0,62,False
PER,11,Red Bull Racing,Emilia Romagna Grand Prix,2024,Imola,10.0,8.0,5.0,10.0,8.033333333333333,1.3144137917030578,2.0,0,0,62,False
STR,18,Aston Martin,Emilia Romagna Grand Prix,2024,Imola,13.0,9.0,7.0,13.0,9.95,1.7214991495884913,4.0,0,0,62,False
TSU,22,Racing Bulls,Emilia Romagna Grand Prix,2024,Imola,9.0,10.0,8.0,14.0,10.661016949152541,2.0052531828410047,-1.0,0,0,61,False
HUL,27,Haas,Emilia Romagna Grand Prix,2024,Imola,8.0,11.0,8.0,15.0,11.271186440677965,2.369566441316423,-3.0,0,0,61,False
MAG,20,Haas,Emilia Romagna Grand Prix,2024,Imola,16.0,13.0,10.0,17.0,13.0,2.363515791475006,3.0,0,0,61,False
RIC,3,Racing Bulls,Emilia Romagna Grand Prix,2024,Imola,11.0,12.0,10.0,16.0,13.016949152542374,1.960748673195758,-1.0,0,0,61,False
OCO,31,Alpine,Emilia Romagna Grand Prix,2024,Imola,12.0,14.0,9.0,19.0,13.576271186440678,2.574432577793355,-2.0,0,0,61,False
ZHO,24,Kick Sauber,Emilia Romagna Grand Prix,2024,Imola,18.0,15.0,11.0,18.0,14.59322033898305,2.2978148845625324,3.0,0,0,61,False
GAS,10,Alpine,Emilia Romagna Grand Prix,2024,Imola,15.0,16.0,15.0,18.0,16.82456140350877,0.8477450555432305,-1.0,0,0,61,False
SAR,2,Williams,Emilia Romagna Grand Prix,2024,Imola,19.0,17.0,13.0,19.0,16.76271186440678,2.4588964657625514,2.0,0,0,61,False
BOT,77,Kick Sauber,Emilia Romagna Grand Prix,2024,Imola,17.0,18.0,12.0,18.0,15.59322033898305,2.085406138131972,-1.0,0,0,61,False
ALO,14,Aston Martin,Emilia Romagna Grand Prix,2024,Imola,,19.0,15.0,20.0,18.296296296296298,1.3822272105176694,,0,0,61,False
ALB,23,Williams,Emilia Romagna Grand Prix,2024,Imola,14.0,20.0,14.0,20.0,19.023255813953487,2.241262102912885,-6.0,0,0,50,True
LEC,16,Ferrari,Monaco Grand Prix,2024,Monaco,,1.0,1.0,1.0,1.0,0.0,,74,0,77,False
PIA,81,McLaren,Monaco Grand Prix,2024,Monaco,,2.0,2.0,2.0,2.0,0.0,,0,0,77,False
SAI,55,Ferrari,Monaco Grand Prix,2024,Monaco,,3.0,3.0,3.0,3.0,0.0,,0,0,77,False
NOR,4,McLaren,Monaco Grand Prix,2024,Monaco,,4.0,4.0,4.0,4.0,0.0,,0,0,77,False
RUS,63,Mercedes,Monaco Grand Prix,2024,Monaco,,5.0,5.0,5.0,5.0,0.0,,0,0,77,False
VER,1,Red Bull Racing,Monaco Grand Prix,2024,Monaco,,6.0,6.0,6.0,6.0,0.0,,0,0,77,False
HAM,44,Mercedes,Monaco Grand Prix,2024,Monaco,,7.0,7.0,7.0,7.0,0.0,,0,0,77,False
TSU,22,Racing Bulls,Monaco Grand Prix,2024,Monaco,,8.0,8.0,8.0,8.0,0.0,,0,0,76,False
ALB,23,Williams,Monaco Grand Prix,2024,Monaco,,9.0,9.0,9.0,9.0,0.0,,0,0,76,False
GAS,10,Alpine,Monaco Grand Prix,2024,Monaco,,10.0,10.0,10.0,10.0,0.0,,0,0,76,False
ALO,14,Aston Martin,Monaco Grand Prix,2024,Monaco,,11.0,11.0,12.0,11.625,0.4875203137696194,,0,0,75,False
RIC,3,Racing Bulls,Monaco Grand Prix,2024,Monaco,,12.0,12.0,13.0,12.633802816901408,0.48519323454588126,,0,0,75,False
BOT,77,Kick Sauber,Monaco Grand Prix,2024,Monaco,,13.0,13.0,16.0,14.571428571428571,1.3574424862658707,,0,0,75,False
STR,18,Aston Martin,Monaco Grand Prix,2024,Monaco,,14.0,11.0,16.0,12.235294117647058,1.6938664334277482,,0,0,75,False
SAR,2,Williams,Monaco Grand Prix,2024,Monaco,,15.0,13.0,16.0,14.514285714285714,0.7753981145352656,,0,0,75,False
ZHO,24,Kick Sauber,Monaco Grand Prix,2024,Monaco,,16.0,14.0,16.0,15.257142857142858,0.5017567482042767,,0,0,75,False
VER,1,Red Bull Racing,Canadian Grand Prix,2024,Montréal,,1.0,1.0,3.0,1.489795918367347,0.5447648185070262,,26,0,69,False
GAS,10,Alpine,Canadian Grand Prix,2024,Montréal,,9.0,9.0,18.0,14.6,2.3989793748209522,,0,0,69,False
PER,11,Red Bull Racing,Canadian Grand Prix,2024,Montréal,,13.0,13.0,17.0,15.205128205128204,1.2392588442818977,,0,0,51,True
ALO,14,Aston Martin,Canadian Grand Prix,2024,Montréal,,6.0,5.0,6.0,5.62,0.4903143514780146,,0,0,69,False
LEC,16,Ferrari,Canadian Grand Prix,2024,Montréal,,19.0,9.0,19.0,12.448275862068966,4.1797659443746,,0,0,39,True
STR,18,Aston Martin,Canadian Grand Prix,2024,Montréal,,7.0,7.0,10.0,8.040816326530612,0.762648446573665,,0,0,69,False
SAR,2,Williams,Canadian Grand Prix,2024,Montréal,,20.0,14.0,20.0,19.0,2.1213203435596424,,0,0,23,True
MAG,20,Haas,Canadian Grand Prix,2024,Montréal,,12.0,4.0,18.0,13.604166666666666,3.2468615506482585,,0,0,69,False
TSU,22,Racing Bulls,Canadian Grand Prix,2024,Montréal,,14.0,6.0,14.0,9.244897959183673,2.16535805588916,,0,0,69,False
ALB,23,Williams,Canadian Grand Prix,2024,Montréal,,10.0,9.0,13.0,10.35897435897436,1.4416215191888593,,0,0,51,True
ZHO,24,Kick Sauber,Canadian Grand Prix,2024,Montréal,,15.0,12.0,20.0,17.395833333333332,1.7833697881870827,,0,0,68,False
HUL,27,Haas,Canadian Grand Prix,2024,Montréal,,11.0,7.0,19.0,14.127659574468085,4.09993118328565,,0,0,69,False
RIC,3,Racing Bulls,Canadian Grand Prix,2024,Montréal,,8.0,7.0,12.0,9.26530612244898,1.8001795073001474,,0,0,69,False
OCO,31,Alpine,Canadian Grand Prix,2024,Montréal,,10.0,8.0,16.0,11.571428571428571,2.776388541492947,,0,0,69,False
NOR,4,McLaren,Canadian Grand Prix,2024,Montréal,,2.0,1.0,3.0,2.5306122448979593,0.7101068234288924,,6,0,69,False
HAM,44,Mercedes,Canadian Grand Prix,2024,Montréal,,4.0,3.0,7.0,5.408163265306122,0.8396022705954979,,0,0,69,False
SAI,55,Ferrari,Canadian Grand Prix,2024,Montréal,,11.0,11.0,15.0,12.564102564102564,0.911761504909786,,0,0,51,True
RUS,63,Mercedes,Canadian Grand Prix,2024,Montréal,,3.0,1.0,5.0,2.163265306122449,1.196295301746016,,18,0,69,False
BOT,77,Kick Sauber,Canadian Grand Prix,2024,Montréal,,13.0,12.0,19.0,15.145833333333334,2.526368037518071,,0,0,69,False
PIA,81,McLaren,Canadian Grand Prix,2024,Montréal,,5.0,3.0,5.0,3.979591836734694,0.47826927206192066,,0,0,69,False
VER,1,Red Bull Racing,Spanish Grand Prix,2024,Barcelona,2.0,1.0,1.0,4.0,1.278688524590164,0.7332836545517614,1.0,52,0,65,False
NOR,4,McLaren,Spanish Grand Prix,2024,Barcelona,3.0,2.0,1.0,5.0,2.4262295081967213,0.9212132650919768,1.0,7,0,65,False
HAM,44,Mercedes,Spanish Grand Prix,2024,Barcelona,4.0,3.0,3.0,7.0,3.7868852459016393,1.0019107428369167,1.0,0,0,65,False
RUS,63,Mercedes,Spanish Grand Prix,2024,Barcelona,1.0,4.0,1.0,6.0,3.377049180327869,1.4043258694266736,-3.0,2,0,65,False
LEC,16,Ferrari,Spanish Grand Prix,2024,Barcelona,5.0,5.0,2.0,7.0,4.852459016393443,1.4356887496224067,0.0,0,0,65,False
SAI,55,Ferrari,Spanish Grand Prix,2024,Barcelona,6.0,6.0,4.0,7.0,5.60655737704918,0.7805700593068753,0.0,0,0,65,False
PIA,81,McLaren,Spanish Grand Prix,2024,Barcelona,8.0,7.0,3.0,10.0,6.983606557377049,1.707745133977243,1.0,0,0,65,False
PER,11,Red Bull Racing,Spanish Grand Prix,2024,Barcelona,11.0,9.0,7.0,14.0,9.813559322033898,1.6132487705118992,2.0,0,0,65,False
GAS,10,Alpine,Spanish Grand Prix,2024,Barcelona,7.0,8.0,6.0,11.0,7.786885245901639,0.9680694551246596,-1.0,0,0,65,False
OCO,31,Alpine,Spanish Grand Prix,2024,Barcelona,9.0,10.0,8.0,13.0,9.60655737704918,1.0532281887066728,-1.0,0,0,65,False
HUL,27,Haas,Spanish Grand Prix,2024,Barcelona,10.0,11.0,9.0,16.0,11.163934426229508,1.3438790603926192,-1.0,0,0,65,False
ALO,14,Aston Martin,Spanish Grand Prix,2024,Barcelona,12.0,12.0,8.0,16.0,12.483333333333333,1.8085640588052887,0.0,0,0,64,False
ZHO,24,Kick Sauber,Spanish Grand Prix,2024,Barcelona,17.0,13.0,9.0,18.0,13.483333333333333,2.2054759789635683,4.0,0,0,64,False
STR,18,Aston Martin,Spanish Grand Prix,2024,Barcelona,13.0,14.0,6.0,17.0,13.25,1.7527218542327487,-1.0,0,0,64,False
RIC,3,Racing Bulls,Spanish Grand Prix,2024,Barcelona,19.0,15.0,10.0,19.0,16.016666666666666,1.8910284769312626,4.0,0,0,64,False
BOT,77,Kick Sauber,Spanish Grand Prix,2024,Barcelona,14.0,16.0,12.0,18.0,15.033333333333333,1.6257114913499702,-2.0,0,0,64,False
MAG,20,Haas,Spanish Grand Prix,2024,Barcelona,16.0,17.0,15.0,20.0,16.883333333333333,1.5303889686874466,-1.0,0,0,64,False
ALB,23,Williams,Spanish Grand Prix,2024,Barcelona,,18.0,11.0,20.0,17.23728813559322,2.0954711679110414,,0,0,64,False
TSU,22,Racing Bulls,Spanish Grand Prix,2024,Barcelona,15.0,19.0,15.0,20.0,18.396551724137932,1.4380744334786866,-4.0,0,0,64,False
SAR,2,Williams,Spanish Grand Prix,2024,Barcelona,18.0,20.0,15.0,20.0,19.152542372881356,1.1112831868832735,-2.0,0,0,63,False
RUS,63,Mercedes,Austrian Grand Prix,2024,Spielberg,3.0,1.0,1.0,5.0,3.015625,0.7866381653432556,2.0,5,0,70,False
PIA,81,McLaren,Austrian Grand Prix,2024,Spielberg,7.0,2.0,1.0,7.0,5.296875,1.4439769542636214,5.0,1,0,70,False
SAI,55,Ferrari,Austrian Grand Prix,2024,Spielberg,5.0,3.0,3.0,6.0,4.140625,0.63912607743476,2.0,0,0,70,False
HAM,44,Mercedes,Austrian Grand Prix,2024,Spielberg,4.0,4.0,3.0,6.0,4.888888888888889,0.742947727747299,0.0,0,0,70,False
VER,1,Red Bull Racing,Austrian Grand Prix,2024,Spielberg,1.0,5.0,1.0,5.0,1.253968253968254,0.9832181192104203,-4.0,59,0,70,False
HUL,27,Haas,Austrian Grand Prix,2024,Spielberg,9.0,6.0,6.0,14.0,8.476190476190476,2.1691171301762306,3.0,0,0,70,False
PER,11,Red Bull Racing,Austrian Grand Prix,2024,Spielberg,6.0,7.0,6.0,9.0,7.2063492063492065,0.6992791255592493,-1.0,0,0,70,False
MAG,20,Haas,Austrian Grand Prix,2024,Spielberg,10.0,8.0,8.0,15.0,10.063492063492063,2.198775435386383,2.0,0,0,70,False
RIC,3,Racing Bulls,Austrian Grand Prix,2024,Spielberg,12.0,9.0,9.0,17.0,11.444444444444445,2.3471175031252063,3.0,0,0,70,False
GAS,10,Alpine,Austrian Grand Prix,2024,Spielberg,11.0,10.0,8.0,14.0,11.11111111111111,1.5145648913255059,1.0,0,0,70,False
LEC,16,Ferrari,Austrian Grand Prix,2024,Spielberg,,11.0,11.0,19.0,16.283333333333335,2.9348384684950193,,0,0,70,False
OCO,31,Alpine,Austrian Grand Prix,2024,Spielberg,8.0,12.0,8.0,14.0,10.78125,1.7947785820903253,-4.0,0,0,70,False
STR,18,Aston Martin,Austrian Grand Prix,2024,Spielberg,17.0,13.0,11.0,17.0,14.19047619047619,1.9498316127225828,4.0,0,0,69,False
TSU,22,Racing Bulls,Austrian Grand Prix,2024,Spielberg,14.0,15.0,8.0,16.0,13.571428571428571,2.387563785429216,-1.0,0,0,69,False
ALB,23,Williams,Austrian Grand Prix,2024,Spielberg,15.0,14.0,12.0,18.0,14.587301587301587,1.4550792089615872,1.0,0,0,69,False
BOT,77,Kick Sauber,Austrian Grand Prix,2024,Spielberg,16.0,16.0,12.0,18.0,16.26984126984127,1.9109729763483956,0.0,0,0,69,False
ZHO,24,Kick Sauber,Austrian Grand Prix,2024,Spielberg,,17.0,13.0,19.0,17.60655737704918,1.960260939472006,,0,0,69,False
ALO,14,Aston Martin,Austrian Grand Prix,2024,Spielberg,13.0,17.0,11.0,18.0,15.203389830508474,2.727760613782246,-4.0,0,0,67,True
SAR,2,Williams,Austrian Grand Prix,2024,Spielberg,,19.0,19.0,20.0,19.933333333333334,0.2515488742932317,,0,0,68,False
NOR,4,McLaren,Austrian Grand Prix,2024,Spielberg,2.0,2.0,2.0,3.0,2.016949152542373,0.13018891098082386,0.0,0,0,63,True
HAM,44,Mercedes,British Grand Prix,2024,Silverstone,2.0,1.0,1.0,3.0,1.851063829787234,0.6586786312880117,1.0,14,0,51,False
VER,1,Red Bull Racing,British Grand Prix,2024,Silverstone,3.0,2.0,2.0,5.0,3.3617021276595747,0.8950475312832521,1.0,0,0,51,False
NOR,4,McLaren,British Grand Prix,2024,Silverstone,4.0,3.0,1.0,4.0,2.404255319148936,1.2624953631957054,1.0,17,0,51,False
PIA,81,McLaren,British Grand Prix,2024,Silverstone,5.0,4.0,2.0,6.0,4.276595744680851,1.155367956814483,1.0,0,0,51,False
SAI,55,Ferrari,British Grand Prix,2024,Silverstone,6.0,5.0,4.0,6.0,5.488888888888889,0.6613423753047564,1.0,0,0,49,False
HUL,27,Haas,British Grand Prix,2024,Silverstone,9.0,6.0,6.0,9.0,7.446808510638298,1.315600551216355,3.0,0,0,51,False
STR,18,Aston Martin,British Grand Prix,2024,Silverstone,7.0,7.0,7.0,9.0,7.553191489361702,0.7462518119793856,0.0,0,0,51,False
ALO,14,Aston Martin,British Grand Prix,2024,Silverstone,10.0,8.0,8.0,10.0,8.936170212765957,0.9418819117146112,2.0,0,0,51,False
ALB,23,Williams,British Grand Prix,2024,Silverstone,12.0,9.0,9.0,12.0,10.914893617021276,1.099995795131144,3.0,0,0,51,False
TSU,22,Racing Bulls,British Grand Prix,2024,Silverstone,11.0,10.0,9.0,11.0,10.212765957446809,0.7499614544519854,1.0,0,0,51,False
SAR,2,Williams,British Grand Prix,2024,Silverstone,13.0,11.0,11.0,13.0,12.446808510638299,0.7748354843139809,2.0,0,0,51,False
MAG,20,Haas,British Grand Prix,2024,Silverstone,17.0,12.0,11.0,17.0,13.297872340425531,2.009919894759179,5.0,0,0,51,False
RIC,3,Racing Bulls,British Grand Prix,2024,Silverstone,15.0,13.0,13.0,16.0,13.956521739130435,0.8681147322824312,2.0,0,0,50,False
LEC,16,Ferrari,British Grand Prix,2024,Silverstone,8.0,14.0,7.0,16.0,12.227272727272727,3.8751662311749797,-6.0,0,0,50,False
BOT,77,Kick Sauber,British Grand Prix,2024,Silverstone,18.0,15.0,14.0,19.0,15.956521739130435,1.8613796763467976,3.0,0,0,50,False
OCO,31,Alpine,British Grand Prix,2024,Silverstone,16.0,16.0,16.0,18.0,17.170731707317074,0.7383237441796873,0.0,0,0,49,False
PER,11,Red Bull Racing,British Grand Prix,2024,Silverstone,,17.0,15.0,19.0,16.575,0.9026314805852884,,0,0,49,False
ZHO,24,Kick Sauber,British Grand Prix,2024,Silverstone,14.0,18.0,14.0,19.0,17.78048780487805,1.7394279968131943,-4.0,0,0,49,False
RUS,63,Mercedes,British Grand Prix,2024,Silverstone,1.0,4.0,1.0,4.0,2.2,1.4479474176011817,-3.0,17,0,32,True
PIA,81,McLaren,Hungarian Grand Prix,2024,Budapest,1.0,1.0,1.0,4.0,1.40625,0.6354288640515485,0.0,42,0,69,False
NOR,4,McLaren,Hungarian Grand Prix,2024,Budapest,3.0,2.0,1.0,5.0,1.96875,0.8903138380137254,1.0,17,0,69,False
HAM,44,Mercedes,Hungarian Grand Prix,2024,Budapest,4.0,3.0,3.0,6.0,3.671875,0.8918446640317499,1.0,0,0,69,False
LEC,16,Ferrari,Hungarian Grand Prix,2024,Budapest,5.0,4.0,1.0,6.0,4.625,0.9677334015667417,1.0,1,0,69,False
VER,1,Red Bull Racing,Hungarian Grand Prix,2024,Budapest,2.0,5.0,1.0,5.0,3.5625,1.0671873729054748,-3.0,3,0,69,False
SAI,55,Ferrari,Hungarian Grand Prix,2024,Budapest,7.0,6.0,3.0,9.0,5.78125,1.0152605420550767,1.0,0,0,69,False
PER,11,Red Bull Racing,Hungarian Grand Prix,2024,Budapest,17.0,7.0,7.0,18.0,9.28125,2.983918537974829,10.0,0,0,69,False
RUS,63,Mercedes,Hungarian Grand Prix,2024,Budapest,16.0,8.0,7.0,16.0,8.875,2.2782616597915593,8.0,0,0,69,False
TSU,22,Racing Bulls,Hungarian Grand Prix,2024,Budapest,12.0,9.0,6.0,12.0,8.863636363636363,1.5480644355140702,3.0,0,0,69,False
STR,18,Aston Martin,Hungarian Grand Prix,2024,Budapest,8.0,10.0,7.0,15.0,10.25,2.1157009420498154,-2.0,0,0,69,False
ALO,14,Aston Martin,Hungarian Grand Prix,2024,Budapest,6.0,11.0,6.0,14.0,10.4375,2.0921243096393978,-5.0,0,0,69,False
RIC,3,Racing Bulls,Hungarian Grand Prix,2024,Budapest,11.0,12.0,9.0,18.0,13.555555555555555,2.441428572926619,-1.0,0,0,68,False
HUL,27,Haas,Hungarian Grand Prix,2024,Budapest,14.0,13.0,11.0,20.0,13.476190476190476,2.161668582347404,1.0,0,0,68,False
ALB,23,Williams,Hungarian Grand Prix,2024,Budapest,9.0,14.0,9.0,19.0,14.142857142857142,1.924855611318408,-5.0,0,0,68,False
MAG,20,Haas,Hungarian Grand Prix,2024,Budapest,10.0,15.0,10.0,17.0,14.666666666666666,1.7689070801103477,-5.0,0,0,68,False
BOT,77,Kick Sauber,Hungarian Grand Prix,2024,Budapest,13.0,16.0,8.0,18.0,14.338709677419354,3.243877200416228,-3.0,0,0,68,False
SAR,2,Williams,Hungarian Grand Prix,2024,Budapest,18.0,17.0,13.0,19.0,17.59016393442623,1.4534676831670283,1.0,0,0,68,False
OCO,31,Alpine,Hungarian Grand Prix,2024,Budapest,15.0,19.0,14.0,20.0,17.066666666666666,1.3761487240609074,-4.0,0,0,68,False
ZHO,24,Kick Sauber,Hungarian Grand Prix,2024,Budapest,19.0,18.0,15.0,20.0,18.793650793650794,1.2971274735120226,1.0,0,0,68,False
GAS,10,Alpine,Hungarian Grand Prix,2024,Budapest,,15.0,10.0,20.0,12.96551724137931,3.4793550163858336,,0,0,32,True
HAM,44,Mercedes,Belgian Grand Prix,2024,Spa-Francorchamps,2.0,2.0,1.0,5.0,1.8421052631578947,0.8861186483143605,0.0,14,0,43,False
PIA,81,McLaren,Belgian Grand Prix,2024,Spa-Francorchamps,4.0,3.0,1.0,5.0,3.3947368421052633,0.9736938217971677,1.0,3,0,43,False
LEC,16,Ferrari,Belgian Grand Prix,2024,Spa-Francorchamps,1.0,4.0,1.0,7.0,3.0,1.3151918984428583,-3.0,3,0,43,False
VER,1,Red Bull Racing,Belgian Grand Prix,2024,Spa-Francorchamps,9.0,5.0,3.0,10.0,6.2368421052631575,1.6835324915400725,4.0,0,0,43,False
NOR,4,McLaren,Belgian Grand Prix,2024,Spa-Francorchamps,7.0,6.0,2.0,8.0,5.948717948717949,1.4858759236419574,1.0,0,0,43,False
SAI,55,Ferrari,Belgian Grand Prix,2024,Spa-Francorchamps,6.0,7.0,1.0,8.0,5.684210526315789,2.4284937291083613,-1.0,6,0,43,False
PER,11,Red Bull Racing,Belgian Grand Prix,2024,Spa-Francorchamps,3.0,8.0,3.0,8.0,5.777777777777778,1.9872610168788472,-5.0,0,0,41,False
ALO,14,Aston Martin,Belgian Grand Prix,2024,Spa-Francorchamps,8.0,9.0,4.0,12.0,9.4,1.3358949751441482,-1.0,0,0,43,False
OCO,31,Alpine,Belgian Grand Prix,2024,Spa-Francorchamps,11.0,10.0,8.0,16.0,10.868421052631579,1.5968051317346137,1.0,0,0,43,False
RIC,3,Racing Bulls,Belgian Grand Prix,2024,Spa-Francorchamps,14.0,11.0,10.0,16.0,12.578947368421053,1.9677340370076164,3.0,0,0,43,False
STR,18,Aston Martin,Belgian Grand Prix,2024,Spa-Francorchamps,15.0,12.0,9.0,18.0,13.225,2.1302160718623155,3.0,0,0,43,False
ALB,23,Williams,Belgian Grand Prix,2024,Spa-Francorchamps,10.0,13.0,9.0,16.0,12.18421052631579,2.2523892798524656,-3.0,0,0,43,False
GAS,10,Alpine,Belgian Grand Prix,2024,Spa-Francorchamps,12.0,14.0,11.0,18.0,13.710526315789474,1.9577689278779655,-2.0,0,0,43,False
MAG,20,Haas,Belgian Grand Prix,2024,Spa-Francorchamps,17.0,15.0,9.0,18.0,14.725,2.124189136395224,2.0,0,0,43,False
BOT,77,Kick Sauber,Belgian Grand Prix,2024,Spa-Francorchamps,13.0,16.0,10.0,17.0,13.31578947368421,2.144827381171114,-3.0,0,0,43,False
TSU,22,Racing Bulls,Belgian Grand Prix,2024,Spa-Francorchamps,19.0,17.0,10.0,19.0,16.78048780487805,1.9686568406143212,2.0,0,0,43,False
SAR,2,Williams,Belgian Grand Prix,2024,Spa-Francorchamps,20.0,18.0,16.0,20.0,18.55263157894737,0.950031817989289,2.0,0,0,43,False
HUL,27,Haas,Belgian Grand Prix,2024,Spa-Francorchamps,16.0,19.0,14.0,19.0,17.07894736842105,1.4956076040402968,-3.0,0,0,43,False
ZHO,24,Kick Sauber,Belgian Grand Prix,2024,Spa-Francorchamps,18.0,20.0,18.0,20.0,19.0,1.1547005383792515,-2.0,0,0,4,True
RUS,63,Mercedes,Belgian Grand Prix,2024,Spa-Francorchamps,5.0,1.0,1.0,9.0,3.575,2.2970159013994773,4.0,13,0,43,False
NOR,4,McLaren,Dutch Grand Prix,2024,Zandvoort,2.0,1.0,1.0,2.0,1.289855072463768,0.45701876893374443,1.0,49,0,71,False
VER,1,Red Bull Racing,Dutch Grand Prix,2024,Zandvoort,1.0,2.0,1.0,5.0,1.8695652173913044,0.6841276858431358,-1.0,17,0,71,False
LEC,16,Ferrari,Dutch Grand Prix,2024,Zandvoort,5.0,3.0,3.0,7.0,3.9420289855072466,1.136093124432491,2.0,0,0,71,False
PIA,81,McLaren,Dutch Grand Prix,2024,Zandvoort,4.0,4.0,1.0,5.0,3.8260869565217392,0.8217005633786417,0.0,4,0,71,False
SAI,55,Ferrari,Dutch Grand Prix,2024,Zandvoort,9.0,5.0,2.0,9.0,6.449275362318841,1.3989095741290574,4.0,0,0,71,False
PER,11,Red Bull Racing,Dutch Grand Prix,2024,Zandvoort,6.0,6.0,3.0,7.0,6.0144927536231885,0.6299568991602988,0.0,0,0,71,False
RUS,63,Mercedes,Dutch Grand Prix,2024,Zandvoort,3.0,7.0,3.0,8.0,4.8059701492537314,1.6808980821964774,-4.0,0,0,71,False
HAM,44,Mercedes,Dutch Grand Prix,2024,Zandvoort,13.0,8.0,8.0,15.0,9.417910447761194,2.0011303906401836,5.0,0,0,71,False
GAS,10,Alpine,Dutch Grand Prix,2024,Zandvoort,7.0,9.0,6.0,12.0,8.808823529411764,1.5478184256692025,-2.0,0,0,70,False
ALO,14,Aston Martin,Dutch Grand Prix,2024,Zandvoort,8.0,10.0,8.0,13.0,10.205882352941176,1.3774172622378444,-2.0,0,0,70,False
HUL,27,Haas,Dutch Grand Prix,2024,Zandvoort,11.0,11.0,9.0,17.0,11.029411764705882,2.298413393283874,0.0,0,0,70,False
RIC,3,Racing Bulls,Dutch Grand Prix,2024,Zandvoort,15.0,13.0,11.0,17.0,13.588235294117647,1.4582272422633646,2.0,0,0,70,False
STR,18,Aston Martin,Dutch Grand Prix,2024,Zandvoort,10.0,12.0,10.0,16.0,11.602941176470589,1.3509499795456588,-2.0,0,0,70,False
ALB,23,Williams,Dutch Grand Prix,2024,Zandvoort,17.0,14.0,10.0,20.0,15.227272727272727,2.4669847964699714,3.0,0,0,70,False
OCO,31,Alpine,Dutch Grand Prix,2024,Zandvoort,16.0,15.0,13.0,19.0,15.147058823529411,1.508826823909175,1.0,0,0,70,False
SAR,2,Williams,Dutch Grand Prix,2024,Zandvoort,18.0,16.0,14.0,19.0,16.705882352941178,1.2820089590276729,2.0,0,0,70,False
TSU,22,Racing Bulls,Dutch Grand Prix,2024,Zandvoort,12.0,17.0,12.0,19.0,16.181818181818183,1.936762492162875,-5.0,0,0,70,False
MAG,20,Haas,Dutch Grand Prix,2024,Zandvoort,,18.0,10.0,20.0,16.059701492537314,3.2514826315824887,,0,0,70,False
BOT,77,Kick Sauber,Dutch Grand Prix,2024,Zandvoort,14.0,19.0,14.0,20.0,17.153846153846153,2.159504929019968,-5.0,0,0,69,False
ZHO,24,Kick Sauber,Dutch Grand Prix,2024,Zandvoort,19.0,20.0,16.0,20.0,19.70769230769231,0.8239212060908214,-1.0,0,0,69,False
LEC,16,Ferrari,Italian Grand Prix,2024,Monza,2.0,1.0,1.0,6.0,2.32,1.3767752917893439,1.0,14,0,52,False
PIA,81,McLaren,Italian Grand Prix,2024,Monza,1.0,2.0,1.0,4.0,1.625,0.9138415524469893,-1.0,30,0,52,False
NOR,4,McLaren,Italian Grand Prix,2024,Monza,3.0,3.0,2.0,6.0,3.5833333333333335,1.2348371127543345,0.0,0,0,52,False
SAI,55,Ferrari,Italian Grand Prix,2024,Monza,4.0,4.0,1.0,6.0,3.46,1.0538558938004565,0.0,2,0,52,False
HAM,44,Mercedes,Italian Grand Prix,2024,Monza,5.0,5.0,4.0,10.0,5.354166666666667,1.1010552642966933,0.0,0,0,52,False
VER,1,Red Bull Racing,Italian Grand Prix,2024,Monza,6.0,6.0,1.0,6.0,5.1875,1.4968939472660387,0.0,3,0,52,False
RUS,63,Mercedes,Italian Grand Prix,2024,Monza,7.0,7.0,7.0,16.0,8.5625,2.239930185082239,0.0,0,0,52,False
PER,11,Red Bull Racing,Italian Grand Prix,2024,Monza,8.0,8.0,1.0,9.0,6.979166666666667,2.015784344820322,0.0,1,0,52,False
ALB,23,Williams,Italian Grand Prix,2024,Monza,9.0,10.0,5.0,13.0,9.86,1.399854219815297,-1.0,0,0,52,False
MAG,20,Haas,Italian Grand Prix,2024,Monza,12.0,9.0,7.0,16.0,10.78,2.4602140275237216,3.0,0,0,52,False
ALO,14,Aston Martin,Italian Grand Prix,2024,Monza,10.0,11.0,8.0,16.0,10.958333333333334,1.7005422581139245,-1.0,0,0,52,False
COL,43,Williams,Italian Grand Prix,2024,Monza,18.0,13.0,11.0,18.0,14.3,1.887120687660415,5.0,0,0,52,False
RIC,3,Racing Bulls,Italian Grand Prix,2024,Monza,11.0,12.0,11.0,18.0,12.84,2.2164505546536537,-1.0,0,0,52,False
OCO,31,Alpine,Italian Grand Prix,2024,Monza,15.0,14.0,7.0,16.0,11.959183673469388,2.820750370568304,1.0,0,0,51,False
GAS,10,Alpine,Italian Grand Prix,2024,Monza,13.0,15.0,13.0,19.0,15.170212765957446,1.6592186340219488,-2.0,0,0,51,False
BOT,77,Kick Sauber,Italian Grand Prix,2024,Monza,19.0,16.0,9.0,19.0,15.224489795918368,3.070459426280597,3.0,0,0,51,False
HUL,27,Haas,Italian Grand Prix,2024,Monza,16.0,17.0,16.0,20.0,18.319148936170212,0.9349815850017162,-1.0,0,0,51,False
ZHO,24,Kick Sauber,Italian Grand Prix,2024,Monza,20.0,18.0,14.0,20.0,17.755102040816325,1.6649651178140086,2.0,0,0,51,False
STR,18,Aston Martin,Italian Grand Prix,2024,Monza,17.0,15.0,9.0,18.0,14.866666666666667,2.4550504531012654,2.0,0,0,49,True
TSU,22,Racing Bulls,Italian Grand Prix,2024,Monza,14.0,19.0,14.0,19.0,16.166666666666668,2.228601953392904,-5.0,0,0,6,True
VER,1,Red Bull Racing,Azerbaijan Grand Prix,2024,Baku,5.0,6.0,5.0,8.0,6.222222222222222,0.8498365855987975,-1.0,0,0,48,False
GAS,10,Alpine,Azerbaijan Grand Prix,2024,Baku,15.0,14.0,9.0,15.0,12.893617021276595,1.6316708234891366,1.0,0,0,48,False
PER,11,Red Bull Racing,Azerbaijan Grand Prix,2024,Baku,3.0,3.0,3.0,6.0,3.1739130434782608,0.6075212964200225,0.0,0,0,49,False
ALO,14,Aston Martin,Azerbaijan Grand Prix,2024,Baku,7.0,8.0,7.0,13.0,8.422222222222222,1.322684750609513,-1.0,0,0,48,False
LEC,16,Ferrari,Azerbaijan Grand Prix,2024,Baku,1.0,2.0,1.0,2.0,1.6304347826086956,0.48802074874715057,-1.0,17,0,49,False
STR,18,Aston Martin,Azerbaijan Grand Prix,2024,Baku,,17.0,17.0,20.0,18.42105263157895,1.1060418580459077,,0,0,44,True
TSU,22,Racing Bulls,Azerbaijan Grand Prix,2024,Baku,11.0,17.0,11.0,17.0,15.0,2.0976176963403033,-6.0,0,0,11,True
ALB,23,Williams,Azerbaijan Grand Prix,2024,Baku,9.0,9.0,3.0,11.0,7.177777777777778,2.488965547160003,0.0,0,0,48,False
ZHO,24,Kick Sauber,Azerbaijan Grand Prix,2024,Baku,18.0,16.0,14.0,19.0,16.934782608695652,1.4514693538012278,2.0,0,0,48,False
HUL,27,Haas,Azerbaijan Grand Prix,2024,Baku,13.0,10.0,7.0,13.0,10.844444444444445,1.4294874408102867,3.0,0,0,48,False
RIC,3,Racing Bulls,Azerbaijan Grand Prix,2024,Baku,14.0,15.0,10.0,15.0,13.872340425531915,1.4236667489359658,-1.0,0,0,48,False
OCO,31,Alpine,Azerbaijan Grand Prix,2024,Baku,,17.0,15.0,19.0,17.0,1.0954451150103321,,0,0,48,False
NOR,4,McLaren,Azerbaijan Grand Prix,2024,Baku,12.0,6.0,5.0,12.0,7.108695652173913,2.193204260331498,6.0,0,0,49,False
COL,43,Williams,Azerbaijan Grand Prix,2024,Baku,8.0,11.0,8.0,15.0,10.222222222222221,1.6360830286900712,-3.0,0,0,48,False
HAM,44,Mercedes,Azerbaijan Grand Prix,2024,Baku,,12.0,12.0,18.0,14.022727272727273,1.5171674397274457,,0,0,48,False
BEA,50,Haas,Azerbaijan Grand Prix,2024,Baku,10.0,13.0,8.0,15.0,12.133333333333333,1.4709304414677002,-3.0,0,0,48,False
SAI,55,Ferrari,Azerbaijan Grand Prix,2024,Baku,4.0,4.0,2.0,6.0,4.065217391304348,0.7717850568085931,0.0,0,0,49,False
RUS,63,Mercedes,Azerbaijan Grand Prix,2024,Baku,6.0,5.0,5.0,10.0,6.586956521739131,1.375598244910543,1.0,0,0,49,False
BOT,77,Kick Sauber,Azerbaijan Grand Prix,2024,Baku,16.0,18.0,16.0,19.0,18.044444444444444,0.7673909622147558,-2.0,0,0,48,False
PIA,81,McLaren,Azerbaijan Grand Prix,2024,Baku,2.0,1.0,1.0,3.0,1.391304347826087,0.5365842946956328,1.0,29,0,49,False
NOR,4,McLaren,Singapore Grand Prix,2024,Singapore,1.0,1.0,1.0,1.0,1.0,0.0,0.0,59,0,61,False
VER,1,Red Bull Racing,Singapore Grand Prix,2024,Singapore,2.0,2.0,2.0,3.0,2.135593220338983,0.3452948324729955,0.0,0,0,61,False
PIA,81,McLaren,Singapore Grand Prix,2024,Singapore,5.0,3.0,2.0,5.0,3.6610169491525424,1.0273865318927777,2.0,0,0,61,False
RUS,63,Mercedes,Singapore Grand Prix,2024,Singapore,4.0,4.0,3.0,5.0,3.847457627118644,0.6106401198187058,0.0,0,0,61,False
LEC,16,Ferrari,Singapore Grand Prix,2024,Singapore,8.0,5.0,4.0,8.0,6.322033898305085,1.4555562743489547,3.0,0,0,61,False
HAM,44,Mercedes,Singapore Grand Prix,2024,Singapore,3.0,6.0,3.0,12.0,5.745762711864407,2.6102795486372523,-3.0,0,0,61,False
SAI,55,Ferrari,Singapore Grand Prix,2024,Singapore,12.0,7.0,6.0,18.0,9.966101694915254,3.6717284368016334,5.0,0,0,61,False
ALO,14,Aston Martin,Singapore Grand Prix,2024,Singapore,7.0,8.0,6.0,14.0,7.706896551724138,1.4266710201153676,-1.0,0,0,60,False
HUL,27,Haas,Singapore Grand Prix,2024,Singapore,6.0,9.0,5.0,10.0,7.413793103448276,1.806756158448603,-3.0,0,0,60,False
PER,11,Red Bull Racing,Singapore Grand Prix,2024,Singapore,10.0,10.0,8.0,11.0,9.844827586206897,0.6156361461844229,0.0,0,0,60,False
COL,43,Williams,Singapore Grand Prix,2024,Singapore,9.0,11.0,6.0,12.0,9.810344827586206,1.4803614607407412,-2.0,0,0,60,False
TSU,22,Racing Bulls,Singapore Grand Prix,2024,Singapore,11.0,12.0,7.0,14.0,11.120689655172415,1.4639239052088686,-1.0,0,0,60,False
OCO,31,Alpine,Singapore Grand Prix,2024,Singapore,13.0,13.0,11.0,17.0,13.03448275862069,1.3107586826944626,0.0,0,0,60,False
STR,18,Aston Martin,Singapore Grand Prix,2024,Singapore,18.0,14.0,14.0,19.0,16.120689655172413,1.6445293275019193,4.0,0,0,60,False
ZHO,24,Kick Sauber,Singapore Grand Prix,2024,Singapore,20.0,15.0,14.0,20.0,16.67241379310345,1.5937149697228463,5.0,0,0,60,False
BOT,77,Kick Sauber,Singapore Grand Prix,2024,Singapore,19.0,16.0,16.0,20.0,17.655172413793103,1.2642413179859466,3.0,0,0,60,False
GAS,10,Alpine,Singapore Grand Prix,2024,Singapore,17.0,17.0,12.0,19.0,15.827586206896552,2.1203933021012604,0.0,0,0,60,False
RIC,3,Racing Bulls,Singapore Grand Prix,2024,Singapore,16.0,18.0,12.0,20.0,16.51851851851852,2.538315744820828,-2.0,0,0,60,False
MAG,20,Haas,Singapore Grand Prix,2024,Singapore,14.0,19.0,12.0,19.0,14.826923076923077,2.026502384784051,-5.0,0,0,56,True
ALB,23,Williams,Singapore Grand Prix,2024,Singapore,15.0,19.0,15.0,19.0,15.666666666666666,1.5569978883230458,-4.0,0,0,14,True
VER,1,Red Bull Racing,United States Grand Prix,2024,Austin,,4.0,2.0,5.0,2.9148936170212765,0.9742285071218181,,0,0,55,False
GAS,10,Alpine,United States Grand Prix,2024,Austin,,12.0,6.0,16.0,11.043478260869565,3.312981347763373,,0,0,55,False
PER,11,Red Bull Racing,United States Grand Prix,2024,Austin,,7.0,6.0,9.0,7.413043478260869,1.4075366497146196,,0,0,55,False
ALO,14,Aston Martin,United States Grand Prix,2024,Austin,,13.0,10.0,17.0,12.911111111111111,1.9048051943132733,,0,0,54,False
LEC,16,Ferrari,United States Grand Prix,2024,Austin,,1.0,1.0,3.0,1.148936170212766,0.5098475221447955,,43,0,55,False
STR,18,Aston Martin,United States Grand Prix,2024,Austin,,15.0,13.0,18.0,16.227272727272727,1.4920508184442969,,0,0,54,False
MAG,20,Haas,United States Grand Prix,2024,Austin,,11.0,7.0,15.0,10.409090909090908,2.275431794628979,,0,0,55,False
TSU,22,Racing Bulls,United States Grand Prix,2024,Austin,,14.0,8.0,17.0,12.8,3.042128441493793,,0,0,54,False
ALB,23,Williams,United States Grand Prix,2024,Austin,,16.0,14.0,19.0,16.711111111111112,1.561209062673458,,0,0,54,False
ZHO,24,Kick Sauber,United States Grand Prix,2024,Austin,,19.0,13.0,19.0,18.3953488372093,1.761216231332916,,0,0,54,False
HUL,27,Haas,United States Grand Prix,2024,Austin,,8.0,7.0,12.0,8.934782608695652,1.5972500522675213,,0,0,55,False
LAW,30,Racing Bulls,United States Grand Prix,2024,Austin,,9.0,7.0,12.0,9.23913043478261,1.5082702765264389,,0,0,55,False
OCO,31,Alpine,United States Grand Prix,2024,Austin,,18.0,11.0,18.0,14.80952380952381,2.0391066341103734,,0,0,54,False
NOR,4,McLaren,United States Grand Prix,2024,Austin,,3.0,1.0,4.0,3.5319148936170213,0.9053239590667612,,4,0,55,False
COL,43,Williams,United States Grand Prix,2024,Austin,,10.0,8.0,14.0,10.58695652173913,2.1037119253201704,,0,0,55,False
SAI,55,Ferrari,United States Grand Prix,2024,Austin,,2.0,2.0,5.0,2.7872340425531914,0.9073652783643025,,0,0,55,False
RUS,63,Mercedes,United States Grand Prix,2024,Austin,,6.0,6.0,16.0,8.829787234042554,3.3707124065484395,,0,0,55,False
BOT,77,Kick Sauber,United States Grand Prix,2024,Austin,,17.0,14.0,18.0,16.333333333333332,1.4301938838683885,,0,0,54,False
PIA,81,McLaren,United States Grand Prix,2024,Austin,,5.0,2.0,5.0,4.565217391304348,0.934574743768962,,0,0,55,False
SAI,55,Ferrari,Mexico City Grand Prix,2024,Mexico City,,1.0,1.0,2.0,1.032258064516129,0.17812704394997528,,60,0,70,False
NOR,4,McLaren,Mexico City Grand Prix,2024,Mexico City,,2.0,2.0,4.0,3.129032258064516,0.6136125484359786,,0,0,70,False
LEC,16,Ferrari,Mexico City Grand Prix,2024,Mexico City,,3.0,2.0,4.0,2.2,0.5142049977013224,,0,0,68,False
HAM,44,Mercedes,Mexico City Grand Prix,2024,Mexico City,,4.0,4.0,9.0,5.290322580645161,0.817575319119025,,0,0,70,False
RUS,63,Mercedes,Mexico City Grand Prix,2024,Mexico City,,5.0,4.0,6.0,4.532258064516129,0.7178689303510813,,0,0,70,False
VER,1,Red Bull Racing,Mexico City Grand Prix,2024,Mexico City,,6.0,1.0,15.0,5.67741935483871,2.622564091003789,,2,0,70,False
MAG,20,Haas,Mexico City Grand Prix,2024,Mexico City,,7.0,5.0,12.0,7.387096774193548,1.2849040113370647,,0,0,70,False
PIA,81,McLaren,Mexico City Grand Prix,2024,Mexico City,,8.0,5.0,17.0,10.112903225806452,3.254781293600194,,0,0,70,False
HUL,27,Haas,Mexico City Grand Prix,2024,Mexico City,,9.0,7.0,13.0,8.836065573770492,1.4512101601634924,,0,0,69,False
GAS,10,Alpine,Mexico City Grand Prix,2024,Mexico City,,10.0,8.0,15.0,10.40983606557377,1.7642472349449574,,0,0,69,False
STR,18,Aston Martin,Mexico City Grand Prix,2024,Mexico City,,11.0,11.0,17.0,12.78688524590164,2.3601889338098947,,0,0,69,False
COL,43,Williams,Mexico City Grand Prix,2024,Mexico City,,12.0,8.0,14.0,11.62295081967213,2.1845208050144507,,0,0,69,False
OCO,31,Alpine,Mexico City Grand Prix,2024,Mexico City,,14.0,11.0,18.0,14.885245901639344,1.9416347120895983,,0,0,69,False
BOT,77,Kick Sauber,Mexico City Grand Prix,2024,Mexico City,,13.0,9.0,16.0,13.081967213114755,1.791601536495705,,0,0,69,False
ZHO,24,Kick Sauber,Mexico City Grand Prix,2024,Mexico City,,15.0,13.0,17.0,15.868852459016393,1.1615422195808693,,0,0,69,False
LAW,30,Racing Bulls,Mexico City Grand Prix,2024,Mexico City,,16.0,4.0,17.0,10.88135593220339,2.977413513974329,,0,0,69,False
PER,11,Red Bull Racing,Mexico City Grand Prix,2024,Mexico City,,15.0,11.0,17.0,15.12280701754386,1.9736675020178303,,0,0,67,True
ALO,14,Aston Martin,Mexico City Grand Prix,2024,Mexico City,,13.0,12.0,13.0,12.5,0.5345224838248488,,0,0,14,True
VER,1,Red Bull Racing,São Paulo Grand Prix,2024,São Paulo,,1.0,1.0,10.0,3.6808510638297873,3.058177796312297,,23,0,68,False
GAS,10,Alpine,São Paulo Grand Prix,2024,São Paulo,,3.0,3.0,10.0,6.0,3.2570992696222683,,0,0,68,False
PER,11,Red Bull Racing,São Paulo Grand Prix,2024,São Paulo,,11.0,10.0,18.0,13.346938775510203,2.883509294304448,,0,0,68,False
ALO,14,Aston Martin,São Paulo Grand Prix,2024,São Paulo,,14.0,8.0,15.0,11.84,2.690573112455669,,0,0,68,False
LEC,16,Ferrari,São Paulo Grand Prix,2024,São Paulo,,5.0,4.0,12.0,5.23404255319149,1.087733302459889,,0,0,68,False
TSU,22,Racing Bulls,São Paulo Grand Prix,2024,São Paulo,,8.0,3.0,8.0,5.76595744680851,2.5126875093988486,,0,0,68,False
ZHO,24,Kick Sauber,São Paulo Grand Prix,2024,São Paulo,,15.0,14.0,18.0,16.04255319148936,1.7189158211995224,,0,0,68,False
HUL,27,Haas,São Paulo Grand Prix,2024,São Paulo,,11.0,11.0,14.0,11.619047619047619,0.9734572654303051,,0,0,24,True
LAW,30,Racing Bulls,São Paulo Grand Prix,2024,São Paulo,,9.0,6.0,11.0,8.042553191489361,1.4589669783268877,,0,0,68,False
OCO,31,Alpine,São Paulo Grand Prix,2024,São Paulo,,2.0,1.0,4.0,2.847826086956522,1.0947834144878528,,3,0,68,False
NOR,4,McLaren,São Paulo Grand Prix,2024,São Paulo,,6.0,2.0,7.0,4.125,1.9960066515899915,,0,0,68,False
COL,43,Williams,São Paulo Grand Prix,2024,São Paulo,,14.0,12.0,14.0,12.428571428571429,0.6761234037828132,,0,0,24,True
HAM,44,Mercedes,São Paulo Grand Prix,2024,São Paulo,,10.0,9.0,15.0,11.26530612244898,1.5913242677625665,,0,0,68,False
BEA,50,Haas,São Paulo Grand Prix,2024,São Paulo,,12.0,10.0,16.0,13.306122448979592,1.6608742882471703,,0,0,68,False
SAI,55,Ferrari,São Paulo Grand Prix,2024,São Paulo,,13.0,13.0,17.0,14.26923076923077,1.1509193649493368,,0,0,37,True
RUS,63,Mercedes,São Paulo Grand Prix,2024,São Paulo,,4.0,1.0,5.0,2.6458333333333335,1.5366388206889174,,22,0,68,False
BOT,77,Kick Sauber,São Paulo Grand Prix,2024,São Paulo,,13.0,12.0,17.0,14.375,1.757960617282109,,0,0,68,False
PIA,81,McLaren,São Paulo Grand Prix,2024,São Paulo,,7.0,6.0,8.0,7.270833333333333,0.49420399497827033,,0,0,68,False
RUS,63,Mercedes,Las Vegas Grand Prix,2024,Las Vegas,1.0,1.0,1.0,1.0,1.0,0.0,0.0,45,0,49,False
HAM,44,Mercedes,Las Vegas Grand Prix,2024,Las Vegas,10.0,2.0,2.0,10.0,4.488888888888889,2.7767068642730384,8.0,0,0,49,False
SAI,55,Ferrari,Las Vegas Grand Prix,2024,Las Vegas,3.0,3.0,2.0,8.0,3.488888888888889,1.079187872729519,0.0,0,0,49,False
LEC,16,Ferrari,Las Vegas Grand Prix,2024,Las Vegas,2.0,4.0,2.0,12.0,4.288888888888889,1.9379255804998174,-2.0,0,0,49,False
VER,1,Red Bull Racing,Las Vegas Grand Prix,2024,Las Vegas,5.0,5.0,2.0,5.0,3.311111111111111,1.0833916068243161,0.0,0,0,49,False
NOR,4,McLaren,Las Vegas Grand Prix,2024,Las Vegas,6.0,6.0,3.0,14.0,6.3023255813953485,1.626197488752596,0.0,0,0,47,False
PIA,81,McLaren,Las Vegas Grand Prix,2024,Las Vegas,8.0,7.0,7.0,16.0,8.866666666666667,2.473495869853398,1.0,0,0,49,False
HUL,27,Haas,Las Vegas Grand Prix,2024,Las Vegas,9.0,8.0,3.0,15.0,8.466666666666667,2.0626549528569855,1.0,0,0,49,False
TSU,22,Racing Bulls,Las Vegas Grand Prix,2024,Las Vegas,7.0,9.0,6.0,13.0,8.28888888888889,1.7916754756654478,-2.0,0,0,49,False
PER,11,Red Bull Racing,Las Vegas Grand Prix,2024,Las Vegas,17.0,10.0,2.0,17.0,10.933333333333334,3.7803318757629056,7.0,0,0,49,False
ALO,14,Aston Martin,Las Vegas Grand Prix,2024,Las Vegas,15.0,11.0,10.0,20.0,13.044444444444444,3.01477841455867,4.0,0,0,49,False
MAG,20,Haas,Las Vegas Grand Prix,2024,Las Vegas,14.0,12.0,6.0,18.0,13.617021276595745,2.98949749659473,2.0,0,0,49,False
ZHO,24,Kick Sauber,Las Vegas Grand Prix,2024,Las Vegas,12.0,14.0,7.0,17.0,12.666666666666666,2.421494654884946,-2.0,0,0,49,False
COL,43,Williams,Las Vegas Grand Prix,2024,Las Vegas,,13.0,9.0,20.0,15.363636363636363,2.804406077245019,,0,0,49,False
STR,18,Aston Martin,Las Vegas Grand Prix,2024,Las Vegas,18.0,15.0,13.0,20.0,16.844444444444445,1.6916312132424616,3.0,0,0,49,False
LAW,30,Racing Bulls,Las Vegas Grand Prix,2024,Las Vegas,13.0,16.0,10.0,18.0,13.822222222222223,2.2692498649322315,-3.0,0,0,49,False
OCO,31,Alpine,Las Vegas Grand Prix,2024,Las Vegas,11.0,17.0,6.0,19.0,12.744186046511627,2.9039630003530887,-6.0,0,0,48,False
BOT,77,Kick Sauber,Las Vegas Grand Prix,2024,Las Vegas,19.0,18.0,7.0,19.0,16.65909090909091,3.161859784030425,1.0,0,0,48,False
ALB,23,Williams,Las Vegas Grand Prix,2024,Las Vegas,16.0,10.0,9.0,19.0,13.727272727272727,3.3831771230438767,6.0,0,0,24,True
GAS,10,Alpine,Las Vegas Grand Prix,2024,Las Vegas,4.0,13.0,4.0,13.0,6.75,3.816828764587405,-9.0,0,0,14,True
VER,1,Red Bull Racing,Qatar Grand Prix,2024,Lusail,,1.0,1.0,1.0,1.0,0.0,,42,0,56,False
GAS,10,Alpine,Qatar Grand Prix,2024,Lusail,,5.0,5.0,11.0,8.142857142857142,2.322440144114917,,0,0,56,False
PER,11,Red Bull Racing,Qatar Grand Prix,2024,Lusail,,5.0,5.0,7.0,6.607142857142857,0.5669467095138409,,0,0,34,True
ALO,14,Aston Martin,Qatar Grand Prix,2024,Lusail,,7.0,7.0,12.0,9.523809523809524,1.9157638130062271,,0,0,56,False
LEC,16,Ferrari,Qatar Grand Prix,2024,Lusail,,2.0,2.0,5.0,3.7560975609756095,1.280243879205795,,0,0,56,False
STR,18,Aston Martin,Qatar Grand Prix,2024,Lusail,,17.0,17.0,17.0,17.0,,,0,0,6,True
MAG,20,Haas,Qatar Grand Prix,2024,Lusail,,9.0,8.0,16.0,10.025,2.1181450520534377,,0,0,56,False
TSU,22,Racing Bulls,Qatar Grand Prix,2024,Lusail,,13.0,9.0,14.0,12.142857142857142,1.4410603916091818,,0,0,56,False
ALB,23,Williams,Qatar Grand Prix,2024,Lusail,,12.0,9.0,15.0,13.125,2.2209665255677105,,0,0,54,False
ZHO,24,Kick Sauber,Qatar Grand Prix,2024,Lusail,,8.0,8.0,13.0,10.785714285714286,1.9697184927716322,,0,0,56,False
HUL,27,Haas,Qatar Grand Prix,2024,Lusail,,16.0,14.0,16.0,15.72,0.6137317546507324,,0,0,33,True
LAW,30,Racing Bulls,Qatar Grand Prix,2024,Lusail,,14.0,13.0,18.0,15.547619047619047,1.5648950865228828,,0,0,56,False
NOR,4,McLaren,Qatar Grand Prix,2024,Lusail,,10.0,2.0,15.0,4.575,4.612622036464949,,0,0,56,False
HAM,44,Mercedes,Qatar Grand Prix,2024,Lusail,,12.0,7.0,15.0,9.58974358974359,3.0411039262771595,,0,0,56,False
SAI,55,Ferrari,Qatar Grand Prix,2024,Lusail,,6.0,5.0,7.0,5.875,0.515776735638242,,0,0,56,False
RUS,63,Mercedes,Qatar Grand Prix,2024,Lusail,,4.0,3.0,11.0,5.025,2.86882000221837,,0,0,56,False
BOT,77,Kick Sauber,Qatar Grand Prix,2024,Lusail,,11.0,10.0,17.0,13.435897435897436,2.1000610491736684,,0,0,56,False
PIA,81,McLaren,Qatar Grand Prix,2024,Lusail,,3.0,3.0,4.0,3.475,0.505736325340815,,0,0,56,False
VER,1,Red Bull Racing,Abu Dhabi Grand Prix,2024,Yas Marina,,6.0,3.0,10.0,6.647058823529412,1.9372509327577025,,0,0,56,False
GAS,10,Alpine,Abu Dhabi Grand Prix,2024,Yas Marina,,7.0,3.0,9.0,5.877551020408164,1.7155253454508779,,0,0,56,False
ALO,14,Aston Martin,Abu Dhabi Grand Prix,2024,Yas Marina,,9.0,6.0,12.0,9.3125,1.881107075577367,,0,0,56,False
LEC,16,Ferrari,Abu Dhabi Grand Prix,2024,Yas Marina,,3.0,3.0,8.0,4.428571428571429,1.707825127659933,,0,0,56,False
STR,18,Aston Martin,Abu Dhabi Grand Prix,2024,Yas Marina,,12.0,9.0,15.0,12.520833333333334,1.5843595032255127,,0,0,56,False
MAG,20,Haas,Abu Dhabi Grand Prix,2024,Yas Marina,,16.0,7.0,16.0,13.91304347826087,3.0391964358766623,,0,0,54,True
TSU,22,Racing Bulls,Abu Dhabi Grand Prix,2024,Yas Marina,,13.0,8.0,16.0,12.24,2.2366155189463917,,0,0,56,False
ALB,23,Williams,Abu Dhabi Grand Prix,2024,Yas Marina,,11.0,9.0,16.0,12.06,2.6527613645299604,,0,0,56,False
ZHO,24,Kick Sauber,Abu Dhabi Grand Prix,2024,Yas Marina,,14.0,10.0,17.0,14.23404255319149,1.8558106860608619,,0,0,55,False
HUL,27,Haas,Abu Dhabi Grand Prix,2024,Yas Marina,,8.0,5.0,11.0,7.428571428571429,1.5545631755148026,,0,0,56,False
LAW,30,Racing Bulls,Abu Dhabi Grand Prix,2024,Yas Marina,,17.0,6.0,18.0,13.808510638297872,4.256137756598726,,0,0,55,False
NOR,4,McLaren,Abu Dhabi Grand Prix,2024,Yas Marina,,1.0,1.0,1.0,1.0,0.0,,51,0,57,False
COL,43,Williams,Abu Dhabi Grand Prix,2024,Yas Marina,,19.0,19.0,19.0,19.0,0.0,,0,0,25,True
HAM,44,Mercedes,Abu Dhabi Grand Prix,2024,Yas Marina,,5.0,3.0,12.0,6.48,2.734809622893226,,0,0,56,False
SAI,55,Ferrari,Abu Dhabi Grand Prix,2024,Yas Marina,,2.0,2.0,2.0,2.0,0.0,,0,0,57,False
DOO,61,Alpine,Abu Dhabi Grand Prix,2024,Yas Marina,,15.0,10.0,18.0,14.122448979591837,2.0065793142105517,,0,0,55,False
RUS,63,Mercedes,Abu Dhabi Grand Prix,2024,Yas Marina,,4.0,3.0,6.0,3.8979591836734695,0.6844979291173834,,0,0,56,False
BOT,77,Kick Sauber,Abu Dhabi Grand Prix,2024,Yas Marina,,17.0,13.0,18.0,17.291666666666668,1.3981094896064243,,0,0,29,True
PIA,81,McLaren,Abu Dhabi Grand Prix,2024,Yas Marina,,10.0,9.0,18.0,12.666666666666666,2.4086133852730103,,0,0,56,False
VER,1,Red Bull Racing,Australian Grand Prix,2025,Melbourne,,2.0,2.0,3.0,2.5625,0.5040161287741853,,0,0,56,False
GAS,10,Alpine,Australian Grand Prix,2025,Melbourne,,11.0,8.0,11.0,9.09375,0.5880188169032162,,0,0,56,False
ANT,12,Mercedes,Australian Grand Prix,2025,Melbourne,,4.0,4.0,13.0,10.545454545454545,2.693637284079246,,0,0,56,False
ALO,14,Aston Martin,Australian Grand Prix,2025,Melbourne,,10.0,10.0,10.0,10.0,0.0,,0,0,32,True
LEC,16,Ferrari,Australian Grand Prix,2025,Melbourne,,8.0,2.0,9.0,5.454545454545454,1.3939805659268778,,0,0,56,False
STR,18,Aston Martin,Australian Grand Prix,2025,Melbourne,,6.0,6.0,12.0,10.545454545454545,2.016973430212163,,0,0,56,False
TSU,22,Racing Bulls,Australian Grand Prix,2025,Melbourne,,12.0,4.0,12.0,6.787878787878788,2.1902850236552514,,0,0,56,False
ALB,23,Williams,Australian Grand Prix,2025,Melbourne,,5.0,4.0,7.0,6.575757575757576,1.0316946929174053,,0,0,56,False
HUL,27,Kick Sauber,Australian Grand Prix,2025,Melbourne,,7.0,7.0,13.0,11.787878787878787,2.1029380601550023,,0,0,56,False
LAW,30,Red Bull Racing,Australian Grand Prix,2025,Melbourne,,9.0,9.0,16.0,15.107142857142858,1.3427248612094933,,0,0,46,True
OCO,31,Haas,Australian Grand Prix,2025,Melbourne,,13.0,13.0,16.0,15.096774193548388,1.0441851275732486,,0,0,56,False
NOR,4,McLaren,Australian Grand Prix,2025,Melbourne,,1.0,1.0,3.0,1.0588235294117647,0.34299717028501764,,33,0,56,False
HAM,44,Ferrari,Australian Grand Prix,2025,Melbourne,,9.0,1.0,10.0,8.0,1.3693063937629153,,1,0,56,False
BOR,5,Kick Sauber,Australian Grand Prix,2025,Melbourne,,13.0,13.0,14.0,13.925925925925926,0.2668802563418119,,0,0,43,True
RUS,63,Mercedes,Australian Grand Prix,2025,Melbourne,,3.0,3.0,6.0,3.909090909090909,0.5222329678670935,,0,0,56,False
PIA,81,McLaren,Australian Grand Prix,2025,Melbourne,,10.0,2.0,12.0,3.606060606060606,3.131886351899143,,0,0,56,False
BEA,87,Haas,Australian Grand Prix,2025,Melbourne,,14.0,14.0,17.0,16.451612903225808,1.120675679442819,,0,0,56,False
PIA,81,McLaren,Chinese Grand Prix,2025,Shanghai,,1.0,1.0,2.0,1.02,0.14142135623730948,,49,0,55,False
NOR,4,McLaren,Chinese Grand Prix,2025,Shanghai,,2.0,1.0,4.0,2.04,0.3475864303027554,,1,0,55,False
RUS,63,Mercedes,Chinese Grand Prix,2025,Shanghai,,3.0,3.0,4.0,3.04,0.19794866372215744,,0,0,55,False
VER,1,Red Bull Racing,Chinese Grand Prix,2025,Shanghai,,4.0,4.0,11.0,5.92,1.397373629787141,,0,0,55,False
OCO,31,Haas,Chinese Grand Prix,2025,Shanghai,,7.0,7.0,15.0,9.061224489795919,2.2211874007808876,,0,0,55,False
ANT,12,Mercedes,Chinese Grand Prix,2025,Shanghai,,8.0,7.0,15.0,9.38,2.275781991639223,,0,0,55,False
ALB,23,Williams,Chinese Grand Prix,2025,Shanghai,,9.0,1.0,13.0,9.306122448979592,2.9735226137855215,,1,0,55,False
BEA,87,Haas,Chinese Grand Prix,2025,Shanghai,,10.0,8.0,17.0,11.285714285714286,2.7688746209726918,,0,0,55,False
STR,18,Aston Martin,Chinese Grand Prix,2025,Shanghai,,12.0,5.0,14.0,9.653061224489797,2.912265873337598,,0,0,55,False
SAI,55,Williams,Chinese Grand Prix,2025,Shanghai,,13.0,6.0,17.0,13.061224489795919,2.164179629649017,,0,0,55,False
HAD,6,Racing Bulls,Chinese Grand Prix,2025,Shanghai,,15.0,8.0,16.0,13.404255319148936,2.6347145251520474,,0,0,55,False
LAW,30,Red Bull Racing,Chinese Grand Prix,2025,Shanghai,,16.0,9.0,17.0,15.872340425531915,2.1225192299696887,,0,0,55,False
DOO,7,Alpine,Chinese Grand Prix,2025,Shanghai,,14.0,13.0,18.0,15.16326530612245,1.296581061476525,,0,0,55,False
BOR,5,Kick Sauber,Chinese Grand Prix,2025,Shanghai,,17.0,17.0,20.0,18.551020408163264,0.7921811790292441,,0,0,54,False
HUL,27,Kick Sauber,Chinese Grand Prix,2025,Shanghai,,18.0,12.0,19.0,17.333333333333332,1.9387793191147233,,0,0,54,False
TSU,22,Racing Bulls,Chinese Grand Prix,2025,Shanghai,,19.0,8.0,19.0,11.931818181818182,4.054269797889669,,0,0,54,False
LEC,16,Ferrari,Chinese Grand Prix,2025,Shanghai,,5.0,3.0,7.0,4.4,0.7559289460184544,,0,0,55,False
HAM,44,Ferrari,Chinese Grand Prix,2025,Shanghai,,6.0,4.0,9.0,5.291666666666667,0.9666422105001247,,0,0,55,False
GAS,10,Alpine,Chinese Grand Prix,2025,Shanghai,,11.0,10.0,17.0,12.653061224489797,2.0468575549705785,,0,0,55,False
VER,1,Red Bull Racing,Japanese Grand Prix,2025,Suzuka,1.0,1.0,1.0,5.0,1.38,0.9010198303555131,0.0,41,0,52,False
NOR,4,McLaren,Japanese Grand Prix,2025,Suzuka,2.0,2.0,2.0,6.0,2.4,0.9476070829586857,0.0,0,0,52,False
PIA,81,McLaren,Japanese Grand Prix,2025,Suzuka,3.0,3.0,3.0,7.0,3.5,1.0926470386270253,0.0,0,0,52,False
LEC,16,Ferrari,Japanese Grand Prix,2025,Suzuka,4.0,4.0,4.0,10.0,4.48,1.1993195349608776,0.0,0,0,52,False
RUS,63,Mercedes,Japanese Grand Prix,2025,Suzuka,5.0,5.0,5.0,12.0,5.74,1.6880129605847345,0.0,0,0,52,False
ANT,12,Mercedes,Japanese Grand Prix,2025,Suzuka,6.0,6.0,1.0,6.0,5.04,1.9373872580759643,0.0,9,0,52,False
HAM,44,Ferrari,Japanese Grand Prix,2025,Suzuka,8.0,7.0,2.0,8.0,6.24,1.9225832961440825,1.0,0,0,52,False
HAD,6,Racing Bulls,Japanese Grand Prix,2025,Suzuka,7.0,8.0,3.0,10.0,7.68,1.3767752917893437,-1.0,0,0,52,False
ALB,23,Williams,Japanese Grand Prix,2025,Suzuka,9.0,9.0,4.0,13.0,9.04,1.4422205101855956,0.0,0,0,52,False
BEA,87,Haas,Japanese Grand Prix,2025,Suzuka,10.0,10.0,8.0,14.0,10.5,1.4742691028964496,0.0,0,0,52,False
ALO,14,Aston Martin,Japanese Grand Prix,2025,Suzuka,11.0,11.0,8.0,15.0,11.44,1.5274361605284184,0.0,0,0,52,False
TSU,22,Red Bull Racing,Japanese Grand Prix,2025,Suzuka,13.0,12.0,12.0,16.0,13.08,1.3376799897965284,1.0,0,0,52,False
GAS,10,Alpine,Japanese Grand Prix,2025,Suzuka,12.0,13.0,11.0,18.0,13.22,2.0029569977145982,-1.0,0,0,52,False
SAI,55,Williams,Japanese Grand Prix,2025,Suzuka,16.0,14.0,9.0,17.0,14.38,2.1274685541693894,2.0,0,0,52,False
DOO,7,Alpine,Japanese Grand Prix,2025,Suzuka,18.0,15.0,14.0,19.0,16.44,1.9289417633849426,3.0,0,0,52,False
HUL,27,Kick Sauber,Japanese Grand Prix,2025,Suzuka,15.0,16.0,15.0,19.0,16.24,1.3486198538521081,-1.0,0,0,52,False
LAW,30,Racing Bulls,Japanese Grand Prix,2025,Suzuka,14.0,17.0,8.0,17.0,14.14,2.8785625664521506,-3.0,0,0,52,False
OCO,31,Haas,Japanese Grand Prix,2025,Suzuka,17.0,18.0,11.0,18.0,16.5,2.1969366427471,-1.0,0,0,52,False
BOR,5,Kick Sauber,Japanese Grand Prix,2025,Suzuka,20.0,19.0,12.0,20.0,18.1,2.2610273987634875,1.0,0,0,52,False
STR,18,Aston Martin,Japanese Grand Prix,2025,Suzuka,19.0,20.0,19.0,20.0,19.829787234042552,0.37988264413072154,-1.0,0,0,51,False
PIA,81,McLaren,Bahrain Grand Prix,2025,Sakhir,1.0,1.0,1.0,3.0,1.08,0.3958973274443149,0.0,48,0,56,False
RUS,63,Mercedes,Bahrain Grand Prix,2025,Sakhir,2.0,2.0,2.0,4.0,2.12,0.4797958749641905,0.0,0,0,56,False
NOR,4,McLaren,Bahrain Grand Prix,2025,Sakhir,3.0,3.0,3.0,11.0,4.04,1.6777049435317943,0.0,0,0,56,False
LEC,16,Ferrari,Bahrain Grand Prix,2025,Sakhir,4.0,4.0,1.0,4.0,3.28,0.7295511619887831,0.0,2,0,56,False
HAM,44,Ferrari,Bahrain Grand Prix,2025,Sakhir,9.0,5.0,2.0,10.0,6.12,2.0960604446807114,4.0,0,0,56,False
VER,1,Red Bull Racing,Bahrain Grand Prix,2025,Sakhir,8.0,7.0,7.0,17.0,8.520833333333334,2.5928673303714946,1.0,0,0,56,False
GAS,10,Alpine,Bahrain Grand Prix,2025,Sakhir,5.0,6.0,5.0,13.0,6.166666666666667,1.7544270245288525,-1.0,0,0,56,False
OCO,31,Haas,Bahrain Grand Prix,2025,Sakhir,13.0,8.0,6.0,17.0,9.083333333333334,2.773992693031636,5.0,0,0,56,False
TSU,22,Red Bull Racing,Bahrain Grand Prix,2025,Sakhir,10.0,9.0,6.0,18.0,10.02,1.9324300024284748,1.0,0,0,56,False
BEA,87,Haas,Bahrain Grand Prix,2025,Sakhir,15.0,10.0,7.0,17.0,11.7,2.168889492955568,5.0,0,0,56,False
ANT,12,Mercedes,Bahrain Grand Prix,2025,Sakhir,7.0,11.0,4.0,14.0,9.604166666666666,2.7033437398685582,-4.0,0,0,56,False
ALB,23,Williams,Bahrain Grand Prix,2025,Sakhir,14.0,12.0,4.0,16.0,11.96,2.626085781274527,2.0,0,0,56,False
HAD,6,Racing Bulls,Bahrain Grand Prix,2025,Sakhir,16.0,16.0,12.0,19.0,16.0625,1.6936206965639582,0.0,0,0,56,False
DOO,7,Alpine,Bahrain Grand Prix,2025,Sakhir,11.0,14.0,9.0,18.0,11.479166666666666,2.4839020720523783,-3.0,0,0,56,False
ALO,14,Aston Martin,Bahrain Grand Prix,2025,Sakhir,12.0,17.0,7.0,18.0,15.24,3.0207446034353302,-5.0,0,0,56,False
LAW,30,Racing Bulls,Bahrain Grand Prix,2025,Sakhir,17.0,13.0,9.0,19.0,15.68,2.534979772893581,4.0,0,0,56,False
STR,18,Aston Martin,Bahrain Grand Prix,2025,Sakhir,18.0,18.0,12.0,19.0,17.64,1.289834667462367,0.0,0,0,56,False
BOR,5,Kick Sauber,Bahrain Grand Prix,2025,Sakhir,19.0,19.0,12.0,20.0,18.96,1.590276577151514,0.0,0,0,56,False
SAI,55,Williams,Bahrain Grand Prix,2025,Sakhir,6.0,16.0,5.0,16.0,10.27027027027027,3.305287419412255,-10.0,0,0,43,True
HUL,27,Kick Sauber,Bahrain Grand Prix,2025,Sakhir,20.0,15.0,15.0,20.0,16.708333333333332,2.133405362259201,5.0,0,0,56,False
PIA,81,McLaren,Saudi Arabian Grand Prix,2025,Jeddah,,1.0,1.0,4.0,1.8636363636363635,0.7950693721644113,,16,0,49,False
VER,1,Red Bull Racing,Saudi Arabian Grand Prix,2025,Jeddah,,2.0,1.0,4.0,2.0454545454545454,1.0773469881006563,,17,0,49,False
LEC,16,Ferrari,Saudi Arabian Grand Prix,2025,Jeddah,,3.0,1.0,5.0,3.25,1.2031934252665493,,7,0,49,False
NOR,4,McLaren,Saudi Arabian Grand Prix,2025,Jeddah,,4.0,1.0,8.0,4.431818181818182,2.117454892550799,,4,0,49,False
RUS,63,Mercedes,Saudi Arabian Grand Prix,2025,Jeddah,,5.0,3.0,6.0,3.977272727272727,0.9520757338362482,,0,0,49,False
ANT,12,Mercedes,Saudi Arabian Grand Prix,2025,Jeddah,,6.0,5.0,10.0,6.0,1.0783277320343843,,0,0,49,False
HAM,44,Ferrari,Saudi Arabian Grand Prix,2025,Jeddah,,7.0,4.0,8.0,6.818181818181818,0.8963161628843809,,0,0,49,False
SAI,55,Williams,Saudi Arabian Grand Prix,2025,Jeddah,,8.0,7.0,13.0,8.568181818181818,1.370753099283973,,0,0,49,False
ALB,23,Williams,Saudi Arabian Grand Prix,2025,Jeddah,,9.0,8.0,14.0,9.590909090909092,1.3694028883470006,,0,0,49,False
HAD,6,Racing Bulls,Saudi Arabian Grand Prix,2025,Jeddah,,10.0,6.0,10.0,9.0,1.584811631386123,,0,0,49,False
ALO,14,Aston Martin,Saudi Arabian Grand Prix,2025,Jeddah,,12.0,11.0,17.0,13.022727272727273,2.0628343152716253,,0,0,49,False
LAW,30,Racing Bulls,Saudi Arabian Grand Prix,2025,Jeddah,,11.0,11.0,16.0,12.272727272727273,1.6046971222391537,,0,0,49,False
BEA,87,Haas,Saudi Arabian Grand Prix,2025,Jeddah,,13.0,13.0,18.0,14.613636363636363,2.002508997057965,,0,0,49,False
OCO,31,Haas,Saudi Arabian Grand Prix,2025,Jeddah,,14.0,11.0,17.0,14.543478260869565,1.9630647438140694,,0,0,49,False
HUL,27,Kick Sauber,Saudi Arabian Grand Prix,2025,Jeddah,,15.0,10.0,17.0,14.093023255813954,2.1471348959371537,,0,0,48,False
STR,18,Aston Martin,Saudi Arabian Grand Prix,2025,Jeddah,,16.0,9.0,17.0,12.813953488372093,2.602707509255994,,0,0,48,False
DOO,7,Alpine,Saudi Arabian Grand Prix,2025,Jeddah,,18.0,12.0,18.0,16.209302325581394,1.6555554316830998,,0,0,48,False
BOR,5,Kick Sauber,Saudi Arabian Grand Prix,2025,Jeddah,,17.0,14.0,18.0,16.88888888888889,1.1720654306553768,,0,0,48,False
VER,1,Red Bull Racing,Miami Grand Prix,2025,Miami,,4.0,1.0,4.0,3.021276595744681,1.2245560278361698,,10,0,56,False
GAS,10,Alpine,Miami Grand Prix,2025,Miami,,13.0,12.0,18.0,14.551020408163266,2.0520439453728803,,0,0,56,False
ANT,12,Mercedes,Miami Grand Prix,2025,Miami,,6.0,3.0,8.0,5.041666666666667,1.2196674351979186,,0,0,56,False
ALO,14,Aston Martin,Miami Grand Prix,2025,Miami,,15.0,14.0,18.0,15.875,1.3780189295553114,,0,0,55,False
LEC,16,Ferrari,Miami Grand Prix,2025,Miami,,7.0,4.0,8.0,7.6,0.8806305718527109,,0,0,56,False
STR,18,Aston Martin,Miami Grand Prix,2025,Miami,,16.0,14.0,18.0,15.891304347826088,0.971328091259367,,0,0,55,False
TSU,22,Red Bull Racing,Miami Grand Prix,2025,Miami,,10.0,7.0,11.0,9.5,0.7145896010104964,,0,0,56,False
ALB,23,Williams,Miami Grand Prix,2025,Miami,,5.0,5.0,7.0,5.645833333333333,0.7852248176060136,,0,0,56,False
HUL,27,Kick Sauber,Miami Grand Prix,2025,Miami,,14.0,10.0,14.0,13.26086956521739,1.323879528065495,,0,0,55,False
LAW,30,Racing Bulls,Miami Grand Prix,2025,Miami,,17.0,17.0,19.0,18.75,0.6454972243679028,,0,0,35,True
OCO,31,Haas,Miami Grand Prix,2025,Miami,,12.0,10.0,16.0,11.595744680851064,1.6373304687294457,,0,0,56,False
NOR,4,McLaren,Miami Grand Prix,2025,Miami,,2.0,2.0,5.0,2.4489795918367347,0.8431395814107511,,0,0,56,False
HAM,44,Ferrari,Miami Grand Prix,2025,Miami,,8.0,7.0,11.0,9.0,1.7261494247992246,,0,0,56,False
BOR,5,Kick Sauber,Miami Grand Prix,2025,Miami,,17.0,13.0,17.0,14.391304347826088,1.947939014230696,,0,0,30,True
SAI,55,Williams,Miami Grand Prix,2025,Miami,,9.0,6.0,10.0,7.854166666666667,1.2714472125040808,,0,0,56,False
HAD,6,Racing Bulls,Miami Grand Prix,2025,Miami,,11.0,11.0,15.0,11.851063829787234,1.1224724922407618,,0,0,56,False
RUS,63,Mercedes,Miami Grand Prix,2025,Miami,,3.0,3.0,5.0,3.8,0.9476070829586857,,0,0,56,False
PIA,81,McLaren,Miami Grand Prix,2025,Miami,,1.0,1.0,2.0,1.2040816326530612,0.4072055089639778,,39,0,56,False
BEA,87,Haas,Miami Grand Prix,2025,Miami,,13.0,12.0,16.0,14.958333333333334,1.5174110293140939,,0,0,27,True
VER,1,Red Bull Racing,Emilia Romagna Grand Prix,2025,Imola,1.0,1.0,1.0,1.0,1.0,0.0,0.0,51,0,62,False
GAS,10,Alpine,Emilia Romagna Grand Prix,2025,Imola,9.0,13.0,9.0,19.0,15.145833333333334,2.1732374451283047,-4.0,0,0,62,False
ANT,12,Mercedes,Emilia Romagna Grand Prix,2025,Imola,12.0,8.0,5.0,12.0,7.463414634146342,2.377998748691952,4.0,0,0,44,True
ALO,14,Aston Martin,Emilia Romagna Grand Prix,2025,Imola,5.0,11.0,4.0,16.0,10.787234042553191,3.793221472533007,-6.0,0,0,62,False
LEC,16,Ferrari,Emilia Romagna Grand Prix,2025,Imola,10.0,5.0,4.0,15.0,8.354166666666666,2.809479268274683,5.0,0,0,62,False
STR,18,Aston Martin,Emilia Romagna Grand Prix,2025,Imola,8.0,15.0,5.0,16.0,12.382978723404255,3.5111820844228876,-7.0,0,0,62,False
TSU,22,Red Bull Racing,Emilia Romagna Grand Prix,2025,Imola,,10.0,10.0,19.0,13.10204081632653,3.13744122095793,,0,0,62,False
ALB,23,Williams,Emilia Romagna Grand Prix,2025,Imola,7.0,6.0,3.0,7.0,4.4,1.5907898179514348,1.0,0,0,62,False
HUL,27,Kick Sauber,Emilia Romagna Grand Prix,2025,Imola,16.0,12.0,7.0,16.0,11.040816326530612,2.936545473805555,4.0,0,0,62,False
LAW,30,Racing Bulls,Emilia Romagna Grand Prix,2025,Imola,15.0,14.0,13.0,20.0,16.354166666666668,1.6946672720981446,1.0,0,0,62,False
OCO,31,Haas,Emilia Romagna Grand Prix,2025,Imola,,19.0,17.0,20.0,19.36,0.8602325267042628,,0,0,27,True
NOR,4,McLaren,Emilia Romagna Grand Prix,2025,Imola,4.0,2.0,2.0,4.0,2.54,0.8134080483135291,2.0,0,0,62,False
COL,43,Alpine,Emilia Romagna Grand Prix,2025,Imola,17.0,16.0,8.0,20.0,14.6875,3.371698542845992,1.0,0,0,62,False
HAM,44,Ferrari,Emilia Romagna Grand Prix,2025,Imola,13.0,4.0,4.0,13.0,7.24,2.6384906012834732,9.0,0,0,62,False
BOR,5,Kick Sauber,Emilia Romagna Grand Prix,2025,Imola,14.0,18.0,12.0,20.0,17.020833333333332,2.3200291939958233,-4.0,0,0,62,False
SAI,55,Williams,Emilia Romagna Grand Prix,2025,Imola,6.0,8.0,6.0,16.0,10.5625,3.228241402558286,-2.0,0,0,62,False
HAD,6,Racing Bulls,Emilia Romagna Grand Prix,2025,Imola,11.0,9.0,4.0,11.0,6.8,2.4159335036125373,2.0,0,0,62,False
RUS,63,Mercedes,Emilia Romagna Grand Prix,2025,Imola,3.0,7.0,3.0,14.0,8.645833333333334,3.6698285850938093,-4.0,0,0,62,False
PIA,81,McLaren,Emilia Romagna Grand Prix,2025,Imola,2.0,3.0,2.0,11.0,4.244897959183674,2.71209184521298,-1.0,0,0,62,False
BEA,87,Haas,Emilia Romagna Grand Prix,2025,Imola,18.0,17.0,9.0,19.0,15.333333333333334,4.007085922294714,1.0,0,0,62,False
VER,1,Red Bull Racing,Monaco Grand Prix,2025,Monaco,,1.0,1.0,4.0,2.353846153846154,1.4516237592646168,,33,0,76,False
GAS,10,Alpine,Monaco Grand Prix,2025,Monaco,,18.0,18.0,18.0,18.0,0.0,,0,0,7,True
ANT,12,Mercedes,Monaco Grand Prix,2025,Monaco,,18.0,12.0,18.0,12.704918032786885,1.1451966686277364,,0,0,74,True
ALO,14,Aston Martin,Monaco Grand Prix,2025,Monaco,,6.0,5.0,7.0,5.961538461538462,0.34418242032610913,,0,0,36,True
LEC,16,Ferrari,Monaco Grand Prix,2025,Monaco,,2.0,1.0,3.0,2.421875,0.5856671003060975,,3,0,77,False
STR,18,Aston Martin,Monaco Grand Prix,2025,Monaco,,16.0,14.0,18.0,15.5,1.4682430673829292,,0,0,75,False
TSU,22,Red Bull Racing,Monaco Grand Prix,2025,Monaco,,17.0,12.0,17.0,13.671875,1.1554520519885039,,0,0,75,False
ALB,23,Williams,Monaco Grand Prix,2025,Monaco,,9.0,8.0,11.0,9.919354838709678,0.7531004134118644,,0,0,75,False
HUL,27,Kick Sauber,Monaco Grand Prix,2025,Monaco,,15.0,12.0,18.0,16.14516129032258,1.6874345081989413,,0,0,75,False
LAW,30,Racing Bulls,Monaco Grand Prix,2025,Monaco,,8.0,8.0,9.0,8.365079365079366,0.4853195588936754,,0,0,76,False
OCO,31,Haas,Monaco Grand Prix,2025,Monaco,,7.0,7.0,10.0,7.253968253968254,0.5670595908906717,,0,0,76,False
NOR,4,McLaren,Monaco Grand Prix,2025,Monaco,,1.0,1.0,3.0,1.515625,0.5342904358504557,,32,0,77,False
COL,43,Alpine,Monaco Grand Prix,2025,Monaco,,13.0,13.0,19.0,16.306451612903224,1.5846467225616012,,0,0,75,False
HAM,44,Ferrari,Monaco Grand Prix,2025,Monaco,,5.0,5.0,7.0,5.1875,0.5599036198240404,,0,0,77,False
BOR,5,Kick Sauber,Monaco Grand Prix,2025,Monaco,,14.0,14.0,20.0,16.725806451612904,1.4045517905783007,,0,0,75,False
SAI,55,Williams,Monaco Grand Prix,2025,Monaco,,10.0,9.0,11.0,10.161290322580646,0.8530283255362082,,0,0,75,False
HAD,6,Racing Bulls,Monaco Grand Prix,2025,Monaco,,6.0,5.0,8.0,6.301587301587301,0.7753234628812763,,0,0,76,False
RUS,63,Mercedes,Monaco Grand Prix,2025,Monaco,,11.0,10.0,13.0,11.316666666666666,0.8535403174111506,,0,0,75,False
PIA,81,McLaren,Monaco Grand Prix,2025,Monaco,,3.0,2.0,4.0,3.5,0.5345224838248488,,0,0,77,False
BEA,87,Haas,Monaco Grand Prix,2025,Monaco,,12.0,12.0,19.0,15.8125,1.8845655471718943,,0,0,75,False
VER,1,Red Bull Racing,Spanish Grand Prix,2025,Barcelona,2.0,5.0,1.0,7.0,2.9622641509433962,1.3150353044535958,-3.0,6,0,65,False
GAS,10,Alpine,Spanish Grand Prix,2025,Barcelona,8.0,9.0,7.0,17.0,10.814814814814815,2.822243681722339,-1.0,0,0,65,False
ANT,12,Mercedes,Spanish Grand Prix,2025,Barcelona,7.0,7.0,5.0,8.0,6.73469387755102,0.6046869094857283,0.0,0,0,53,True
ALO,14,Aston Martin,Spanish Grand Prix,2025,Barcelona,10.0,10.0,9.0,19.0,12.407407407407407,2.087867184007954,0.0,0,0,65,False
LEC,16,Ferrari,Spanish Grand Prix,2025,Barcelona,5.0,3.0,3.0,6.0,4.090909090909091,0.8226589066968623,2.0,0,0,65,False
TSU,22,Red Bull Racing,Spanish Grand Prix,2025,Barcelona,,14.0,12.0,19.0,15.549019607843137,2.071846765474668,,0,0,65,False
ALB,23,Williams,Spanish Grand Prix,2025,Barcelona,14.0,14.0,12.0,19.0,15.478260869565217,2.1292244686609876,0.0,0,0,25,True
HUL,27,Kick Sauber,Spanish Grand Prix,2025,Barcelona,11.0,6.0,6.0,15.0,9.833333333333334,2.0535289460037984,5.0,0,0,65,False
LAW,30,Racing Bulls,Spanish Grand Prix,2025,Barcelona,13.0,11.0,8.0,15.0,11.481481481481481,1.5750500530020988,2.0,0,0,65,False
OCO,31,Haas,Spanish Grand Prix,2025,Barcelona,16.0,16.0,10.0,19.0,14.74074074074074,2.1207437747006392,0.0,0,0,65,False
NOR,4,McLaren,Spanish Grand Prix,2025,Barcelona,3.0,2.0,2.0,3.0,2.3454545454545452,0.47989897926858566,1.0,0,0,65,False
COL,43,Alpine,Spanish Grand Prix,2025,Barcelona,18.0,17.0,13.0,19.0,17.30188679245283,1.338554123217939,1.0,0,0,65,False
HAM,44,Ferrari,Spanish Grand Prix,2025,Barcelona,4.0,7.0,4.0,8.0,5.127272727272727,1.0193415713377134,-3.0,0,0,65,False
BOR,5,Kick Sauber,Spanish Grand Prix,2025,Barcelona,12.0,12.0,10.0,18.0,12.666666666666666,2.4952785604696768,0.0,0,0,65,False
SAI,55,Williams,Spanish Grand Prix,2025,Barcelona,17.0,15.0,13.0,19.0,16.01851851851852,1.5840090139435343,2.0,0,0,65,False
HAD,6,Racing Bulls,Spanish Grand Prix,2025,Barcelona,9.0,8.0,6.0,10.0,8.222222222222221,0.6913663438320149,1.0,0,0,65,False
RUS,63,Mercedes,Spanish Grand Prix,2025,Barcelona,6.0,4.0,3.0,7.0,5.545454545454546,0.7654139963827327,2.0,0,0,65,False
PIA,81,McLaren,Spanish Grand Prix,2025,Barcelona,1.0,1.0,1.0,2.0,1.0909090909090908,0.29012942659282964,0.0,50,0,65,False
BEA,87,Haas,Spanish Grand Prix,2025,Barcelona,15.0,13.0,10.0,16.0,13.222222222222221,2.052763132460105,2.0,0,0,65,False
VER,1,Red Bull Racing,Canadian Grand Prix,2025,Montréal,2.0,2.0,2.0,8.0,3.0,1.3018891098082386,0.0,0,0,66,False
GAS,10,Alpine,Canadian Grand Prix,2025,Montréal,,17.0,14.0,20.0,16.816666666666666,1.9956874408538827,,0,0,64,False
ANT,12,Mercedes,Canadian Grand Prix,2025,Montréal,3.0,3.0,1.0,6.0,3.7666666666666666,1.212458864116693,0.0,1,0,66,False
ALO,14,Aston Martin,Canadian Grand Prix,2025,Montréal,6.0,8.0,5.0,18.0,9.05,2.7085864723073,-2.0,0,0,65,False
LEC,16,Ferrari,Canadian Grand Prix,2025,Montréal,8.0,6.0,1.0,8.0,4.728813559322034,2.340280770619247,2.0,4,0,65,False
STR,18,Aston Martin,Canadian Grand Prix,2025,Montréal,18.0,18.0,13.0,19.0,17.423728813559322,1.66301958259261,0.0,0,0,64,False
TSU,22,Red Bull Racing,Canadian Grand Prix,2025,Montréal,17.0,13.0,10.0,17.0,12.80327868852459,2.548330643978181,4.0,0,0,64,False
ALB,23,Williams,Canadian Grand Prix,2025,Montréal,12.0,19.0,8.0,20.0,15.159090909090908,4.605068904962261,-7.0,0,0,46,True
HUL,27,Kick Sauber,Canadian Grand Prix,2025,Montréal,9.0,9.0,5.0,17.0,10.887096774193548,2.94821334453724,0.0,0,0,65,False
LAW,30,Racing Bulls,Canadian Grand Prix,2025,Montréal,,18.0,13.0,20.0,16.625,2.718142356893845,,0,0,53,True
OCO,31,Haas,Canadian Grand Prix,2025,Montréal,14.0,10.0,7.0,14.0,9.754098360655737,2.2851384910979173,4.0,0,0,64,False
NOR,4,McLaren,Canadian Grand Prix,2025,Montréal,7.0,5.0,1.0,7.0,4.048387096774194,2.16853368419836,2.0,15,0,66,False
COL,43,Alpine,Canadian Grand Prix,2025,Montréal,10.0,14.0,10.0,19.0,13.78688524590164,2.6275131087421855,-4.0,0,0,64,False
HAM,44,Ferrari,Canadian Grand Prix,2025,Montréal,5.0,7.0,2.0,10.0,6.566666666666666,1.3323442659229834,-2.0,0,0,65,False
BOR,5,Kick Sauber,Canadian Grand Prix,2025,Montréal,15.0,15.0,11.0,17.0,13.819672131147541,1.6684143841914842,0.0,0,0,64,False
SAI,55,Williams,Canadian Grand Prix,2025,Montréal,16.0,11.0,9.0,16.0,11.229508196721312,2.6482286068423853,5.0,0,0,64,False
HAD,6,Racing Bulls,Canadian Grand Prix,2025,Montréal,11.0,16.0,11.0,20.0,15.327868852459016,2.6186593992308986,-5.0,0,0,64,False
RUS,63,Mercedes,Canadian Grand Prix,2025,Montréal,1.0,1.0,1.0,4.0,1.6166666666666667,0.9222607937841727,0.0,39,0,66,False
PIA,81,McLaren,Canadian Grand Prix,2025,Montréal,4.0,4.0,1.0,6.0,3.966666666666667,1.3773798100897727,0.0,5,0,66,False
BEA,87,Haas,Canadian Grand Prix,2025,Montréal,13.0,12.0,11.0,20.0,15.049180327868852,2.6294880966213223,1.0,0,0,64,False
NOR,4,McLaren,Austrian Grand Prix,2025,Spielberg,,1.0,1.0,4.0,1.180327868852459,0.6954182607446034,,57,0,69,False
PIA,81,McLaren,Austrian Grand Prix,2025,Spielberg,,2.0,1.0,3.0,1.9344262295081966,0.30923844408570295,,5,0,69,False
LEC,16,Ferrari,Austrian Grand Prix,2025,Spielberg,,3.0,2.0,4.0,2.9508196721311477,0.2843841010673605,,0,0,69,False
HAM,44,Ferrari,Austrian Grand Prix,2025,Spielberg,,4.0,1.0,6.0,3.918032786885246,0.5258352710121652,,1,0,69,False
RUS,63,Mercedes,Austrian Grand Prix,2025,Spielberg,,5.0,5.0,10.0,5.967213114754099,1.5488405675940755,,0,0,69,False
LAW,30,Racing Bulls,Austrian Grand Prix,2025,Spielberg,,6.0,3.0,11.0,6.9523809523809526,1.904397046468797,,0,0,69,False
ALO,14,Aston Martin,Austrian Grand Prix,2025,Spielberg,,7.0,5.0,12.0,7.903225806451613,1.861690377836676,,0,0,68,False
BOR,5,Kick Sauber,Austrian Grand Prix,2025,Spielberg,,8.0,5.0,12.0,7.466666666666667,1.7120378051689404,,0,0,68,False
HUL,27,Kick Sauber,Austrian Grand Prix,2025,Spielberg,,9.0,7.0,16.0,10.866666666666667,2.9599969460970654,,0,0,68,False
OCO,31,Haas,Austrian Grand Prix,2025,Spielberg,,10.0,6.0,15.0,10.483333333333333,2.6901683311119235,,0,0,68,False
BEA,87,Haas,Austrian Grand Prix,2025,Spielberg,,11.0,9.0,15.0,11.983333333333333,1.2418093233182885,,0,0,68,False
HAD,6,Racing Bulls,Austrian Grand Prix,2025,Spielberg,,12.0,7.0,17.0,11.516129032258064,2.826930998153941,,0,0,68,False
GAS,10,Alpine,Austrian Grand Prix,2025,Spielberg,,13.0,6.0,15.0,11.533333333333333,2.567506649549369,,0,0,68,False
STR,18,Aston Martin,Austrian Grand Prix,2025,Spielberg,,14.0,7.0,16.0,12.9,2.468101582943622,,0,0,68,False
COL,43,Alpine,Austrian Grand Prix,2025,Spielberg,,15.0,10.0,17.0,14.15,1.549466830115159,,0,0,68,False
TSU,22,Red Bull Racing,Austrian Grand Prix,2025,Spielberg,,16.0,10.0,16.0,14.931034482758621,1.473295255904525,,0,0,67,False
ALB,23,Williams,Austrian Grand Prix,2025,Spielberg,,6.0,6.0,7.0,6.555555555555555,0.5270462766947298,,0,0,12,True
VER,1,Red Bull Racing,British Grand Prix,2025,Silverstone,,5.0,2.0,10.0,7.703703703703703,2.686358914315847,,0,0,51,False
GAS,10,Alpine,British Grand Prix,2025,Silverstone,,7.0,5.0,7.0,6.0,0.8,,0,0,51,False
ANT,12,Mercedes,British Grand Prix,2025,Silverstone,,15.0,14.0,15.0,14.666666666666666,0.5773502691896257,,0,0,12,True
ALO,14,Aston Martin,British Grand Prix,2025,Silverstone,,8.0,6.0,15.0,8.333333333333334,2.0,,0,0,51,False
LEC,16,Ferrari,British Grand Prix,2025,Silverstone,,14.0,8.0,15.0,12.379310344827585,1.7811271131234423,,0,0,51,False
STR,18,Aston Martin,British Grand Prix,2025,Silverstone,,6.0,3.0,12.0,4.653846153846154,2.261721604306024,,0,0,51,False
TSU,22,Red Bull Racing,British Grand Prix,2025,Silverstone,,15.0,9.0,15.0,14.222222222222221,1.6251232694862383,,0,0,50,False
ALB,23,Williams,British Grand Prix,2025,Silverstone,,9.0,8.0,12.0,10.2,1.2148506364839742,,0,0,51,False
HUL,27,Kick Sauber,British Grand Prix,2025,Silverstone,,3.0,3.0,12.0,4.071428571428571,2.089277235093362,,0,0,51,False
OCO,31,Haas,British Grand Prix,2025,Silverstone,,13.0,7.0,14.0,12.774193548387096,1.4073539573576799,,0,0,51,False
NOR,4,McLaren,British Grand Prix,2025,Silverstone,,1.0,1.0,3.0,1.8928571428571428,0.5669467095138409,,6,0,51,False
HAM,44,Ferrari,British Grand Prix,2025,Silverstone,,4.0,4.0,7.0,4.7407407407407405,0.9842057552468227,,0,0,51,False
SAI,55,Williams,British Grand Prix,2025,Silverstone,,12.0,7.0,12.0,9.821428571428571,1.5647404572045482,,0,0,51,False
HAD,6,Racing Bulls,British Grand Prix,2025,Silverstone,,16.0,16.0,16.0,16.0,0.0,,0,0,12,True
RUS,63,Mercedes,British Grand Prix,2025,Silverstone,,10.0,6.0,14.0,8.892857142857142,2.439479083955876,,0,0,51,False
PIA,81,McLaren,British Grand Prix,2025,Silverstone,,2.0,1.0,2.0,1.2333333333333334,0.4301830671520764,,23,0,51,False
BEA,87,Haas,British Grand Prix,2025,Silverstone,,11.0,11.0,17.0,13.107142857142858,1.9310194144119779,,0,0,51,False
PIA,81,McLaren,Belgian Grand Prix,2025,Spa-Francorchamps,,1.0,1.0,1.0,1.0,0.0,,37,0,43,False
NOR,4,McLaren,Belgian Grand Prix,2025,Spa-Francorchamps,,2.0,1.0,2.0,1.972972972972973,0.16439898730535726,,1,0,43,False
LEC,16,Ferrari,Belgian Grand Prix,2025,Spa-Francorchamps,,3.0,3.0,3.0,3.0,0.0,,0,0,43,False
VER,1,Red Bull Racing,Belgian Grand Prix,2025,Spa-Francorchamps,,4.0,4.0,4.0,4.0,0.0,,0,0,43,False
RUS,63,Mercedes,Belgian Grand Prix,2025,Spa-Francorchamps,,5.0,5.0,6.0,5.027027027027027,0.16439898730535726,,0,0,43,False
ALB,23,Williams,Belgian Grand Prix,2025,Spa-Francorchamps,,6.0,5.0,6.0,5.972972972972973,0.16439898730535726,,0,0,43,False
HAM,44,Ferrari,Belgian Grand Prix,2025,Spa-Francorchamps,,7.0,7.0,18.0,8.378378378378379,3.147762444722983,,0,0,43,False
LAW,30,Racing Bulls,Belgian Grand Prix,2025,Spa-Francorchamps,,8.0,8.0,9.0,8.18918918918919,0.3970612769556578,,0,0,43,False
BOR,5,Kick Sauber,Belgian Grand Prix,2025,Spa-Francorchamps,,9.0,9.0,10.0,9.35135135135135,0.48397751418246104,,0,0,43,False
GAS,10,Alpine,Belgian Grand Prix,2025,Spa-Francorchamps,,10.0,10.0,14.0,11.162162162162161,1.2136609794225786,,0,0,43,False
BEA,87,Haas,Belgian Grand Prix,2025,Spa-Francorchamps,,11.0,11.0,14.0,12.54054054054054,0.7300911128297844,,0,0,43,False
HUL,27,Kick Sauber,Belgian Grand Prix,2025,Spa-Francorchamps,,13.0,9.0,15.0,11.685714285714285,2.193190377877271,,0,0,43,False
TSU,22,Red Bull Racing,Belgian Grand Prix,2025,Spa-Francorchamps,,12.0,6.0,12.0,10.621621621621621,2.0460171519775163,,0,0,43,False
STR,18,Aston Martin,Belgian Grand Prix,2025,Spa-Francorchamps,,14.0,13.0,20.0,15.864864864864865,2.0569956808975642,,0,0,43,False
OCO,31,Haas,Belgian Grand Prix,2025,Spa-Francorchamps,,15.0,11.0,20.0,15.81081081081081,3.16962877109395,,0,0,43,False
ANT,12,Mercedes,Belgian Grand Prix,2025,Spa-Francorchamps,,16.0,14.0,19.0,16.114285714285714,1.2781288844941074,,0,0,43,False
ALO,14,Aston Martin,Belgian Grand Prix,2025,Spa-Francorchamps,,17.0,13.0,20.0,16.142857142857142,2.2379462373668715,,0,0,43,False
SAI,55,Williams,Belgian Grand Prix,2025,Spa-Francorchamps,,18.0,15.0,19.0,17.857142857142858,0.8792663098842574,,0,0,43,False
COL,43,Alpine,Belgian Grand Prix,2025,Spa-Francorchamps,,19.0,13.0,19.0,17.02857142857143,1.8228244774608036,,0,0,43,False
HAD,6,Racing Bulls,Belgian Grand Prix,2025,Spa-Francorchamps,,20.0,8.0,20.0,16.764705882352942,5.051605346574503,,0,0,42,False
NOR,4,McLaren,Hungarian Grand Prix,2025,Budapest,5.0,1.0,1.0,5.0,2.3134328358208953,1.4792397230670262,4.0,35,0,69,False
PIA,81,McLaren,Hungarian Grand Prix,2025,Budapest,2.0,2.0,1.0,4.0,2.2,0.6174544517614234,0.0,5,0,69,False
RUS,63,Mercedes,Hungarian Grand Prix,2025,Budapest,3.0,3.0,2.0,5.0,3.476923076923077,0.6871065307617041,0.0,0,0,69,False
LEC,16,Ferrari,Hungarian Grand Prix,2025,Budapest,1.0,4.0,1.0,4.0,2.0923076923076924,1.1141571495288058,-3.0,27,0,69,False
ALO,14,Aston Martin,Hungarian Grand Prix,2025,Budapest,4.0,5.0,2.0,6.0,4.940298507462686,0.6485554347682513,-1.0,0,0,69,False
BOR,5,Kick Sauber,Hungarian Grand Prix,2025,Budapest,6.0,6.0,5.0,7.0,6.08955223880597,0.336260328604783,0.0,0,0,69,False
STR,18,Aston Martin,Hungarian Grand Prix,2025,Budapest,7.0,7.0,7.0,12.0,7.537313432835821,0.9743429520195435,0.0,0,0,69,False
LAW,30,Racing Bulls,Hungarian Grand Prix,2025,Budapest,8.0,8.0,7.0,11.0,8.313432835820896,0.6561816827096398,0.0,0,0,69,False
VER,1,Red Bull Racing,Hungarian Grand Prix,2025,Budapest,9.0,9.0,5.0,16.0,8.707692307692307,2.4284966859862407,0.0,0,0,69,False
ANT,12,Mercedes,Hungarian Grand Prix,2025,Budapest,13.0,10.0,10.0,19.0,12.818181818181818,3.0780068021571814,3.0,0,0,68,False
HAD,6,Racing Bulls,Hungarian Grand Prix,2025,Budapest,11.0,11.0,10.0,19.0,11.484848484848484,1.9630621624424056,0.0,0,0,68,False
HAM,44,Ferrari,Hungarian Grand Prix,2025,Budapest,14.0,12.0,7.0,16.0,12.257575757575758,1.808617032734009,2.0,0,0,68,False
HUL,27,Kick Sauber,Hungarian Grand Prix,2025,Budapest,17.0,13.0,10.0,20.0,15.453125,2.867052507256377,4.0,0,0,68,False
SAI,55,Williams,Hungarian Grand Prix,2025,Budapest,12.0,14.0,10.0,17.0,13.5625,2.1519647722377755,-2.0,0,0,68,False
ALB,23,Williams,Hungarian Grand Prix,2025,Budapest,16.0,15.0,13.0,18.0,15.96875,1.2210943569484827,1.0,0,0,68,False
OCO,31,Haas,Hungarian Grand Prix,2025,Budapest,15.0,16.0,12.0,19.0,14.848484848484848,1.907414070994664,-1.0,0,0,68,False
TSU,22,Red Bull Racing,Hungarian Grand Prix,2025,Budapest,,18.0,14.0,20.0,18.22222222222222,1.4078632224213385,,0,0,68,False
COL,43,Alpine,Hungarian Grand Prix,2025,Budapest,18.0,19.0,15.0,20.0,18.78125,1.0460621548196989,-1.0,0,0,68,False
GAS,10,Alpine,Hungarian Grand Prix,2025,Budapest,19.0,17.0,12.0,20.0,15.393939393939394,2.1546285625193597,2.0,0,0,68,False
BEA,87,Haas,Hungarian Grand Prix,2025,Budapest,10.0,16.0,9.0,20.0,12.0,3.470656212512923,-6.0,0,0,47,True
VER,1,Red Bull Racing,Dutch Grand Prix,2025,Zandvoort,2.0,2.0,2.0,3.0,2.8,0.4036867138796655,0.0,0,0,71,False
GAS,10,Alpine,Dutch Grand Prix,2025,Zandvoort,14.0,16.0,8.0,16.0,13.074074074074074,2.036013973446617,-2.0,0,0,71,False
ANT,12,Mercedes,Dutch Grand Prix,2025,Zandvoort,12.0,6.0,6.0,12.0,8.849056603773585,2.5973079733202336,6.0,0,0,71,False
ALO,14,Aston Martin,Dutch Grand Prix,2025,Zandvoort,13.0,9.0,9.0,17.0,13.26530612244898,2.413292272360879,4.0,0,0,71,False
LEC,16,Ferrari,Dutch Grand Prix,2025,Zandvoort,5.0,5.0,5.0,6.0,5.093023255813954,0.293902598732179,0.0,0,0,51,True
STR,18,Aston Martin,Dutch Grand Prix,2025,Zandvoort,19.0,8.0,8.0,20.0,12.843137254901961,4.81818450879419,11.0,0,0,71,False
TSU,22,Red Bull Racing,Dutch Grand Prix,2025,Zandvoort,11.0,10.0,10.0,18.0,11.666666666666666,1.1075498483890769,1.0,0,0,71,False
ALB,23,Williams,Dutch Grand Prix,2025,Zandvoort,10.0,5.0,5.0,10.0,8.272727272727273,1.6381397020711277,5.0,0,0,71,False
HUL,27,Kick Sauber,Dutch Grand Prix,2025,Zandvoort,17.0,15.0,15.0,20.0,16.2,0.8571428571428572,2.0,0,0,71,False
LAW,30,Racing Bulls,Dutch Grand Prix,2025,Zandvoort,8.0,13.0,8.0,19.0,13.673076923076923,5.090248862694524,-5.0,0,0,71,False
OCO,31,Haas,Dutch Grand Prix,2025,Zandvoort,16.0,11.0,9.0,17.0,13.018867924528301,3.1039092351280053,5.0,0,0,71,False
NOR,4,McLaren,Dutch Grand Prix,2025,Zandvoort,3.0,2.0,2.0,3.0,2.1538461538461537,0.3643213074786545,1.0,0,0,64,True
COL,43,Alpine,Dutch Grand Prix,2025,Zandvoort,15.0,12.0,12.0,19.0,14.38,0.9233921492109892,3.0,0,0,71,False
HAM,44,Ferrari,Dutch Grand Prix,2025,Zandvoort,7.0,7.0,7.0,7.0,7.0,0.0,0.0,0,0,22,True
BOR,5,Kick Sauber,Dutch Grand Prix,2025,Zandvoort,18.0,17.0,12.0,19.0,16.53061224489796,1.6968357907235079,1.0,0,0,71,False
SAI,55,Williams,Dutch Grand Prix,2025,Zandvoort,9.0,14.0,9.0,18.0,13.901960784313726,4.360068357082418,-5.0,0,0,71,False
HAD,6,Racing Bulls,Dutch Grand Prix,2025,Zandvoort,4.0,3.0,3.0,4.0,3.9454545454545453,0.22918388365077622,1.0,0,0,71,False
RUS,63,Mercedes,Dutch Grand Prix,2025,Zandvoort,6.0,4.0,4.0,7.0,5.872727272727273,0.7947640100368357,2.0,0,0,71,False
PIA,81,McLaren,Dutch Grand Prix,2025,Zandvoort,1.0,1.0,1.0,1.0,1.0,0.0,0.0,55,0,71,False
BEA,87,Haas,Dutch Grand Prix,2025,Zandvoort,,7.0,7.0,20.0,13.51923076923077,4.474285503768257,,0,0,71,False
VER,1,Red Bull Racing,Italian Grand Prix,2025,Monza,1.0,1.0,1.0,3.0,1.2708333333333333,0.6437781874294353,0.0,40,0,52,False
NOR,4,McLaren,Italian Grand Prix,2025,Monza,2.0,2.0,1.0,3.0,1.836734693877551,0.42558483170760664,0.0,9,0,52,False
PIA,81,McLaren,Italian Grand Prix,2025,Monza,3.0,3.0,2.0,4.0,2.9183673469387754,0.4931503613620947,0.0,0,0,52,False
LEC,16,Ferrari,Italian Grand Prix,2025,Monza,4.0,4.0,3.0,6.0,4.1020408163265305,0.6533534635243925,0.0,0,0,52,False
RUS,63,Mercedes,Italian Grand Prix,2025,Monza,5.0,5.0,5.0,11.0,5.816326530612245,1.6792045411909957,0.0,0,0,52,False
HAM,44,Ferrari,Italian Grand Prix,2025,Monza,8.0,6.0,4.0,8.0,5.938775510204081,0.9662678041763345,2.0,0,0,52,False
ALB,23,Williams,Italian Grand Prix,2025,Monza,13.0,7.0,4.0,13.0,9.489795918367347,3.0626952249311925,6.0,0,0,52,False
BOR,5,Kick Sauber,Italian Grand Prix,2025,Monza,7.0,9.0,6.0,16.0,10.326530612244898,3.300175216952129,-2.0,0,0,52,False
ANT,12,Mercedes,Italian Grand Prix,2025,Monza,10.0,8.0,7.0,14.0,9.63265306122449,1.5771001547014012,2.0,0,0,52,False
HAD,6,Racing Bulls,Italian Grand Prix,2025,Monza,,10.0,9.0,18.0,14.145833333333334,2.6254854329942963,,0,0,52,False
SAI,55,Williams,Italian Grand Prix,2025,Monza,12.0,11.0,7.0,16.0,11.877551020408163,2.2139016564015863,1.0,0,0,52,False
BEA,87,Haas,Italian Grand Prix,2025,Monza,11.0,12.0,11.0,18.0,13.612244897959183,2.3524484277964897,-1.0,0,0,52,False
TSU,22,Red Bull Racing,Italian Grand Prix,2025,Monza,9.0,13.0,9.0,19.0,13.755102040816327,3.777844470533086,-4.0,0,0,52,False
LAW,30,Racing Bulls,Italian Grand Prix,2025,Monza,15.0,14.0,14.0,19.0,16.979591836734695,1.3767382333854559,1.0,0,0,52,False
OCO,31,Haas,Italian Grand Prix,2025,Monza,14.0,7.0,7.0,14.0,10.306122448979592,3.0768225062056924,7.0,0,0,50,False
GAS,10,Alpine,Italian Grand Prix,2025,Monza,,16.0,10.0,19.0,14.659574468085106,3.2987256811280847,,0,0,51,False
COL,43,Alpine,Italian Grand Prix,2025,Monza,17.0,17.0,12.0,18.0,16.0625,2.067028394332967,0.0,0,0,51,False
STR,18,Aston Martin,Italian Grand Prix,2025,Monza,16.0,18.0,8.0,18.0,11.791666666666666,3.332358013341006,-2.0,0,0,51,False
ALO,14,Aston Martin,Italian Grand Prix,2025,Monza,6.0,15.0,6.0,15.0,8.428571428571429,2.248809208701987,-9.0,0,0,23,True
VER,1,Red Bull Racing,Azerbaijan Grand Prix,2025,Baku,,1.0,1.0,1.0,1.0,0.0,,41,0,50,False
RUS,63,Mercedes,Azerbaijan Grand Prix,2025,Baku,,2.0,2.0,6.0,3.1,1.4815099712360342,,0,0,50,False
SAI,55,Williams,Azerbaijan Grand Prix,2025,Baku,,3.0,2.0,6.0,3.2,1.505545305418162,,0,0,50,False
ANT,12,Mercedes,Azerbaijan Grand Prix,2025,Baku,,4.0,4.0,11.0,5.666666666666667,2.056123118011848,,0,0,50,False
LAW,30,Racing Bulls,Azerbaijan Grand Prix,2025,Baku,,5.0,3.0,10.0,5.95,2.480177826544309,,0,0,50,False
TSU,22,Red Bull Racing,Azerbaijan Grand Prix,2025,Baku,,6.0,3.0,6.0,4.75,1.2760114138224345,,0,0,50,False
NOR,4,McLaren,Azerbaijan Grand Prix,2025,Baku,,7.0,4.0,9.0,6.2682926829268295,1.6128296600060161,,0,0,50,False
HAM,44,Ferrari,Azerbaijan Grand Prix,2025,Baku,,8.0,5.0,10.0,7.487804878048781,1.6751410570383647,,0,0,50,False
LEC,16,Ferrari,Azerbaijan Grand Prix,2025,Baku,,9.0,7.0,12.0,8.634146341463415,1.4098953429417307,,0,0,50,False
HAD,6,Racing Bulls,Azerbaijan Grand Prix,2025,Baku,,10.0,7.0,10.0,9.268292682926829,1.2252426340097384,,0,0,50,False
BOR,5,Kick Sauber,Azerbaijan Grand Prix,2025,Baku,,12.0,8.0,15.0,11.268292682926829,1.6885554513237406,,0,0,50,False
BEA,87,Haas,Azerbaijan Grand Prix,2025,Baku,,13.0,13.0,18.0,15.121951219512194,1.8192735081787388,,0,0,50,False
ALB,23,Williams,Azerbaijan Grand Prix,2025,Baku,,11.0,11.0,18.0,15.048780487804878,2.6828270491423325,,0,0,50,False
OCO,31,Haas,Azerbaijan Grand Prix,2025,Baku,,14.0,13.0,19.0,15.255813953488373,2.2370582645179993,,0,0,50,False
ALO,14,Aston Martin,Azerbaijan Grand Prix,2025,Baku,,15.0,10.0,18.0,14.75609756097561,2.4267312150800513,,0,0,50,False
HUL,27,Kick Sauber,Azerbaijan Grand Prix,2025,Baku,,16.0,12.0,16.0,14.341463414634147,1.5428829524231737,,0,0,50,False
STR,18,Aston Martin,Azerbaijan Grand Prix,2025,Baku,,17.0,11.0,17.0,13.804878048780488,2.3475467215278374,,0,0,50,False
GAS,10,Alpine,Azerbaijan Grand Prix,2025,Baku,,18.0,15.0,19.0,17.1,1.3358949751441482,,0,0,49,False
COL,43,Alpine,Azerbaijan Grand Prix,2025,Baku,,19.0,13.0,19.0,17.24390243902439,2.4777054688247153,,0,0,49,False
RUS,63,Mercedes,Singapore Grand Prix,2025,Singapore,1.0,1.0,1.0,2.0,1.0175438596491229,0.13245323570650439,0.0,56,0,61,False
VER,1,Red Bull Racing,Singapore Grand Prix,2025,Singapore,2.0,2.0,2.0,7.0,2.3684210526315788,1.0959597709536935,0.0,0,0,61,False
NOR,4,McLaren,Singapore Grand Prix,2025,Singapore,3.0,3.0,2.0,3.0,2.8771929824561404,0.3311330892662609,0.0,0,0,61,False
PIA,81,McLaren,Singapore Grand Prix,2025,Singapore,4.0,4.0,1.0,4.0,3.824561403508772,0.5043668951391246,0.0,1,0,61,False
ANT,12,Mercedes,Singapore Grand Prix,2025,Singapore,6.0,5.0,4.0,6.0,5.684210526315789,0.6023138342153682,1.0,0,0,61,False
LEC,16,Ferrari,Singapore Grand Prix,2025,Singapore,5.0,6.0,4.0,8.0,5.385964912280702,0.8399486796591521,-1.0,0,0,61,False
ALO,14,Aston Martin,Singapore Grand Prix,2025,Singapore,9.0,8.0,5.0,15.0,9.31578947368421,2.4939777088077744,1.0,0,0,61,False
HAM,44,Ferrari,Singapore Grand Prix,2025,Singapore,7.0,7.0,5.0,8.0,6.818181818181818,0.5802588531856594,0.0,0,0,61,False
BEA,87,Haas,Singapore Grand Prix,2025,Singapore,10.0,9.0,8.0,15.0,10.175438596491228,1.1820503829234283,1.0,0,0,61,False
SAI,55,Williams,Singapore Grand Prix,2025,Singapore,18.0,10.0,9.0,18.0,12.803571428571429,3.2996949878719115,8.0,0,0,60,False
HAD,6,Racing Bulls,Singapore Grand Prix,2025,Singapore,8.0,11.0,8.0,17.0,11.375,2.4238399287081647,-3.0,0,0,60,False
TSU,22,Red Bull Racing,Singapore Grand Prix,2025,Singapore,16.0,12.0,11.0,19.0,15.482142857142858,2.7235743321703456,4.0,0,0,60,False
STR,18,Aston Martin,Singapore Grand Prix,2025,Singapore,14.0,13.0,9.0,20.0,13.357142857142858,3.089151524748688,1.0,0,0,60,False
ALB,23,Williams,Singapore Grand Prix,2025,Singapore,,14.0,11.0,20.0,15.836363636363636,3.0108669624079814,,0,0,60,False
LAW,30,Racing Bulls,Singapore Grand Prix,2025,Singapore,12.0,15.0,8.0,19.0,11.267857142857142,3.095398763728755,-3.0,0,0,60,False
COL,43,Alpine,Singapore Grand Prix,2025,Singapore,13.0,16.0,12.0,18.0,14.75,1.8512894768978534,-3.0,0,0,60,False
BOR,5,Kick Sauber,Singapore Grand Prix,2025,Singapore,15.0,17.0,13.0,20.0,17.089285714285715,2.0295703594987398,-2.0,0,0,60,False
OCO,31,Haas,Singapore Grand Prix,2025,Singapore,17.0,18.0,10.0,20.0,16.196428571428573,2.6996271988900644,-1.0,0,0,60,False
GAS,10,Alpine,Singapore Grand Prix,2025,Singapore,,20.0,15.0,20.0,18.169811320754718,1.6840410311167484,,0,0,60,False
HUL,27,Kick Sauber,Singapore Grand Prix,2025,Singapore,11.0,19.0,9.0,20.0,14.981818181818182,3.8513629578366966,-8.0,0,0,60,False
VER,1,Red Bull Racing,United States Grand Prix,2025,Austin,,1.0,1.0,1.0,1.0,0.0,,47,0,55,False
GAS,10,Alpine,United States Grand Prix,2025,Austin,,18.0,12.0,18.0,14.638297872340425,2.0368937552589155,,0,0,54,False
ANT,12,Mercedes,United States Grand Prix,2025,Austin,,13.0,7.0,18.0,14.125,2.8029240051637867,,0,0,55,False
ALO,14,Aston Martin,United States Grand Prix,2025,Austin,,10.0,10.0,13.0,10.291666666666666,0.713347915274833,,0,0,55,False
LEC,16,Ferrari,United States Grand Prix,2025,Austin,,3.0,2.0,9.0,3.0851063829787235,2.0412036861706455,,0,0,55,False
STR,18,Aston Martin,United States Grand Prix,2025,Austin,,12.0,12.0,18.0,13.166666666666666,1.7052276734910552,,0,0,55,False
TSU,22,Red Bull Racing,United States Grand Prix,2025,Austin,,7.0,6.0,10.0,7.125,0.7888855592111665,,0,0,55,False
ALB,23,Williams,United States Grand Prix,2025,Austin,,14.0,10.0,20.0,15.979166666666666,2.6376132290575303,,0,0,55,False
HUL,27,Kick Sauber,United States Grand Prix,2025,Austin,,8.0,5.0,11.0,8.510204081632653,1.0630625761526584,,0,0,55,False
LAW,30,Racing Bulls,United States Grand Prix,2025,Austin,,11.0,11.0,14.0,11.291666666666666,0.713347915274833,,0,0,55,False
OCO,31,Haas,United States Grand Prix,2025,Austin,,15.0,13.0,19.0,15.208333333333334,1.737671875268542,,0,0,55,False
NOR,4,McLaren,United States Grand Prix,2025,Austin,,2.0,2.0,3.0,2.6595744680851063,0.47897516249850763,,0,0,55,False
COL,43,Alpine,United States Grand Prix,2025,Austin,,17.0,12.0,19.0,16.085106382978722,1.8746569220508462,,0,0,54,False
HAM,44,Ferrari,United States Grand Prix,2025,Austin,,4.0,3.0,6.0,3.847826086956522,0.5149926128638621,,0,0,55,False
BOR,5,Kick Sauber,United States Grand Prix,2025,Austin,,19.0,12.0,19.0,17.177777777777777,2.4798175234268647,,0,0,54,False
SAI,55,Williams,United States Grand Prix,2025,Austin,,8.0,8.0,8.0,8.0,0.0,,0,0,5,True
HAD,6,Racing Bulls,United States Grand Prix,2025,Austin,,16.0,16.0,19.0,17.25,0.9109265799407509,,0,0,55,False
RUS,63,Mercedes,United States Grand Prix,2025,Austin,,6.0,3.0,6.0,5.73469387755102,0.6046869094857283,,0,0,55,False
PIA,81,McLaren,United States Grand Prix,2025,Austin,,5.0,4.0,7.0,4.9361702127659575,0.5673835953839547,,0,0,55,False
BEA,87,Haas,United States Grand Prix,2025,Austin,,9.0,7.0,10.0,8.520833333333334,0.771557786844068,,0,0,55,False
VER,1,Red Bull Racing,Mexico City Grand Prix,2025,Mexico City,4.0,3.0,2.0,8.0,4.203125,1.7473761508897885,1.0,0,0,68,False
GAS,10,Alpine,Mexico City Grand Prix,2025,Mexico City,15.0,16.0,15.0,18.0,16.650793650793652,0.8261595987094037,-1.0,0,0,67,False
ANT,12,Mercedes,Mexico City Grand Prix,2025,Mexico City,7.0,6.0,4.0,12.0,6.209677419354839,1.2431727887789552,1.0,0,0,68,False
ALO,14,Aston Martin,Mexico City Grand Prix,2025,Mexico City,16.0,15.0,13.0,19.0,15.03448275862069,1.841636667685444,1.0,0,0,33,True
LEC,16,Ferrari,Mexico City Grand Prix,2025,Mexico City,2.0,2.0,2.0,3.0,2.078125,0.27048970875004197,0.0,0,0,68,False
STR,18,Aston Martin,Mexico City Grand Prix,2025,Mexico City,19.0,14.0,11.0,19.0,14.403225806451612,1.6933784004740238,5.0,0,0,68,False
TSU,22,Red Bull Racing,Mexico City Grand Prix,2025,Mexico City,8.0,11.0,4.0,15.0,9.84375,2.9932132227466517,-3.0,0,0,68,False
ALB,23,Williams,Mexico City Grand Prix,2025,Mexico City,18.0,12.0,12.0,18.0,13.84375,1.4823699386187763,6.0,0,0,68,False
HUL,27,Kick Sauber,Mexico City Grand Prix,2025,Mexico City,17.0,15.0,15.0,18.0,16.59090909090909,0.9591211706105854,2.0,0,0,24,True
LAW,30,Racing Bulls,Mexico City Grand Prix,2025,Mexico City,14.0,20.0,14.0,20.0,17.0,4.242640687119285,-6.0,0,0,4,True
OCO,31,Haas,Mexico City Grand Prix,2025,Mexico City,10.0,9.0,5.0,14.0,9.859375,1.735412557875431,1.0,0,0,68,False
NOR,4,McLaren,Mexico City Grand Prix,2025,Mexico City,1.0,1.0,1.0,1.0,1.0,0.0,0.0,65,0,69,False
COL,43,Alpine,Mexico City Grand Prix,2025,Mexico City,20.0,17.0,15.0,20.0,17.50793650793651,1.1622144584871767,3.0,0,0,67,False
HAM,44,Ferrari,Mexico City Grand Prix,2025,Mexico City,3.0,8.0,3.0,14.0,6.709677419354839,2.9218627382970905,-5.0,0,0,68,False
BOR,5,Kick Sauber,Mexico City Grand Prix,2025,Mexico City,13.0,10.0,8.0,14.0,11.34375,1.2626345598572977,3.0,0,0,68,False
SAI,55,Williams,Mexico City Grand Prix,2025,Mexico City,12.0,15.0,9.0,19.0,12.983050847457626,2.417547385148619,-3.0,0,0,67,False
HAD,6,Racing Bulls,Mexico City Grand Prix,2025,Mexico City,11.0,13.0,5.0,15.0,10.71875,1.7133347229936926,-2.0,0,0,68,False
RUS,63,Mercedes,Mexico City Grand Prix,2025,Mexico City,5.0,7.0,4.0,10.0,6.0,1.2280866098575765,-2.0,0,0,68,False
PIA,81,McLaren,Mexico City Grand Prix,2025,Mexico City,9.0,5.0,5.0,11.0,7.096774193548387,1.554577349333514,4.0,0,0,68,False
BEA,87,Haas,Mexico City Grand Prix,2025,Mexico City,6.0,4.0,3.0,7.0,4.096774193548387,0.8436780797637976,2.0,0,0,68,False
VER,1,Red Bull Racing,São Paulo Grand Prix,2025,São Paulo,,3.0,1.0,16.0,5.5344827586206895,4.074807141023931,,3,0,70,False
GAS,10,Alpine,São Paulo Grand Prix,2025,São Paulo,,10.0,7.0,15.0,10.758620689655173,2.3041560073552088,,0,0,70,False
ANT,12,Mercedes,São Paulo Grand Prix,2025,São Paulo,,2.0,2.0,9.0,3.3275862068965516,1.7510691574556323,,0,0,70,False
ALO,14,Aston Martin,São Paulo Grand Prix,2025,São Paulo,,14.0,7.0,15.0,11.948275862068966,2.5983963596540227,,0,0,70,False
STR,18,Aston Martin,São Paulo Grand Prix,2025,São Paulo,,16.0,10.0,17.0,14.017241379310345,2.5511702117823862,,0,0,70,False
TSU,22,Red Bull Racing,São Paulo Grand Prix,2025,São Paulo,,17.0,8.0,18.0,15.586206896551724,2.6293517495971317,,0,0,70,False
ALB,23,Williams,São Paulo Grand Prix,2025,São Paulo,,11.0,5.0,15.0,9.224137931034482,3.0380228072107167,,0,0,70,False
HUL,27,Kick Sauber,São Paulo Grand Prix,2025,São Paulo,,9.0,4.0,12.0,8.366666666666667,1.9655220263731954,,0,0,70,False
LAW,30,Racing Bulls,São Paulo Grand Prix,2025,São Paulo,,7.0,4.0,16.0,8.066666666666666,3.0910843178223075,,0,0,70,False
OCO,31,Haas,São Paulo Grand Prix,2025,São Paulo,,12.0,7.0,18.0,13.067796610169491,3.0786495403670266,,0,0,70,False
NOR,4,McLaren,São Paulo Grand Prix,2025,São Paulo,,1.0,1.0,3.0,1.206896551724138,0.48697493323777546,,48,0,70,False
COL,43,Alpine,São Paulo Grand Prix,2025,São Paulo,,15.0,9.0,17.0,13.931034482758621,2.2700341520386114,,0,0,70,False
HAM,44,Ferrari,São Paulo Grand Prix,2025,São Paulo,,18.0,14.0,18.0,16.75,1.3909646324388165,,0,0,36,True
SAI,55,Williams,São Paulo Grand Prix,2025,São Paulo,,13.0,10.0,18.0,12.844827586206897,2.2849755201416717,,0,0,70,False
HAD,6,Racing Bulls,São Paulo Grand Prix,2025,São Paulo,,8.0,4.0,15.0,9.689655172413794,2.909192306982793,,0,0,70,False
RUS,63,Mercedes,São Paulo Grand Prix,2025,São Paulo,,4.0,2.0,6.0,3.5344827586206895,0.8211142887175428,,0,0,70,False
PIA,81,McLaren,São Paulo Grand Prix,2025,São Paulo,,5.0,1.0,6.0,3.3793103448275863,1.7353657403768126,,7,0,70,False
BEA,87,Haas,São Paulo Grand Prix,2025,São Paulo,,6.0,4.0,13.0,7.344827586206897,2.2048727865434063,,0,0,70,False
VER,1,Red Bull Racing,Las Vegas Grand Prix,2025,Las Vegas,,1.0,1.0,1.0,1.0,0.0,,42,0,49,False
RUS,63,Mercedes,Las Vegas Grand Prix,2025,Las Vegas,,3.0,2.0,7.0,2.738095238095238,1.0833445009698666,,0,0,49,False
ANT,12,Mercedes,Las Vegas Grand Prix,2025,Las Vegas,,4.0,4.0,15.0,7.863636363636363,4.433440100024742,,0,0,49,False
LEC,16,Ferrari,Las Vegas Grand Prix,2025,Las Vegas,,6.0,2.0,9.0,5.9523809523809526,1.3425927038416479,,0,0,49,False
SAI,55,Williams,Las Vegas Grand Prix,2025,Las Vegas,,7.0,3.0,10.0,6.142857142857143,2.1019320795161187,,0,0,49,False
HAD,6,Racing Bulls,Las Vegas Grand Prix,2025,Las Vegas,,8.0,5.0,11.0,7.714285714285714,1.9290553012810951,,0,0,49,False
HUL,27,Kick Sauber,Las Vegas Grand Prix,2025,Las Vegas,,9.0,4.0,10.0,8.238095238095237,1.9976757691160387,,0,0,49,False
HAM,44,Ferrari,Las Vegas Grand Prix,2025,Las Vegas,,10.0,5.0,12.0,9.714285714285714,2.1331954078526474,,0,0,49,False
OCO,31,Haas,Las Vegas Grand Prix,2025,Las Vegas,,11.0,7.0,13.0,10.512195121951219,1.4683656087553978,,0,0,49,False
BEA,87,Haas,Las Vegas Grand Prix,2025,Las Vegas,,12.0,8.0,15.0,11.333333333333334,2.2269597197740096,,0,0,49,False
ALO,14,Aston Martin,Las Vegas Grand Prix,2025,Las Vegas,,13.0,9.0,14.0,11.767441860465116,1.784019128959018,,0,0,49,False
TSU,22,Red Bull Racing,Las Vegas Grand Prix,2025,Las Vegas,,14.0,13.0,16.0,14.833333333333334,0.9084069859003289,,0,0,49,False
GAS,10,Alpine,Las Vegas Grand Prix,2025,Las Vegas,,15.0,14.0,17.0,15.25,1.2223690304125132,,0,0,49,False
LAW,30,Racing Bulls,Las Vegas Grand Prix,2025,Las Vegas,,16.0,15.0,18.0,17.024390243902438,0.8511111818689959,,0,0,48,False
COL,43,Alpine,Las Vegas Grand Prix,2025,Las Vegas,,17.0,12.0,17.0,15.24390243902439,1.7143583027605116,,0,0,48,False
ALB,23,Williams,Las Vegas Grand Prix,2025,Las Vegas,,16.0,13.0,18.0,16.037037037037038,2.2783509806180415,,0,0,33,True
NOR,4,McLaren,Las Vegas Grand Prix,2025,Las Vegas,,2.0,2.0,3.0,2.5,0.5060608273474739,,0,0,49,False
PIA,81,McLaren,Las Vegas Grand Prix,2025,Las Vegas,,5.0,5.0,9.0,5.880952380952381,1.1519311664814291,,0,0,49,False
VER,1,Red Bull Racing,Qatar Grand Prix,2025,Lusail,2.0,1.0,1.0,3.0,2.06,0.9348141799418793,1.0,20,0,56,False
GAS,10,Alpine,Qatar Grand Prix,2025,Lusail,9.0,16.0,9.0,19.0,17.142857142857142,3.155682704793581,-7.0,0,0,55,False
ANT,12,Mercedes,Qatar Grand Prix,2025,Lusail,4.0,5.0,3.0,5.0,4.44,0.6439672954048369,-1.0,0,0,56,False
ALO,14,Aston Martin,Qatar Grand Prix,2025,Lusail,6.0,7.0,6.0,8.0,6.62,0.9010198303555131,-1.0,0,0,56,False
LEC,16,Ferrari,Qatar Grand Prix,2025,Lusail,10.0,8.0,8.0,11.0,9.2,0.6700593942604899,2.0,0,0,56,False
STR,18,Aston Martin,Qatar Grand Prix,2025,Lusail,19.0,18.0,10.0,19.0,14.869565217391305,3.6612608371808752,1.0,0,0,54,False
TSU,22,Red Bull Racing,Qatar Grand Prix,2025,Lusail,16.0,10.0,10.0,16.0,12.3,1.4742691028964494,6.0,0,0,56,False
ALB,23,Williams,Qatar Grand Prix,2025,Lusail,17.0,11.0,11.0,17.0,13.3,1.4742691028964494,6.0,0,0,56,False
HUL,27,Kick Sauber,Qatar Grand Prix,2025,Lusail,11.0,10.0,10.0,11.0,10.166666666666666,0.408248290463863,1.0,0,0,6,True
LAW,30,Racing Bulls,Qatar Grand Prix,2025,Lusail,13.0,9.0,9.0,13.0,11.06,0.8900813996254408,4.0,0,0,56,False
OCO,31,Haas,Qatar Grand Prix,2025,Lusail,15.0,15.0,6.0,18.0,16.612244897959183,1.8463514306442794,0.0,0,0,55,False
NOR,4,McLaren,Qatar Grand Prix,2025,Lusail,3.0,4.0,1.0,5.0,3.1041666666666665,1.4027265749145952,-1.0,2,0,56,False
COL,43,Alpine,Qatar Grand Prix,2025,Lusail,,14.0,14.0,20.0,16.5625,1.366876389374616,,0,0,55,False
HAM,44,Ferrari,Qatar Grand Prix,2025,Lusail,14.0,12.0,12.0,15.0,13.84,0.5095015571464859,2.0,0,0,56,False
BOR,5,Kick Sauber,Qatar Grand Prix,2025,Lusail,18.0,13.0,13.0,19.0,15.3,1.417816660091372,5.0,0,0,56,False
SAI,55,Williams,Qatar Grand Prix,2025,Lusail,5.0,3.0,2.0,5.0,3.62,0.8545197959278961,2.0,0,0,56,False
HAD,6,Racing Bulls,Qatar Grand Prix,2025,Lusail,8.0,6.0,6.0,8.0,6.854166666666667,0.6519882303249572,2.0,0,0,54,False
RUS,63,Mercedes,Qatar Grand Prix,2025,Lusail,7.0,6.0,6.0,9.0,7.54,0.6131218209678553,1.0,0,0,56,False
PIA,81,McLaren,Qatar Grand Prix,2025,Lusail,1.0,2.0,1.0,4.0,1.6458333333333333,0.933754337671621,-1.0,28,0,56,False
BEA,87,Haas,Qatar Grand Prix,2025,Lusail,12.0,18.0,10.0,18.0,11.818181818181818,3.056290086184407,-6.0,0,0,39,True
VER,1,Red Bull Racing,Abu Dhabi Grand Prix,2025,Yas Marina,1.0,1.0,1.0,2.0,1.290909090909091,0.4583677673015523,0.0,39,0,57,False
PIA,81,McLaren,Abu Dhabi Grand Prix,2025,Yas Marina,2.0,2.0,1.0,2.0,1.690909090909091,0.4663779770834141,0.0,17,0,57,False
NOR,4,McLaren,Abu Dhabi Grand Prix,2025,Yas Marina,3.0,3.0,3.0,7.0,3.169811320754717,0.6425863921744979,0.0,0,0,57,False
LEC,16,Ferrari,Abu Dhabi Grand Prix,2025,Yas Marina,4.0,4.0,4.0,9.0,4.264150943396227,0.9019411416116827,0.0,0,0,57,False
RUS,63,Mercedes,Abu Dhabi Grand Prix,2025,Yas Marina,6.0,5.0,4.0,12.0,5.654545454545454,1.6354655223352994,1.0,0,0,57,False
ALO,14,Aston Martin,Abu Dhabi Grand Prix,2025,Yas Marina,5.0,6.0,5.0,14.0,7.254545454545455,2.1101007683343593,-1.0,0,0,57,False
OCO,31,Haas,Abu Dhabi Grand Prix,2025,Yas Marina,9.0,7.0,3.0,17.0,9.018181818181818,2.825091995164898,2.0,0,0,57,False
HAM,44,Ferrari,Abu Dhabi Grand Prix,2025,Yas Marina,14.0,8.0,8.0,18.0,11.245283018867925,3.3564270172619723,6.0,0,0,57,False
HUL,27,Kick Sauber,Abu Dhabi Grand Prix,2025,Yas Marina,18.0,12.0,10.0,19.0,14.245283018867925,3.0816183334370475,6.0,0,0,57,False
STR,18,Aston Martin,Abu Dhabi Grand Prix,2025,Yas Marina,16.0,10.0,6.0,16.0,10.50909090909091,3.999410731006031,6.0,0,0,57,False
BOR,5,Kick Sauber,Abu Dhabi Grand Prix,2025,Yas Marina,7.0,11.0,7.0,15.0,9.581818181818182,2.1142454138613305,-4.0,0,0,57,False
BEA,87,Haas,Abu Dhabi Grand Prix,2025,Yas Marina,12.0,9.0,8.0,18.0,11.818181818181818,2.8744784331468307,3.0,0,0,57,False
SAI,55,Williams,Abu Dhabi Grand Prix,2025,Yas Marina,13.0,13.0,7.0,18.0,13.2,2.467567403109566,0.0,0,0,57,False
TSU,22,Red Bull Racing,Abu Dhabi Grand Prix,2025,Yas Marina,10.0,14.0,3.0,17.0,10.090909090909092,4.1377786457484795,-4.0,0,0,57,False
ANT,12,Mercedes,Abu Dhabi Grand Prix,2025,Yas Marina,17.0,15.0,8.0,19.0,13.781818181818181,3.408545410902108,2.0,0,0,57,False
ALB,23,Williams,Abu Dhabi Grand Prix,2025,Yas Marina,15.0,16.0,13.0,20.0,16.245283018867923,2.138526275241528,-1.0,0,0,57,False
HAD,6,Racing Bulls,Abu Dhabi Grand Prix,2025,Yas Marina,8.0,17.0,8.0,17.0,13.277777777777779,3.2587569494127533,-9.0,0,0,56,False
LAW,30,Racing Bulls,Abu Dhabi Grand Prix,2025,Yas Marina,11.0,18.0,5.0,20.0,15.148148148148149,4.565694092213773,-7.0,0,0,56,False
GAS,10,Alpine,Abu Dhabi Grand Prix,2025,Yas Marina,19.0,19.0,14.0,20.0,17.98076923076923,1.5401856854617748,0.0,0,0,56,False
COL,43,Alpine,Abu Dhabi Grand Prix,2025,Yas Marina,20.0,20.0,15.0,20.0,18.903846153846153,1.4853482510332927,0.0,0,0,56,False
